ID,Indice,Race,Ethnicity,Weight_Score,Build_Score,Height_cm,Weight_kg,Size_Score,Balance,Speed,Coordination,Precision,Endurance,Regeneration,Vigilance,Beauty,Stealth,Grappling,Melee,Projectiles,Fencing,Combat_Points,Magic,Magic_Type,Magic_Subtype,Magic_Description,Skill_Points,Skill_Bonus,Special
CH-00001,1,Humain,Calishites,-7,8,145.5,48.9,-4,-9,-1,9,-2,0,-9,0,0,1,-10,-6,-2,-3,-12.3,YES,Magicien,Magie savante,Magicien classique (étude et formules),15.5,14.996,Aucun
CH-00002,7,Humain,Tethyrians,-3,-5,163.5,59.1,-1,3,-2,7,4,0,2,-7,4,8,-2,-1,4,0,4.34,NO,Non-magique,,Aucun talent magique détecté,59.9,28.193,Aucun
CH-00003,131,Humain,Raumviriens,-1,10,161.5,64.9,-2,2,-6,-3,3,3,6,-2,4,0,0,-2,3,-4,0.4,NO,Non-magique,,Aucun talent magique détecté,64.8,29.032,Aucun
CH-00004,15,Nain,Nain d'écu,8,17,186.5,99.0,2,-3,-11,-5,-1,7,11,7,-4,-10,7,3,-1,2,21.55,NO,Non-magique,,Aucun talent magique détecté,38.2,23.499,Vision dans le noir + robustesse naine
CH-00005,3,Humain,Damarans,0,-3,171.7,68.0,0,-4,1,4,-4,2,9,-5,-4,-1,-1,0,-4,1,-2.64,YES,Théurgiste,Théurgie,Théurgiste (magie divine / invocation),-1.6,0.0,Aucun
CH-00006,2,Humain,Chondathans,-7,-4,151.3,48.9,-3,0,-5,0,12,-6,1,1,-6,3,-7,-5,12,-5,22.34,NO,Non-magique,,Aucun talent magique détecté,51.7,26.634,Aucun
CH-00007,129,Humain,Lapalis,2,2,175.3,74.7,0,2,1,4,-5,-1,-5,2,5,3,3,1,-5,1,3.57,NO,Non-magique,,Aucun talent magique détecté,62.4,28.636,Aucun
CH-00008,15,Nain,Nain d'écu,-4,22,147.0,56.3,-3,-3,5,-2,-5,8,1,1,-8,-2,-5,-5,-5,-5,-12.36,YES,Magicien,Magie savante,Magicien classique (étude et formules),6.2,8.323,Vision dans le noir + robustesse naine
CH-00009,33,Elfe,Elfe du soleil,-3,3,159.3,59.1,-2,-4,1,5,-1,-5,-2,2,2,1,-4,-3,-1,-2,-7.42,YES,Magicien,Magie savante,Magicien classique (étude et formules),7.1,9.229,Transe + Vision nocturne
CH-00010,21,Demi-elfe,Demi-elfe des bois,-5,6,152.0,53.8,-3,-1,0,10,2,4,7,4,9,7,-5,-3,2,-2,-4.23,YES,Théurgiste,Théurgie,Théurgiste (magie divine / invocation),-17.3,0.0,Immunité sommeil + Vision nocturne
CH-00011,32,Elfe,Elfe noir,-7,4,147.4,48.9,-3,6,6,3,4,-9,0,10,4,10,-5,-4,4,-4,-1.41,YES,Théurgiste,Théurgie,Théurgiste (magie divine / invocation),-17.9,0.0,"Sorts innés (Darkness, Faerie Fire) + Vision nocturne supérieure"
CH-00012,9,Humain,Turami,0,-3,171.7,68.0,0,3,7,4,0,6,-1,-4,2,4,1,1,0,1,3.0,NO,Non-magique,,Aucun talent magique détecté,56.8,27.627,Aucun
CH-00013,4,Humain,Illuskans,0,5,167.3,68.0,-1,-2,7,2,-3,7,1,4,-5,-1,-1,-1,-3,-1,-5.16,YES,Théurgiste,Théurgie,Théurgiste (magie divine / invocation),-5.0,0.0,Aucun
CH-00014,2,Humain,Chondathans,-1,-3,168.5,64.9,-1,-2,-8,-3,1,3,-2,3,3,-3,-2,-2,1,-3,-4.4,YES,Théurgiste,Théurgie,Théurgiste (magie divine / invocation),4.4,6.494,Aucun
CH-00015,15,Nain,Nain d'écu,8,20,184.7,99.0,1,-1,-5,4,5,10,0,6,-6,-3,8,5,5,4,44.38,NO,Non-magique,,Aucun talent magique détecté,19.4,16.983,Vision dans le noir + robustesse naine
CH-00016,3,Humain,Damarans,3,-4,182.1,78.3,1,5,7,-5,2,5,7,-5,2,-1,5,2,2,-1,13.8,NO,Non-magique,,Aucun talent magique détecté,44.7,25.113,Aucun
CH-00017,90,Halfelin,Lightfoot,-11,2,137.8,40.5,-5,-2,1,-2,0,3,-9,7,-5,2,-12,-9,0,-9,-15.01,YES,Sauvage,Sorcier,Magie sauvage - Sorcier,12.0,12.945,Furtivité naturelle
CH-00018,4,Humain,Illuskans,6,4,187.5,90.2,2,3,-1,-7,-4,1,3,8,-1,-5,7,3,-4,0,17.27,NO,Non-magique,,Aucun talent magique détecté,47.7,25.777,Aucun
CH-00019,2,Humain,Chondathans,-7,2,148.4,48.9,-3,5,1,2,-6,5,2,3,-2,8,-5,-4,-6,-5,-12.33,YES,Magicien,Magie savante,Magicien classique (étude et formules),0.9,1.576,Aucun
CH-00020,1,Humain,Calishites,-1,2,165.8,64.9,-1,-4,4,-2,2,-1,2,-2,-3,-4,-2,-2,2,-3,-2.76,YES,Théurgiste,Théurgie,Théurgiste (magie divine / invocation),3.7,5.682,Aucun
CH-00021,90,Halfelin,Lightfoot,-8,2,145.7,46.7,-4,1,3,3,3,5,3,3,1,6,-8,-6,3,-5,-6.23,YES,Théurgiste,Théurgie,Théurgiste (magie divine / invocation),-6.7,0.0,Furtivité naturelle
CH-00022,11,Humain,Sossrim,4,0,183.1,82.1,1,-3,0,1,5,8,0,2,-1,-4,3,2,5,2,19.46,NO,Non-magique,,Aucun talent magique détecté,45.8,25.361,Aucun
CH-00023,138,Humain,Uthgardt,-4,3,156.3,56.3,-2,-2,3,-1,5,3,4,1,-2,-1,-5,-4,5,-4,1.15,NO,Non-magique,,Aucun talent magique détecté,63.8,28.874,Aucun
CH-00024,2,Humain,Chondathans,2,3,174.7,74.7,0,1,2,7,6,-4,0,-3,1,4,2,2,6,2,20.21,NO,Non-magique,,Aucun talent magique détecté,48.8,26.022,Aucun
CH-00025,39,Gnome,Gnome des roches,-18,13,116.8,29.2,-7,-4,5,6,4,2,8,-5,-6,9,-19,-13,4,-10,-11.92,YES,Magicien,Magie savante,Magicien classique (étude et formules),-0.6,0.0,Affinité illusion
CH-00026,4,Humain,Illuskans,13,5,212.7,125.3,5,2,-1,-2,1,-3,1,-5,-2,-7,14,9,1,7,78.15,NO,Non-magique,,Aucun talent magique détecté,-1.1,0.0,Aucun
CH-00027,16,Nain,Nain d'or,1,14,165.5,71.3,-1,-5,-10,2,2,4,8,0,0,-4,-1,-1,2,-1,-0.36,YES,Théurgiste,Théurgie,Théurgiste (magie divine / invocation),-2.7,0.0,Vision dans le noir + robustesse naine
CH-00028,31,Elfe,Elfe de la lune,-6,6,149.2,51.3,-3,5,4,7,2,1,3,-7,5,11,-4,-3,2,-3,-4.32,YES,Théurgiste,Théurgie,Théurgiste (magie divine / invocation),-10.2,0.0,Transe + Vision nocturne
CH-00029,138,Humain,Uthgardt,4,6,179.5,82.1,1,-2,1,-2,-1,10,5,-2,-2,-5,3,1,-1,1,5.66,NO,Non-magique,,Aucun talent magique détecté,56.5,27.578,Aucun
CH-00030,7,Humain,Tethyrians,-2,-1,164.4,61.9,-1,5,-9,0,6,-3,4,0,-6,5,0,-1,6,-2,9.67,NO,Non-magique,,Aucun talent magique détecté,61.7,28.506,Aucun
CH-00031,16,Nain,Nain d'or,1,22,161.2,71.3,-2,2,-3,-5,9,-2,4,0,0,-2,2,-2,9,-4,20.05,NO,Non-magique,,Aucun talent magique détecté,50.7,26.433,Vision dans le noir + robustesse naine
CH-00032,9,Humain,Turami,3,2,178.5,78.3,1,-6,-3,2,10,5,2,-3,-4,-6,1,1,10,1,28.12,NO,Non-magique,,Aucun talent magique détecté,44.4,25.042,Aucun
CH-00033,15,Nain,Nain d'écu,6,24,175.7,90.2,0,0,-5,1,0,6,6,2,-1,-3,6,3,0,1,17.95,NO,Non-magique,,Aucun talent magique détecté,46.9,25.601,Vision dans le noir + robustesse naine
CH-00034,127,Humain,Imaskari,1,6,169.8,71.3,-1,3,1,7,8,-3,-5,-3,5,6,2,1,8,1,23.02,NO,Non-magique,,Aucun talent magique détecté,44.1,24.958,Aucun
CH-00035,3,Humain,Damarans,3,4,177.4,78.3,0,0,1,1,4,0,2,-4,-1,-1,3,1,4,0,12.62,NO,Non-magique,,Aucun talent magique détecté,58.4,27.93,Aucun
CH-00036,138,Humain,Uthgardt,-1,-1,167.4,64.9,-1,-7,0,1,0,1,2,-4,-2,-5,-3,-2,0,-2,-5.4,YES,Théurgiste,Théurgie,Théurgiste (magie divine / invocation),8.5,10.382,Aucun
CH-00037,7,Humain,Tethyrians,1,0,173.2,71.3,0,1,3,1,0,-5,9,-4,8,0,1,0,0,0,1.0,NO,Non-magique,,Aucun talent magique détecté,58.3,27.908,Aucun
CH-00038,11,Humain,Sossrim,-2,-5,166.5,61.9,-1,2,-5,-1,4,2,0,2,-4,2,-1,-2,4,-3,2.18,NO,Non-magique,,Aucun talent magique détecté,68.3,29.603,Aucun
CH-00039,7,Humain,Tethyrians,-1,7,163.1,64.9,-1,0,5,0,-5,0,1,-1,-4,0,-1,-1,-5,-2,-6.71,YES,Théurgiste,Théurgie,Théurgiste (magie divine / invocation),5.2,7.362,Aucun
CH-00040,5,Humain,Mulan,0,4,167.8,68.0,-1,-8,2,4,-2,8,-7,1,-2,-4,-3,-2,-2,0,-5.4,YES,Théurgiste,Théurgie,Théurgiste (magie divine / invocation),3.3,5.119,Aucun
CH-00041,116,Humain,Talfir,7,-3,195.4,94.5,3,4,1,-2,-3,0,0,4,2,-2,8,5,-3,3,30.4,NO,Non-magique,,Aucun talent magique détecté,36.5,23.022,Aucun
CH-00042,7,Humain,Tethyrians,-5,3,153.5,53.8,-3,6,4,1,-2,-1,1,2,-4,7,-3,-3,-2,-5,-9.03,YES,Magicien,Magie savante,Magicien classique (étude et formules),2.3,3.812,Aucun
CH-00043,2,Humain,Chondathans,-3,0,160.8,59.1,-2,-1,-4,1,-6,7,-5,0,0,1,-3,-3,-6,-3,-9.99,YES,Magicien,Magie savante,Magicien classique (étude et formules),8.4,10.288,Aucun
CH-00044,3,Humain,Damarans,8,-6,201.0,99.0,3,-2,0,-2,4,-1,7,7,-3,-7,7,4,4,4,36.13,NO,Non-magique,,Aucun talent magique détecté,28.6,20.628,Aucun
CH-00045,42,Demi-orc,Mountain Orc,9,8,195.6,103.8,3,-2,8,0,-5,3,8,2,1,-7,8,5,-5,5,34.33,NO,Non-magique,,Aucun talent magique détecté,23.3,18.652,Aucun
CH-00046,5,Humain,Mulan,10,2,203.2,108.8,4,-1,5,0,2,3,-4,5,4,-6,10,6,2,6,52.34,NO,Non-magique,,Aucun talent magique détecté,11.3,12.43,Aucun
CH-00047,7,Humain,Tethyrians,0,-4,172.2,68.0,0,0,-1,6,-3,4,-5,-1,-2,3,0,1,-3,2,1.48,NO,Non-magique,,Aucun talent magique détecté,68.3,29.611,Aucun
CH-00048,99,Humain,Nubari,5,-2,187.7,86.0,2,5,0,1,2,0,-4,4,3,2,7,4,2,3,29.51,NO,Non-magique,,Aucun talent magique détecté,36.9,23.152,Aucun
CH-00049,7,Humain,Tethyrians,3,5,176.8,78.3,0,-2,2,4,4,5,-5,0,1,-1,2,1,4,1,11.6,NO,Non-magique,,Aucun talent magique détecté,56.1,27.502,Aucun
CH-00050,5,Humain,Mulan,-1,3,165.3,64.9,-1,2,0,-5,-3,-3,6,6,-1,-1,0,-2,-3,-4,-6.42,YES,Théurgiste,Théurgie,Théurgiste (magie divine / invocation),0.8,1.412,Aucun
CH-00051,2,Humain,Chondathans,-4,5,155.3,56.3,-2,-3,-2,-2,-7,5,-3,-2,6,-2,-5,-4,-7,-4,-12.27,YES,Magicien,Magie savante,Magicien classique (étude et formules),9.3,10.986,Aucun
CH-00052,130,Humain,Nar,4,5,180.1,82.1,1,5,4,3,-1,-1,4,-5,-1,3,6,3,-1,3,20.61,NO,Non-magique,,Aucun talent magique détecté,45.8,25.37,Aucun
CH-00053,2,Humain,Chondathans,3,4,177.4,78.3,0,-3,-6,4,3,4,0,-1,-3,-2,2,1,3,1,9.3,NO,Non-magique,,Aucun talent magique détecté,63.4,28.809,Aucun
CH-00054,1,Humain,Calishites,5,-1,187.1,86.0,2,3,7,2,3,3,-7,-2,-4,1,6,4,3,3,28.57,NO,Non-magique,,Aucun talent magique détecté,39.6,23.87,Aucun
CH-00055,7,Humain,Tethyrians,0,1,169.4,68.0,-1,3,3,-5,-1,-2,3,-2,4,-1,1,-1,-1,-3,-3.16,YES,Théurgiste,Théurgie,Théurgiste (magie divine / invocation),-0.4,0.0,Aucun
CH-00056,2,Humain,Chondathans,2,0,176.4,74.7,0,-5,5,-6,0,3,5,1,-5,-9,0,-1,0,-2,-2.62,YES,Théurgiste,Théurgie,Théurgiste (magie divine / invocation),-0.7,0.0,Aucun
CH-00057,18,Nain,Nain arctique,3,19,168.9,78.3,-1,3,-2,-7,7,-6,-2,5,-8,-4,4,0,7,-4,19.57,NO,Non-magique,,Aucun talent magique détecté,56.2,27.516,Vision dans le noir + robustesse naine
CH-00058,7,Humain,Tethyrians,-2,4,161.7,61.9,-2,0,-4,-4,-3,7,-8,2,3,-2,-2,-3,-3,-5,-9.03,YES,Magicien,Magie savante,Magicien classique (étude et formules),6.9,9.028,Aucun
CH-00059,138,Humain,Uthgardt,0,11,164.0,68.0,-1,-2,0,4,2,6,4,0,6,0,-1,-1,2,0,0.64,NO,Non-magique,,Aucun talent magique détecté,58.9,28.021,Aucun
CH-00060,34,Elfe,Elfe sauvage,0,0,170.0,68.0,0,5,10,0,-1,8,7,1,-4,4,2,0,-1,0,1.64,NO,Non-magique,,Aucun talent magique détecté,48.4,25.93,Transe + Vision nocturne
CH-00061,2,Humain,Chondathans,1,3,171.5,71.3,0,-3,-3,1,0,-1,6,3,-1,-3,0,0,0,0,0.0,YES,Théurgiste,Théurgie,Théurgiste (magie divine / invocation),-2.1,0.0,Aucun
CH-00062,15,Nain,Nain d'écu,-2,21,153.0,61.9,-3,2,-1,3,5,-6,5,4,6,4,-1,-2,5,-3,4.74,NO,Non-magique,,Aucun talent magique détecté,56.1,27.497,Vision dans le noir + robustesse naine
CH-00063,30,Elfe,Elfe des bois,-8,-3,148.0,46.7,-3,1,10,6,-5,-4,9,-1,4,8,-8,-5,-5,-3,-12.63,YES,Magicien,Magie savante,Magicien classique (étude et formules),-8.4,0.0,Transe + Vision nocturne
CH-00064,76,Autre,Gray Orc,1,-6,176.6,71.3,0,6,8,-8,4,3,2,-1,-2,-1,3,0,4,-3,9.46,NO,Non-magique,,Aucun talent magique détecté,53.8,27.042,Aucun
CH-00065,2,Humain,Chondathans,6,2,188.7,90.2,2,2,-1,8,0,-2,3,-3,-5,3,7,5,0,5,34.29,NO,Non-magique,,Aucun talent magique détecté,37.1,23.192,Aucun
CH-00066,138,Humain,Uthgardt,3,-2,180.9,78.3,1,3,6,-1,-6,6,-2,-2,-7,0,4,2,-6,0,6.09,NO,Non-magique,,Aucun talent magique détecté,60.5,28.298,Aucun
CH-00067,21,Demi-elfe,Demi-elfe des bois,-2,3,162.2,61.9,-1,4,7,-7,3,-3,8,2,8,0,-1,-3,3,-5,-1.59,YES,Théurgiste,Théurgie,Théurgiste (magie divine / invocation),-14.7,0.0,Immunité sommeil + Vision nocturne
CH-00068,1,Humain,Calishites,-6,2,151.1,51.3,-3,0,3,-6,-9,9,5,-2,-2,-1,-6,-6,-9,-7,-15.58,YES,Double,Magicien & Théurgiste,Double talent : Magicien + Théurgiste,6.1,8.282,Aucun
CH-00069,125,Humain,Gûr,6,-3,191.8,90.2,2,1,8,-4,-3,5,-1,-2,5,-5,6,3,-3,1,15.79,NO,Non-magique,,Aucun talent magique détecté,45.5,25.296,Aucun
CH-00070,1,Humain,Calishites,-7,7,146.0,48.9,-3,-6,-5,0,2,2,-3,-4,-1,-2,-9,-6,2,-5,-8.62,YES,Magicien,Magie savante,Magicien classique (étude et formules),14.1,14.219,Aucun
CH-00071,2,Humain,Chondathans,4,4,180.7,82.1,1,-5,2,-3,1,-3,-3,3,2,-8,2,1,1,1,5.64,NO,Non-magique,,Aucun talent magique détecté,66.1,29.243,Aucun
CH-00072,6,Humain,Rashemi,0,5,167.3,68.0,-1,-4,-8,-1,-2,-6,7,-5,1,-4,-1,-2,-2,-2,-5.86,YES,Théurgiste,Théurgie,Théurgiste (magie divine / invocation),9.6,11.252,Aucun
CH-00073,99,Humain,Nubari,5,-8,191.4,86.0,2,-8,7,0,-6,-7,3,1,-4,-9,2,2,-6,3,6.43,NO,Non-magique,,Aucun talent magique détecté,64.0,28.91,Aucun
CH-00074,21,Demi-elfe,Demi-elfe des bois,1,-2,174.3,71.3,0,-1,5,4,5,-2,-4,-4,4,1,1,0,5,1,11.52,NO,Non-magique,,Aucun talent magique détecté,56.7,27.614,Immunité sommeil + Vision nocturne
CH-00075,18,Nain,Nain arctique,0,25,156.7,68.0,-2,0,0,0,-9,1,2,-3,-4,0,0,-1,-9,-2,-7.28,YES,Magicien,Magie savante,Magicien classique (étude et formules),8.7,10.555,Vision dans le noir + robustesse naine
CH-00076,12,Halfelin,Strongheart,-20,10,113.7,26.6,-8,7,3,6,0,3,3,-2,0,19,-18,-12,0,-11,-18.61,YES,Sauvage,Psionique,Magie sauvage - Psionique,-9.8,0.0,Robustesse halfeline
CH-00077,2,Humain,Chondathans,-5,1,154.5,53.8,-2,0,0,5,-9,-8,-2,3,2,5,-5,-3,-9,-3,-12.07,YES,Magicien,Magie savante,Magicien classique (étude et formules),9.9,11.492,Aucun
CH-00078,3,Humain,Damarans,9,2,199.5,103.8,3,-3,-5,0,-2,-2,2,0,-4,-7,8,5,-2,5,35.8,NO,Non-magique,,Aucun talent magique détecté,40.5,24.096,Aucun
CH-00079,4,Humain,Illuskans,0,2,168.9,68.0,-1,2,4,1,-1,8,-7,-2,0,2,1,-1,-1,-1,-2.0,YES,Théurgiste,Théurgie,Théurgiste (magie divine / invocation),-3.8,0.0,Aucun
CH-00080,35,Elfe,Elfe de la mer,-3,1,160.3,59.1,-2,7,0,0,0,9,-2,7,3,7,-1,-2,0,-3,-4.78,YES,Théurgiste,Théurgie,Théurgiste (magie divine / invocation),-12.7,0.0,Respiration aquatique + Transe + Vision nocturne
CH-00081,35,Elfe,Elfe de la mer,-6,-1,152.6,51.3,-3,4,5,4,1,2,-2,-7,4,8,-5,-4,1,-4,-7.37,YES,Magicien,Magie savante,Magicien classique (étude et formules),-1.6,0.0,Respiration aquatique + Transe + Vision nocturne
CH-00082,138,Humain,Uthgardt,3,4,177.4,78.3,0,0,-4,-3,4,3,0,8,-1,-4,3,1,4,-1,11.62,NO,Non-magique,,Aucun talent magique détecté,54.7,27.234,Aucun
CH-00083,2,Humain,Chondathans,0,9,165.1,68.0,-1,3,-3,1,3,0,4,3,1,3,1,0,3,-1,4.66,NO,Non-magique,,Aucun talent magique détecté,60.2,28.254,Aucun
CH-00084,2,Humain,Chondathans,8,0,197.1,99.0,3,-1,4,-2,0,-1,2,1,-4,-6,8,5,0,4,34.86,NO,Non-magique,,Aucun talent magique détecté,35.7,22.804,Aucun
CH-00085,61,Autre,Abbalaya,0,-1,170.6,68.0,0,-1,-1,0,7,-1,-2,4,-2,-1,0,-1,7,0,14.25,NO,Non-magique,,Aucun talent magique détecté,56.7,27.6,Aucun
CH-00086,2,Humain,Chondathans,1,4,170.9,71.3,0,-2,-4,-3,1,4,-2,-2,0,-4,0,-1,1,-1,-1.0,YES,Théurgiste,Théurgie,Théurgiste (magie divine / invocation),3.9,5.898,Aucun
CH-00087,2,Humain,Chondathans,5,4,184.1,86.0,1,-1,0,-2,0,-2,-3,-1,-2,-5,5,2,0,1,13.16,NO,Non-magique,,Aucun talent magique détecté,62.6,28.671,Aucun
CH-00088,138,Humain,Uthgardt,4,-8,187.9,82.1,2,5,-8,0,1,0,9,-3,-1,2,6,3,1,3,22.61,NO,Non-magique,,Aucun talent magique détecté,44.2,24.987,Aucun
CH-00089,2,Humain,Chondathans,4,-2,184.3,82.1,1,-3,6,4,10,3,8,-1,-3,-3,3,2,10,3,37.08,NO,Non-magique,,Aucun talent magique détecté,24.5,19.141,Aucun
CH-00090,3,Humain,Damarans,-1,1,166.3,64.9,-1,0,1,-2,-4,9,4,-1,9,-1,-1,-2,-4,-3,-7.42,YES,Magicien,Magie savante,Magicien classique (étude et formules),-8.4,0.0,Aucun
CH-00091,1,Humain,Calishites,-2,4,161.7,61.9,-2,-5,5,-4,0,3,4,-2,5,-6,-4,-4,0,-5,-8.37,YES,Magicien,Magie savante,Magicien classique (étude et formules),1.2,2.108,Aucun
CH-00092,2,Humain,Chondathans,2,6,173.0,74.7,0,-2,-1,6,10,2,5,9,1,0,1,1,10,2,29.76,NO,Non-magique,,Aucun talent magique détecté,29.0,20.753,Aucun
CH-00093,138,Humain,Uthgardt,12,-3,214.4,119.5,5,-4,-1,-2,-5,12,10,3,-2,-11,11,7,-5,7,56.11,NO,Non-magique,,Aucun talent magique détecté,-1.5,0.0,Aucun
CH-00094,2,Humain,Chondathans,9,5,197.6,103.8,3,1,-2,-3,-2,1,-7,8,2,-6,9,5,-2,4,36.53,NO,Non-magique,,Aucun talent magique détecté,32.0,21.718,Aucun
CH-00095,2,Humain,Chondathans,1,-3,174.9,71.3,0,-2,6,-3,3,-2,2,1,-1,-4,0,-1,3,-1,2.66,NO,Non-magique,,Aucun talent magique détecté,64.9,29.047,Aucun
CH-00096,12,Halfelin,Strongheart,-14,6,128.7,35.2,-6,7,5,1,-11,1,6,-2,8,13,-12,-9,-11,-10,-20.72,YES,Double,Magicien & Théurgiste,Double talent : Magicien + Théurgiste,-4.0,0.0,Robustesse halfeline
CH-00097,15,Nain,Nain d'écu,5,20,174.7,86.0,0,-4,0,3,5,-3,3,7,-4,-4,4,2,5,2,21.76,NO,Non-magique,,Aucun talent magique détecté,46.4,25.502,Vision dans le noir + robustesse naine
CH-00098,2,Humain,Chondathans,-1,4,164.7,64.9,-1,-7,2,1,-3,6,2,-7,7,-5,-3,-2,-3,-2,-7.56,YES,Magicien,Magie savante,Magicien classique (étude et formules),1.2,2.201,Aucun
CH-00099,8,Humain,Chultan,3,0,179.7,78.3,1,-2,2,-1,1,9,3,-1,0,-4,2,1,1,0,4.64,NO,Non-magique,,Aucun talent magique détecté,57.8,27.817,Aucun
CH-00100,16,Nain,Nain d'or,7,21,180.7,94.5,1,3,-9,-2,1,0,11,6,1,-3,8,4,1,1,27.34,NO,Non-magique,,Aucun talent magique détecté,33.4,22.145,Vision dans le noir + robustesse naine
CH-00101,138,Humain,Uthgardt,5,0,186.5,86.0,2,0,-6,4,-1,5,-2,4,-8,-1,5,4,-1,4,22.44,NO,Non-magique,,Aucun talent magique détecté,48.7,26.009,Aucun
CH-00102,31,Elfe,Elfe de la lune,2,0,176.4,74.7,0,3,1,7,7,-3,0,-1,4,5,3,2,7,2,25.19,NO,Non-magique,,Aucun talent magique détecté,40.5,24.093,Transe + Vision nocturne
CH-00103,7,Humain,Tethyrians,6,4,187.5,90.2,2,0,5,-1,-1,-2,0,3,1,-4,6,3,-1,2,18.59,NO,Non-magique,,Aucun talent magique détecté,48.6,25.985,Aucun
CH-00104,5,Humain,Mulan,4,2,181.9,82.1,1,3,3,1,0,3,4,-1,-6,1,5,3,0,2,16.82,NO,Non-magique,,Aucun talent magique détecté,49.6,26.197,Aucun
CH-00105,1,Humain,Calishites,4,5,180.1,82.1,1,-1,0,4,-1,-6,5,-1,5,-1,4,3,-1,3,15.28,NO,Non-magique,,Aucun talent magique détecté,51.7,26.637,Aucun
CH-00106,39,Gnome,Gnome des roches,-10,3,139.9,42.5,-4,-1,2,7,5,-4,8,1,-3,8,-10,-6,5,-5,-2.09,YES,Théurgiste,Théurgie,Théurgiste (magie divine / invocation),-8.2,0.0,Affinité illusion
CH-00107,123,Humain,Arkaiuns,-2,4,161.7,61.9,-2,0,-4,-2,-4,0,2,-1,0,-1,-2,-3,-4,-4,-9.06,YES,Magicien,Magie savante,Magicien classique (étude et formules),10.7,12.011,Aucun
CH-00108,30,Elfe,Elfe des bois,-4,4,155.8,56.3,-2,1,1,0,1,3,1,3,1,2,-4,-3,1,-3,-5.96,YES,Théurgiste,Théurgie,Théurgiste (magie divine / invocation),-0.2,0.0,Transe + Vision nocturne
CH-00109,138,Humain,Uthgardt,-1,8,162.6,64.9,-1,1,-1,-4,2,4,2,8,0,-2,-1,-2,2,-4,-2.62,YES,Théurgiste,Théurgie,Théurgiste (magie divine / invocation),-5.3,0.0,Aucun
CH-00110,8,Humain,Chultan,4,3,181.3,82.1,1,1,-7,4,4,7,0,3,-8,1,4,3,4,3,23.24,NO,Non-magique,,Aucun talent magique détecté,45.3,25.237,Aucun
CH-00111,1,Humain,Calishites,-4,-1,158.4,56.3,-2,1,-3,-1,4,5,10,7,-1,2,-4,-3,4,-4,-0.48,YES,Théurgiste,Théurgie,Théurgiste (magie divine / invocation),-14.9,0.0,Aucun
CH-00112,2,Humain,Chondathans,-6,2,151.1,51.3,-3,-2,-2,1,5,-3,9,5,-7,2,-7,-5,5,-5,-0.56,YES,Théurgiste,Théurgie,Théurgiste (magie divine / invocation),-5.6,0.0,Aucun
CH-00113,4,Humain,Illuskans,5,-7,190.8,86.0,2,-5,0,-6,-2,-3,-2,-7,3,-11,3,1,-2,1,5.04,NO,Non-magique,,Aucun talent magique détecté,71.8,30.152,Aucun
CH-00114,49,Autre,Protector Aasimar,3,3,178.0,78.3,1,5,2,-1,-1,-4,0,0,3,1,5,2,-1,0,11.16,NO,Non-magique,,Aucun talent magique détecté,57.2,27.697,Lumière sacrée
CH-00115,98,Elfe,N-Tel-Quess,-4,-2,158.9,56.3,-2,5,4,3,5,3,4,2,5,7,-2,-2,5,-2,4.66,NO,Non-magique,,Aucun talent magique détecté,49.6,26.187,Magie ancienne
CH-00116,7,Humain,Tethyrians,0,3,168.3,68.0,-1,2,4,2,-6,-9,-2,10,0,2,1,0,-6,-1,-3.51,YES,Théurgiste,Théurgie,Théurgiste (magie divine / invocation),-3.9,0.0,Aucun
CH-00117,138,Humain,Uthgardt,5,3,184.7,86.0,1,1,-3,-5,0,8,9,9,-2,-5,5,2,0,0,12.16,NO,Non-magique,,Aucun talent magique détecté,42.6,24.604,Aucun
CH-00118,3,Humain,Damarans,2,5,173.6,74.7,0,2,6,0,-1,-5,-3,6,-8,0,3,1,-1,0,4.66,NO,Non-magique,,Aucun talent magique détecté,63.7,28.86,Aucun
CH-00119,132,Humain,Shaaryens,-3,5,158.2,59.1,-2,-1,9,1,-5,5,1,0,-2,1,-3,-3,-5,-3,-9.57,YES,Magicien,Magie savante,Magicien classique (étude et formules),-0.6,0.0,Aucun
CH-00120,116,Humain,Talfir,1,-2,174.3,71.3,0,2,-3,4,1,9,-4,1,-1,3,2,1,1,1,5.64,NO,Non-magique,,Aucun talent magique détecté,58.8,27.987,Aucun
CH-00121,7,Humain,Tethyrians,1,-3,174.9,71.3,0,-2,-4,-1,-5,1,7,4,2,-3,0,0,-5,-1,-4.09,YES,Théurgiste,Théurgie,Théurgiste (magie divine / invocation),-1.8,0.0,Aucun
CH-00122,2,Humain,Chondathans,4,0,183.1,82.1,1,-3,3,0,-1,-2,4,-3,-1,-5,3,2,-1,2,8.94,NO,Non-magique,,Aucun talent magique détecté,61.7,28.517,Aucun
CH-00123,131,Humain,Raumviriens,-4,3,156.3,56.3,-2,8,0,1,0,3,4,1,-2,9,-1,-2,0,-3,-4.78,YES,Théurgiste,Théurgie,Théurgiste (magie divine / invocation),-5.9,0.0,Aucun
CH-00124,9,Humain,Turami,7,-4,196.0,94.5,3,-1,4,-3,0,6,-2,-6,-1,-7,7,4,0,3,26.87,NO,Non-magique,,Aucun talent magique détecté,43.2,24.76,Aucun
CH-00125,138,Humain,Uthgardt,8,3,195.2,99.0,3,3,11,4,-4,7,3,-1,0,0,9,6,-4,6,43.61,NO,Non-magique,,Aucun talent magique détecté,11.0,12.235,Aucun
CH-00126,7,Humain,Tethyrians,-1,4,164.7,64.9,-1,-3,0,7,-4,4,7,-2,-1,2,-2,-1,-4,0,-5.26,YES,Théurgiste,Théurgie,Théurgiste (magie divine / invocation),-1.7,0.0,Aucun
CH-00127,15,Nain,Nain d'écu,7,11,186.7,94.5,2,-4,-1,3,2,4,-4,-1,-5,-5,6,4,2,4,28.85,NO,Non-magique,,Aucun talent magique détecté,45.6,25.311,Vision dans le noir + robustesse naine
CH-00128,116,Humain,Talfir,7,7,189.2,94.5,2,1,-6,0,-1,4,3,6,4,-3,7,4,-1,3,25.87,NO,Non-magique,,Aucun talent magique détecté,37.3,23.247,Aucun
CH-00129,116,Humain,Talfir,3,7,175.7,78.3,0,-1,-7,4,2,0,-1,-4,3,0,3,1,2,1,9.3,NO,Non-magique,,Aucun talent magique détecté,63.9,28.88,Aucun
CH-00130,125,Humain,Gûr,3,5,176.8,78.3,0,1,8,-1,-1,3,3,-1,-4,-2,3,1,-1,-1,3.66,NO,Non-magique,,Aucun talent magique détecté,60.2,28.24,Aucun
CH-00131,138,Humain,Uthgardt,-2,-5,166.5,61.9,-1,-1,4,0,-2,-1,2,1,-1,0,-2,-2,-2,-2,-6.48,YES,Théurgiste,Théurgie,Théurgiste (magie divine / invocation),3.4,5.262,Aucun
CH-00132,2,Humain,Chondathans,-2,-4,166.0,61.9,-1,-1,1,-2,0,-6,-6,9,3,-1,-2,-2,0,-3,-5.4,YES,Théurgiste,Théurgie,Théurgiste (magie divine / invocation),1.5,2.647,Aucun
CH-00133,16,Nain,Nain d'or,6,18,179.2,90.2,1,6,-4,1,0,-1,3,0,2,2,8,4,0,2,27.98,NO,Non-magique,,Aucun talent magique détecté,40.3,24.033,Vision dans le noir + robustesse naine
CH-00134,4,Humain,Illuskans,3,1,179.1,78.3,1,3,2,7,2,-5,4,0,1,5,4,3,2,3,18.92,NO,Non-magique,,Aucun talent magique détecté,45.9,25.384,Aucun
CH-00135,5,Humain,Mulan,0,6,166.7,68.0,-1,0,1,-2,-4,0,6,3,0,-2,0,-1,-4,-2,-5.26,YES,Théurgiste,Théurgie,Théurgiste (magie divine / invocation),-0.1,0.0,Aucun
CH-00136,15,Nain,Nain d'écu,0,21,158.8,68.0,-2,-5,6,1,-1,7,8,-1,2,-4,-2,-2,-1,-2,-5.86,YES,Théurgiste,Théurgie,Théurgiste (magie divine / invocation),-7.7,0.0,Vision dans le noir + robustesse naine
CH-00137,8,Humain,Chultan,4,4,180.7,82.1,1,5,4,-1,6,-3,12,0,5,1,6,3,6,1,30.24,NO,Non-magique,,Aucun talent magique détecté,24.3,19.064,Aucun
CH-00138,4,Humain,Illuskans,-3,1,160.3,59.1,-2,-1,2,1,-7,1,6,4,-5,1,-3,-3,-7,-3,-10.38,YES,Magicien,Magie savante,Magicien classique (étude et formules),3.9,5.843,Aucun
CH-00139,8,Humain,Chultan,8,-1,197.8,99.0,3,3,0,4,-2,9,8,4,-6,0,9,6,-2,6,44.63,NO,Non-magique,,Aucun talent magique détecté,12.6,13.311,Aucun
CH-00140,5,Humain,Mulan,2,-7,180.5,74.7,1,0,-1,3,1,2,5,-6,-4,0,2,2,1,2,8.92,NO,Non-magique,,Aucun talent magique détecté,61.4,28.459,Aucun
CH-00141,5,Humain,Mulan,1,-1,173.7,71.3,0,3,-9,0,-1,3,4,4,-2,1,2,1,-1,0,2.64,NO,Non-magique,,Aucun talent magique détecté,64.4,28.965,Aucun
CH-00142,138,Humain,Uthgardt,2,5,173.6,74.7,0,0,0,1,0,3,2,2,-7,-1,2,1,0,0,3.64,NO,Non-magique,,Aucun talent magique détecté,65.6,29.164,Aucun
CH-00143,7,Humain,Tethyrians,3,8,175.1,78.3,0,-4,1,1,-6,-3,-3,1,4,-5,2,1,-6,0,0.13,NO,Non-magique,,Aucun talent magique détecté,71.2,30.048,Aucun
CH-00144,125,Humain,Gûr,-6,-1,152.6,51.3,-3,0,-3,-2,-11,11,2,-1,4,1,-6,-5,-11,-6,-15.47,YES,Double,Magicien & Théurgiste,Double talent : Magicien + Théurgiste,4.0,5.953,Aucun
CH-00145,90,Halfelin,Lightfoot,-16,-2,127.3,32.1,-6,4,1,1,-4,1,-1,-4,0,11,-15,-11,-4,-10,-19.67,YES,Sauvage,Psionique,Magie sauvage - Psionique,11.5,12.621,Furtivité naturelle
CH-00146,8,Humain,Chultan,-7,0,149.3,48.9,-3,0,-3,-3,3,0,-4,-2,4,1,-7,-6,3,-6,-6.26,YES,Théurgiste,Théurgie,Théurgiste (magie divine / invocation),7.3,9.379,Aucun
CH-00147,21,Demi-elfe,Demi-elfe des bois,0,2,168.9,68.0,-1,1,-1,-1,3,-2,4,-2,3,0,0,-1,3,-2,2.04,NO,Non-magique,,Aucun talent magique détecté,66.2,29.259,Immunité sommeil + Vision nocturne
CH-00148,6,Humain,Rashemi,2,5,173.6,74.7,0,0,1,4,3,4,-2,-1,1,1,2,1,3,1,9.3,NO,Non-magique,,Aucun talent magique détecté,58.1,27.867,Aucun
CH-00149,50,Autre,Scourge Aasimar,7,-2,194.8,94.5,3,5,-4,2,10,4,-5,-5,2,1,9,6,10,4,66.04,NO,Non-magique,,Aucun talent magique détecté,5.8,7.927,Radiance consumante
CH-00150,4,Humain,Illuskans,5,2,185.3,86.0,1,-5,6,4,9,-2,-5,-1,3,-5,3,2,9,3,33.63,NO,Non-magique,,Aucun talent magique détecté,36.2,22.954,Aucun
CH-00151,7,Humain,Tethyrians,-10,-1,141.7,42.5,-4,0,0,1,-5,1,4,7,1,5,-10,-7,-5,-7,-15.9,YES,Double,Magicien & Théurgiste,Double talent : Magicien + Théurgiste,4.3,6.414,Aucun
CH-00152,2,Humain,Chondathans,-2,1,163.3,61.9,-1,-2,2,-2,2,4,-4,-3,6,-2,-3,-3,2,-3,-3.84,YES,Théurgiste,Théurgie,Théurgiste (magie divine / invocation),0.3,0.62,Aucun
CH-00153,8,Humain,Chultan,7,-3,195.4,94.5,3,-1,-2,3,-3,2,3,0,3,-3,7,5,-3,5,32.13,NO,Non-magique,,Aucun talent magique détecté,35.6,22.769,Aucun
CH-00154,138,Humain,Uthgardt,-1,5,164.2,64.9,-1,4,5,1,-4,-1,2,1,-1,4,0,-1,-4,-2,-5.26,YES,Théurgiste,Théurgie,Théurgiste (magie divine / invocation),-1.0,0.0,Aucun
CH-00155,2,Humain,Chondathans,9,-2,202.1,103.8,4,-3,-4,-3,7,5,-9,2,-1,-9,8,5,7,5,52.67,NO,Non-magique,,Aucun talent magique détecté,21.7,17.985,Aucun
CH-00156,1,Humain,Calishites,-2,-2,164.9,61.9,-1,-7,-6,1,-6,-5,-6,1,5,-5,-4,-3,-6,-2,-9.93,YES,Magicien,Magie savante,Magicien classique (étude et formules),15.2,14.833,Aucun
CH-00157,1,Humain,Calishites,-2,-1,164.4,61.9,-1,3,5,-4,-3,-4,6,-7,7,1,-1,-2,-3,-4,-7.42,YES,Magicien,Magie savante,Magicien classique (étude et formules),-0.7,0.0,Aucun
CH-00158,42,Demi-orc,Mountain Orc,0,3,168.3,68.0,-1,1,3,2,-4,-2,6,5,5,2,0,-1,-4,-1,-4.64,YES,Théurgiste,Théurgie,Théurgiste (magie divine / invocation),-7.6,0.0,Aucun
CH-00159,9,Humain,Turami,-5,-3,156.5,53.8,-2,-2,1,0,1,5,0,-1,-3,0,-6,-4,1,-4,-7.79,YES,Magicien,Magie savante,Magicien classique (étude et formules),5.9,8.076,Aucun
CH-00160,9,Humain,Turami,1,6,169.8,71.3,-1,7,4,-1,6,-6,0,0,-1,4,3,1,6,-2,16.33,NO,Non-magique,,Aucun talent magique détecté,51.7,26.629,Aucun
CH-00161,7,Humain,Tethyrians,-4,-5,160.5,56.3,-2,5,2,-1,1,1,3,-1,-3,5,-2,-3,1,-4,-5.42,YES,Théurgiste,Théurgie,Théurgiste (magie divine / invocation),0.7,1.289,Aucun
CH-00162,71,Autre,Fremlin,-13,-3,135.0,36.9,-5,4,3,7,4,2,1,11,3,13,-12,-8,4,-7,-6.92,YES,Théurgiste,Théurgie,Théurgiste (magie divine / invocation),-19.6,0.0,Sabotage + Furtivité
CH-00163,3,Humain,Damarans,1,0,173.2,71.3,0,2,1,-7,-2,-1,-2,3,-7,-4,2,-1,-2,-3,-2.14,YES,Théurgiste,Théurgie,Théurgiste (magie divine / invocation),5.7,7.869,Aucun
CH-00164,26,Demi-elfe,Demi-elfe de la mer,1,2,172.1,71.3,0,5,0,-1,9,-6,1,3,5,2,3,1,9,-1,26.33,NO,Non-magique,,Aucun talent magique détecté,39.5,23.835,Respiration aquatique + Immunité sommeil + Vision nocturne
CH-00165,26,Demi-elfe,Demi-elfe de la mer,-3,5,158.2,59.1,-2,5,7,1,-1,-5,4,3,3,6,-1,-2,-1,-3,-5.78,YES,Théurgiste,Théurgie,Théurgiste (magie divine / invocation),-6.9,0.0,Respiration aquatique + Immunité sommeil + Vision nocturne
CH-00166,3,Humain,Damarans,9,2,199.5,103.8,3,4,-2,-5,5,7,1,-6,-4,-5,10,5,5,3,48.82,NO,Non-magique,,Aucun talent magique détecté,22.9,18.5,Aucun
CH-00167,32,Elfe,Elfe noir,-8,1,146.1,46.7,-3,-1,-1,7,-2,2,2,1,-2,7,-8,-5,-2,-3,-11.16,YES,Magicien,Magie savante,Magicien classique (étude et formules),5.0,7.08,"Sorts innés (Darkness, Faerie Fire) + Vision nocturne supérieure"
CH-00168,31,Elfe,Elfe de la lune,-3,1,160.3,59.1,-2,8,2,-5,10,0,2,-1,1,4,0,-2,10,-5,20.41,NO,Non-magique,,Aucun talent magique détecté,44.9,25.153,Transe + Vision nocturne
CH-00169,5,Humain,Mulan,-10,3,139.9,42.5,-4,2,1,5,-9,-3,-3,6,-6,9,-9,-6,-9,-6,-16.34,YES,Double,Magicien & Théurgiste,Double talent : Magicien + Théurgiste,10.0,11.554,Aucun
CH-00170,125,Humain,Gûr,10,1,203.9,108.8,4,-3,0,0,-8,11,-1,9,-2,-8,9,6,-8,6,41.96,NO,Non-magique,,Aucun talent magique détecté,16.2,15.419,Aucun
CH-00171,1,Humain,Calishites,-3,-6,164.0,59.1,-1,-2,0,3,2,2,1,3,-2,1,-4,-2,2,-1,-2.62,YES,Théurgiste,Théurgie,Théurgiste (magie divine / invocation),-0.4,0.0,Aucun
CH-00172,7,Humain,Tethyrians,8,-2,198.4,99.0,3,-3,2,-2,-1,4,-3,0,-1,-8,7,4,-1,4,28.17,NO,Non-magique,,Aucun talent magique détecté,43.1,24.728,Aucun
CH-00173,8,Humain,Chultan,4,-1,183.7,82.1,1,2,-11,6,10,9,3,-8,-4,3,5,3,10,4,46.26,NO,Non-magique,,Aucun talent magique détecté,21.7,17.994,Aucun
CH-00174,4,Humain,Illuskans,2,-6,179.9,74.7,1,4,-1,0,-3,8,3,11,-2,2,3,2,-3,1,6.14,NO,Non-magique,,Aucun talent magique détecté,47.3,25.697,Aucun
CH-00175,2,Humain,Chondathans,-2,7,160.1,61.9,-2,-4,0,4,5,8,5,3,-4,0,-3,-2,5,-2,4.12,NO,Non-magique,,Aucun talent magique détecté,56.8,27.634,Aucun
CH-00176,10,Humain,Ffolk,-3,-2,161.9,59.1,-2,-5,-5,0,-4,9,-5,-3,-4,-3,-5,-4,-4,-3,-10.53,YES,Magicien,Magie savante,Magicien classique (étude et formules),12.2,13.069,Aucun
CH-00177,7,Humain,Tethyrians,3,-5,182.7,78.3,1,-3,-4,2,4,-1,0,-4,-2,-3,2,1,4,1,11.6,NO,Non-magique,,Aucun talent magique détecté,64.6,29.009,Aucun
CH-00178,7,Humain,Tethyrians,5,8,181.7,86.0,1,6,0,3,6,8,-6,8,1,4,7,4,6,3,39.16,NO,Non-magique,,Aucun talent magique détecté,18.6,16.594,Aucun
CH-00179,3,Humain,Damarans,0,3,168.3,68.0,-1,-3,-2,0,0,14,1,10,0,-3,-1,-1,0,-1,-3.0,YES,Théurgiste,Théurgie,Théurgiste (magie divine / invocation),-17.0,0.0,Aucun
CH-00180,2,Humain,Chondathans,-1,-8,171.3,64.9,0,-3,7,3,7,0,6,1,-3,-1,-2,-1,7,0,12.63,NO,Non-magique,,Aucun talent magique détecté,49.8,26.237,Aucun
CH-00181,4,Humain,Illuskans,-1,-5,169.6,64.9,-1,-4,-3,0,-9,5,4,7,0,-3,-2,-2,-9,-2,-9.52,YES,Magicien,Magie savante,Magicien classique (étude et formules),1.7,2.989,Aucun
CH-00182,4,Humain,Illuskans,2,2,175.3,74.7,0,4,6,-1,2,2,-4,3,-3,1,3,1,2,-1,7.3,NO,Non-magique,,Aucun talent magique détecté,58.4,27.922,Aucun
CH-00183,4,Humain,Illuskans,-2,-5,166.5,61.9,-1,-5,0,-4,-4,-6,3,-3,-2,-6,-4,-3,-4,-4,-10.08,YES,Magicien,Magie savante,Magicien classique (étude et formules),15.4,14.971,Aucun
CH-00184,2,Humain,Chondathans,0,2,168.9,68.0,-1,1,-2,2,-3,-4,6,-3,0,2,0,-1,-3,-1,-4.16,YES,Théurgiste,Théurgie,Théurgiste (magie divine / invocation),3.1,4.867,Aucun
CH-00185,2,Humain,Chondathans,1,7,169.3,71.3,-1,2,-1,1,-2,3,5,2,1,1,2,0,-2,-1,0.02,NO,Non-magique,,Aucun talent magique détecté,63.4,28.797,Aucun
CH-00186,126,Humain,Halruéens,-5,-4,157.0,53.8,-2,4,2,-3,7,-4,2,14,1,3,-4,-4,7,-5,6.88,NO,Non-magique,,Aucun talent magique détecté,46.6,25.547,Aucun
CH-00187,2,Humain,Chondathans,2,8,171.9,74.7,0,4,3,0,2,-3,0,-3,-4,2,3,1,2,0,8.3,NO,Non-magique,,Aucun talent magique détecté,63.3,28.78,Aucun
CH-00188,2,Humain,Chondathans,1,-1,173.7,71.3,0,-4,-4,2,-8,-4,2,-6,0,-3,0,0,-8,0,-4.29,YES,Théurgiste,Théurgie,Théurgiste (magie divine / invocation),10.4,11.819,Aucun
CH-00189,7,Humain,Tethyrians,3,4,177.4,78.3,0,2,-8,3,2,5,-11,5,1,1,4,2,2,1,13.24,NO,Non-magique,,Aucun talent magique détecté,55.9,27.465,Aucun
CH-00190,3,Humain,Damarans,6,-4,192.5,90.2,2,-3,-1,6,6,-2,-2,0,4,-2,5,4,6,5,38.29,NO,Non-magique,,Aucun talent magique détecté,32.6,21.895,Aucun
CH-00191,2,Humain,Chondathans,-11,-4,140.5,40.5,-4,1,-9,0,-7,-4,-2,0,-2,6,-11,-8,-7,-7,-17.45,YES,Sauvage,Warlock,Magie sauvage - Warlock,20.3,17.373,Aucun
CH-00192,15,Nain,Nain d'écu,7,19,181.9,94.5,1,-3,-3,3,-2,9,6,9,6,-5,6,4,-2,3,22.29,NO,Non-magique,,Aucun talent magique détecté,29.4,20.871,Vision dans le noir + robustesse naine
CH-00193,2,Humain,Chondathans,-4,0,157.9,56.3,-2,-5,1,1,2,-3,-3,1,-7,-2,-6,-4,2,-3,-5.67,YES,Théurgiste,Théurgie,Théurgiste (magie divine / invocation),10.9,12.207,Aucun
CH-00194,1,Humain,Calishites,-4,7,154.3,56.3,-2,5,-3,5,1,2,6,-4,5,9,-2,-2,1,-2,-3.86,YES,Théurgiste,Théurgie,Théurgiste (magie divine / invocation),-8.2,0.0,Aucun
CH-00195,2,Humain,Chondathans,1,1,172.6,71.3,0,4,-4,2,4,-1,1,-4,-2,3,2,1,4,0,10.6,NO,Non-magique,,Aucun talent magique détecté,62.0,28.564,Aucun
CH-00196,138,Humain,Uthgardt,2,0,176.4,74.7,0,-4,-2,1,-2,7,10,-8,2,-4,1,0,-2,0,-0.62,YES,Théurgiste,Théurgie,Théurgiste (magie divine / invocation),-7.8,0.0,Aucun
CH-00197,22,Demi-elfe,Demi-elfe de la lune,-2,6,160.7,61.9,-2,0,5,6,-4,3,8,-3,0,4,-2,-1,-4,-1,-6.26,YES,Théurgiste,Théurgie,Théurgiste (magie divine / invocation),-5.6,0.0,Immunité sommeil + Vision nocturne
CH-00198,4,Humain,Illuskans,10,3,202.6,108.8,4,-8,6,-4,4,-3,-2,0,-5,-14,7,5,4,4,38.69,NO,Non-magique,,Aucun talent magique détecté,35.9,22.853,Aucun
CH-00199,132,Humain,Shaaryens,5,11,179.9,86.0,1,3,-6,-5,-10,-1,1,2,1,-4,6,2,-10,0,9.92,NO,Non-magique,,Aucun talent magique détecté,62.5,28.651,Aucun
CH-00200,2,Humain,Chondathans,-2,-5,166.5,61.9,-1,2,-5,-1,1,9,4,-3,8,2,-1,-2,1,-3,-3.78,YES,Théurgiste,Théurgie,Théurgiste (magie divine / invocation),-9.1,0.0,Aucun
CH-00201,5,Humain,Mulan,-6,2,151.1,51.3,-3,-7,-4,1,2,4,-3,-2,9,-3,-8,-6,2,-5,-8.25,YES,Magicien,Magie savante,Magicien classique (étude et formules),4.3,6.351,Aucun
CH-00202,2,Humain,Chondathans,-6,-7,155.6,51.3,-2,0,1,-1,-3,2,-3,7,-2,2,-6,-5,-3,-5,-11.85,YES,Magicien,Magie savante,Magicien classique (étude et formules),6.5,8.639,Aucun
CH-00203,24,Demi-elfe,Demi-elfe du soleil,2,0,176.4,74.7,0,4,0,-6,5,4,3,-4,9,-2,3,0,5,-2,12.56,NO,Non-magique,,Aucun talent magique détecté,49.0,26.074,Immunité sommeil + Vision nocturne
CH-00204,7,Humain,Tethyrians,6,-2,191.2,90.2,2,5,5,-1,-1,6,-2,5,8,0,8,4,-1,2,26.98,NO,Non-magique,,Aucun talent magique détecté,27.8,20.326,Aucun
CH-00205,138,Humain,Uthgardt,0,8,165.6,68.0,-1,-4,-2,5,-2,-2,-2,0,-1,-1,-1,-1,-2,0,-3.62,YES,Théurgiste,Théurgie,Théurgiste (magie divine / invocation),7.4,9.463,Aucun
CH-00206,3,Humain,Damarans,-5,-3,156.5,53.8,-2,1,-7,3,1,3,0,1,-4,5,-5,-3,1,-3,-6.41,YES,Théurgiste,Théurgie,Théurgiste (magie divine / invocation),5.4,7.528,Aucun
CH-00207,90,Halfelin,Lightfoot,-8,3,145.2,46.7,-4,4,4,3,3,6,4,0,5,9,-7,-5,3,-5,-5.42,YES,Théurgiste,Théurgie,Théurgiste (magie divine / invocation),-13.5,0.0,Furtivité naturelle
CH-00208,90,Halfelin,Lightfoot,-15,0,128.8,33.6,-6,0,8,2,6,2,11,6,-9,8,-15,-11,6,-10,-4.74,YES,Théurgiste,Théurgie,Théurgiste (magie divine / invocation),-18.1,0.0,Furtivité naturelle
CH-00209,6,Humain,Rashemi,-1,2,165.8,64.9,-1,-1,1,7,-4,0,2,3,5,3,-1,0,-4,0,-3.64,YES,Théurgiste,Théurgie,Théurgiste (magie divine / invocation),-4.7,0.0,Aucun
CH-00210,124,Humain,Durpari,0,4,167.8,68.0,-1,-1,1,2,1,5,1,4,3,0,0,-1,1,-1,-1.0,YES,Théurgiste,Théurgie,Théurgiste (magie divine / invocation),-7.4,0.0,Aucun
CH-00211,2,Humain,Chondathans,2,2,175.3,74.7,0,2,-9,1,6,-7,7,6,8,1,3,1,6,0,17.95,NO,Non-magique,,Aucun talent magique détecté,42.7,24.635,Aucun
CH-00212,1,Humain,Calishites,0,3,168.3,68.0,-1,2,6,0,-3,5,4,1,1,1,1,-1,-3,-1,-3.16,YES,Théurgiste,Théurgie,Théurgiste (magie divine / invocation),-8.0,0.0,Aucun
CH-00213,2,Humain,Chondathans,-3,-9,165.6,59.1,-1,2,-3,1,5,5,-3,-9,2,3,-2,-2,5,-2,4.66,NO,Non-magique,,Aucun talent magique détecté,65.2,29.106,Aucun
CH-00214,7,Humain,Tethyrians,1,0,173.2,71.3,0,3,3,6,9,-2,-8,1,-1,5,2,2,9,2,29.59,NO,Non-magique,,Aucun talent magique détecté,39.3,23.794,Aucun
CH-00215,11,Humain,Sossrim,-4,-2,158.9,56.3,-2,1,4,-5,3,8,3,1,4,-1,-4,-4,3,-5,-3.71,YES,Théurgiste,Théurgie,Théurgiste (magie divine / invocation),-8.8,0.0,Aucun
CH-00216,2,Humain,Chondathans,4,1,182.5,82.1,1,2,-3,0,-9,2,6,8,-2,-1,5,2,-9,2,10.14,NO,Non-magique,,Aucun talent magique détecté,51.7,26.627,Aucun
CH-00217,7,Humain,Tethyrians,7,3,191.6,94.5,2,1,-6,0,-1,-4,3,0,-1,-3,7,4,-1,3,25.87,NO,Non-magique,,Aucun talent magique détecté,48.4,25.926,Aucun
CH-00218,2,Humain,Chondathans,-4,-6,161.0,56.3,-2,-1,-3,-1,-1,-1,-2,-6,-1,0,-4,-4,-1,-4,-8.92,YES,Magicien,Magie savante,Magicien classique (étude et formules),14.6,14.503,Aucun
CH-00219,2,Humain,Chondathans,1,5,170.4,71.3,0,7,-10,-3,1,2,-2,-1,1,3,3,1,1,-1,5.66,NO,Non-magique,,Aucun talent magique détecté,65.8,29.204,Aucun
CH-00220,7,Humain,Tethyrians,4,3,181.3,82.1,1,-6,-4,-6,5,-2,-3,0,-11,-11,2,0,5,0,12.16,NO,Non-magique,,Aucun talent magique détecté,69.1,29.737,Aucun
CH-00221,3,Humain,Damarans,0,-2,171.1,68.0,0,-5,4,5,0,-1,4,-5,5,-1,-2,0,0,1,-0.62,YES,Théurgiste,Théurgie,Théurgiste (magie divine / invocation),-4.4,0.0,Aucun
CH-00222,49,Autre,Protector Aasimar,-4,4,155.8,56.3,-2,4,3,-2,-1,8,3,6,-4,4,-3,-3,-1,-4,-7.96,YES,Magicien,Magie savante,Magicien classique (étude et formules),-6.1,0.0,Lumière sacrée
CH-00223,1,Humain,Calishites,8,1,196.5,99.0,3,-4,-3,-4,-4,4,3,-3,1,-10,7,4,-4,3,24.23,NO,Non-magique,,Aucun talent magique détecté,47.2,25.674,Aucun
CH-00224,138,Humain,Uthgardt,11,12,200.4,114.0,3,2,1,-2,4,-3,7,-6,-5,-6,12,7,4,4,61.59,NO,Non-magique,,Aucun talent magique détecté,11.2,12.405,Aucun
CH-00225,4,Humain,Illuskans,5,1,185.9,86.0,1,-5,-10,-1,1,-1,-5,6,-9,-8,3,2,1,1,9.3,NO,Non-magique,,Aucun talent magique détecté,68.9,29.695,Aucun
CH-00226,125,Humain,Gûr,-8,1,146.1,46.7,-3,8,-9,-2,-7,2,6,-3,2,9,-5,-5,-7,-6,-13.59,YES,Magicien,Magie savante,Magicien classique (étude et formules),5.0,7.173,Aucun
CH-00227,16,Nain,Nain d'or,2,20,165.3,74.7,-1,-1,-7,1,5,7,9,5,4,-2,2,0,5,-1,11.16,NO,Non-magique,,Aucun talent magique détecté,45.1,25.198,Vision dans le noir + robustesse naine
CH-00228,1,Humain,Calishites,-7,-3,150.8,48.9,-3,-1,-7,4,0,3,-6,-7,2,5,-7,-5,0,-4,-9.63,YES,Magicien,Magie savante,Magicien classique (étude et formules),11.4,12.51,Aucun
CH-00229,138,Humain,Uthgardt,9,-5,204.1,103.8,4,0,2,4,4,-1,2,2,7,-3,9,7,4,7,59.13,NO,Non-magique,,Aucun talent magique détecté,4.5,6.579,Aucun
CH-00230,3,Humain,Damarans,-1,-6,170.2,64.9,0,-6,-6,-2,-3,-3,-6,3,0,-6,-3,-2,-3,-2,-7.56,YES,Magicien,Magie savante,Magicien classique (étude et formules),14.4,14.374,Aucun
CH-00231,8,Humain,Chultan,-1,-3,168.5,64.9,-1,3,2,1,9,1,4,-1,-4,3,0,-1,9,-2,19.05,NO,Non-magique,,Aucun talent magique détecté,47.4,25.708,Aucun
CH-00232,138,Humain,Uthgardt,-3,-2,161.9,59.1,-2,-7,4,0,-2,7,4,3,4,-5,-5,-4,-2,-3,-9.51,YES,Magicien,Magie savante,Magicien classique (étude et formules),-2.3,0.0,Aucun
CH-00233,127,Humain,Imaskari,-2,0,163.8,61.9,-1,5,-6,1,-1,2,-2,2,-3,5,0,-1,-1,-2,-3.62,YES,Théurgiste,Théurgie,Théurgiste (magie divine / invocation),2.9,4.644,Aucun
CH-00234,129,Humain,Lapalis,4,-8,187.9,82.1,2,3,-2,-3,-2,6,5,4,8,-2,5,3,-2,2,15.2,NO,Non-magique,,Aucun talent magique détecté,41.2,24.275,Aucun
CH-00235,1,Humain,Calishites,-3,4,158.7,59.1,-2,4,-4,3,-3,-1,1,3,0,6,-2,-2,-3,-2,-7.02,YES,Magicien,Magie savante,Magicien classique (étude et formules),3.0,4.733,Aucun
CH-00236,3,Humain,Damarans,5,11,179.9,86.0,1,1,-6,1,5,1,-2,1,1,-2,5,3,5,2,26.34,NO,Non-magique,,Aucun talent magique détecté,46.3,25.482,Aucun
CH-00237,2,Humain,Chondathans,3,-11,186.3,78.3,2,5,-2,2,1,4,-1,2,0,3,5,3,1,2,17.82,NO,Non-magique,,Aucun talent magique détecté,48.3,25.92,Aucun
CH-00238,1,Humain,Calishites,-3,3,159.3,59.1,-2,4,4,-2,1,-1,-4,-9,-5,3,-2,-3,1,-4,-5.42,YES,Théurgiste,Théurgie,Théurgiste (magie divine / invocation),8.8,10.583,Aucun
CH-00239,1,Humain,Calishites,-3,4,158.7,59.1,-2,-6,3,1,3,-3,-3,-10,1,-3,-5,-4,3,-3,-3.23,YES,Théurgiste,Théurgie,Théurgiste (magie divine / invocation),8.4,10.334,Aucun
CH-00240,138,Humain,Uthgardt,9,6,196.9,103.8,3,-1,4,-1,6,3,5,-5,6,-6,9,5,6,4,50.44,NO,Non-magique,,Aucun talent magique détecté,12.7,13.369,Aucun
CH-00241,1,Humain,Calishites,-7,-2,150.3,48.9,-3,-6,1,1,-1,2,7,-6,-3,-1,-9,-6,-1,-5,-12.26,YES,Magicien,Magie savante,Magicien classique (étude et formules),10.0,11.52,Aucun
CH-00242,2,Humain,Chondathans,-1,-1,167.4,64.9,-1,-4,0,-4,1,-2,6,-8,-7,-6,-2,-3,1,-4,-5.42,YES,Théurgiste,Théurgie,Théurgiste (magie divine / invocation),10.4,11.84,Aucun
CH-00243,2,Humain,Chondathans,-3,-8,165.1,59.1,-1,-4,5,-2,1,2,4,-2,2,-3,-4,-3,1,-3,-5.96,YES,Théurgiste,Théurgie,Théurgiste (magie divine / invocation),0.4,0.792,Aucun
CH-00244,128,Humain,Lantannas,-6,-2,153.1,51.3,-3,-4,6,4,-4,-2,2,0,-7,2,-7,-5,-4,-4,-12.27,YES,Magicien,Magie savante,Magicien classique (étude et formules),9.7,11.304,Aucun
CH-00245,7,Humain,Tethyrians,-4,0,157.9,56.3,-2,-1,-3,2,-2,3,-3,-8,-3,2,-4,-3,-2,-3,-8.58,YES,Magicien,Magie savante,Magicien classique (étude et formules),12.7,13.397,Aucun
CH-00246,4,Humain,Illuskans,3,-1,180.3,78.3,1,3,0,4,-1,-6,0,-2,-2,3,4,3,-1,2,13.26,NO,Non-magique,,Aucun talent magique détecté,59.3,28.08,Aucun
CH-00247,1,Humain,Calishites,-1,-5,169.6,64.9,-1,3,6,-3,5,4,0,-3,6,1,0,-1,5,-3,6.36,NO,Non-magique,,Aucun talent magique détecté,54.0,27.098,Aucun
CH-00248,2,Humain,Chondathans,5,4,184.1,86.0,1,1,-3,5,-1,-3,5,-2,-7,1,5,4,-1,3,20.14,NO,Non-magique,,Aucun talent magique détecté,52.5,26.787,Aucun
CH-00249,15,Nain,Nain d'écu,3,11,173.4,78.3,0,2,-2,-1,-3,4,5,4,-4,-1,4,1,-3,-1,4.8,NO,Non-magique,,Aucun talent magique détecté,60.3,28.267,Vision dans le noir + robustesse naine
CH-00250,2,Humain,Chondathans,4,0,183.1,82.1,1,6,2,-3,-4,4,-2,0,-6,1,6,3,-4,1,15.31,NO,Non-magique,,Aucun talent magique détecté,54.0,27.08,Aucun
CH-00251,124,Humain,Durpari,-1,14,159.4,64.9,-2,0,0,3,4,-7,-4,-2,-5,2,-1,-1,4,-2,3.34,NO,Non-magique,,Aucun talent magique détecté,73.0,30.323,Aucun
CH-00252,16,Nain,Nain d'or,12,18,200.2,119.5,3,0,4,-1,1,6,1,0,5,-7,12,7,1,5,58.19,NO,Non-magique,,Aucun talent magique détecté,4.4,6.436,Vision dans le noir + robustesse naine
CH-00253,138,Humain,Uthgardt,4,-1,183.7,82.1,1,4,-1,6,3,5,11,4,5,4,5,4,3,4,28.1,NO,Non-magique,,Aucun talent magique détecté,21.9,18.077,Aucun
CH-00254,1,Humain,Calishites,-5,6,152.0,53.8,-3,-3,-3,-5,0,0,2,0,0,-3,-6,-6,0,-7,-10.92,YES,Magicien,Magie savante,Magicien classique (étude et formules),12.5,13.253,Aucun
CH-00255,7,Humain,Tethyrians,-8,1,146.1,46.7,-3,6,3,1,0,-2,-5,-4,0,9,-6,-5,0,-5,-9.69,YES,Magicien,Magie savante,Magicien classique (étude et formules),5.8,7.955,Aucun
CH-00256,21,Demi-elfe,Demi-elfe des bois,-3,3,159.3,59.1,-2,4,-2,-1,-1,-1,0,7,-5,4,-2,-2,-1,-4,-6.88,YES,Théurgiste,Théurgie,Théurgiste (magie divine / invocation),3.1,4.87,Immunité sommeil + Vision nocturne
CH-00257,2,Humain,Chondathans,-4,-3,159.4,56.3,-2,5,3,2,-3,-5,-8,1,-8,7,-2,-2,-3,-3,-7.56,YES,Magicien,Magie savante,Magicien classique (étude et formules),8.4,10.303,Aucun
CH-00258,2,Humain,Chondathans,1,1,172.6,71.3,0,-3,5,1,3,2,2,-6,-1,-3,0,0,3,0,4.66,NO,Non-magique,,Aucun talent magique détecté,64.2,28.932,Aucun
CH-00259,10,Humain,Ffolk,3,-7,183.8,78.3,1,-1,-3,-1,-1,1,-1,0,3,-3,3,1,-1,0,4.66,NO,Non-magique,,Aucun talent magique détecté,66.3,29.276,Aucun
CH-00260,7,Humain,Tethyrians,6,5,186.9,90.2,2,0,-5,2,-2,1,1,-3,1,-2,6,4,-2,3,22.29,NO,Non-magique,,Aucun talent magique détecté,50.5,26.378,Aucun
CH-00261,6,Humain,Rashemi,-2,-1,164.4,61.9,-1,-2,-4,1,2,1,2,-4,-6,-1,-3,-2,2,-2,-2.76,YES,Théurgiste,Théurgie,Théurgiste (magie divine / invocation),7.5,9.506,Aucun
CH-00262,3,Humain,Damarans,4,-3,184.9,82.1,1,3,-6,-3,1,7,4,-2,10,-2,5,2,1,1,14.16,NO,Non-magique,,Aucun talent magique détecté,44.8,25.123,Aucun
CH-00263,1,Humain,Calishites,3,3,178.0,78.3,1,-4,-2,4,0,1,1,4,-2,-3,2,2,0,2,7.92,NO,Non-magique,,Aucun talent magique détecté,61.8,28.529,Aucun
CH-00264,4,Humain,Illuskans,2,-5,179.3,74.7,1,7,-6,-4,1,3,2,1,6,2,4,2,1,-1,9.6,NO,Non-magique,,Aucun talent magique détecté,54.3,27.149,Aucun
CH-00265,7,Humain,Tethyrians,4,2,181.9,82.1,1,3,4,-4,3,1,-2,4,-7,-2,5,2,3,0,16.82,NO,Non-magique,,Aucun talent magique détecté,52.4,26.762,Aucun
CH-00266,4,Humain,Illuskans,-3,-1,161.3,59.1,-2,-1,-3,-5,5,1,-2,0,-1,-3,-3,-4,5,-5,1.63,NO,Non-magique,,Aucun talent magique détecté,72.0,30.171,Aucun
CH-00267,2,Humain,Chondathans,9,0,200.8,103.8,3,1,5,-1,-2,0,5,-4,-1,-5,9,6,-2,4,39.3,NO,Non-magique,,Aucun talent magique détecté,28.6,20.627,Aucun
CH-00268,7,Humain,Tethyrians,5,1,185.9,86.0,1,6,3,-7,2,-4,4,1,-2,-2,7,2,2,-1,19.53,NO,Non-magique,,Aucun talent magique détecté,49.4,26.145,Aucun
CH-00269,3,Humain,Damarans,5,1,185.9,86.0,1,-2,-1,0,4,-1,-1,-2,1,-5,4,2,4,2,19.2,NO,Non-magique,,Aucun talent magique détecté,54.7,27.235,Aucun
CH-00270,31,Elfe,Elfe de la lune,-8,-2,147.6,46.7,-3,-3,-1,2,3,4,2,1,8,2,-9,-6,3,-5,-6.6,YES,Théurgiste,Théurgie,Théurgiste (magie divine / invocation),-3.9,0.0,Transe + Vision nocturne
CH-00271,2,Humain,Chondathans,0,-3,171.7,68.0,0,1,2,3,2,-3,-1,-4,-3,2,0,0,2,1,3.64,NO,Non-magique,,Aucun talent magique détecté,69.1,29.723,Aucun
CH-00272,4,Humain,Illuskans,2,-1,177.0,74.7,0,5,0,2,4,4,-2,-2,-5,4,4,2,4,0,16.56,NO,Non-magique,,Aucun talent magique détecté,52.5,26.798,Aucun
CH-00273,5,Humain,Mulan,0,3,168.3,68.0,-1,2,0,4,5,2,0,-6,0,4,1,0,5,0,10.52,NO,Non-magique,,Aucun talent magique détecté,58.3,27.91,Aucun
CH-00274,3,Humain,Damarans,-2,5,161.2,61.9,-2,-5,5,3,1,-3,4,4,4,-2,-4,-3,1,-2,-5.42,YES,Théurgiste,Théurgie,Théurgiste (magie divine / invocation),-2.8,0.0,Aucun
CH-00275,2,Humain,Chondathans,-7,-9,153.8,48.9,-3,5,-3,3,3,0,3,4,-2,9,-5,-4,3,-4,-3.71,YES,Théurgiste,Théurgie,Théurgiste (magie divine / invocation),-5.1,0.0,Aucun
CH-00276,24,Demi-elfe,Demi-elfe du soleil,1,-2,174.3,71.3,0,1,-5,-1,4,3,2,6,5,-1,1,0,4,-1,6.96,NO,Non-magique,,Aucun talent magique détecté,55.6,27.395,Immunité sommeil + Vision nocturne
CH-00277,7,Humain,Tethyrians,3,-3,181.5,78.3,1,-3,6,-1,6,6,-4,-7,4,-5,2,1,6,0,15.93,NO,Non-magique,,Aucun talent magique détecté,50.2,26.31,Aucun
CH-00278,126,Humain,Halruéens,-6,3,150.7,51.3,-3,-6,-2,-3,3,4,1,-2,-5,-4,-8,-6,3,-6,-6.65,YES,Théurgiste,Théurgie,Théurgiste (magie divine / invocation),9.4,11.067,Aucun
CH-00279,42,Demi-orc,Mountain Orc,1,8,168.7,71.3,-1,0,4,5,2,1,-3,3,3,2,1,0,2,0,3.64,NO,Non-magique,,Aucun talent magique détecté,60.2,28.237,Aucun
CH-00280,1,Humain,Calishites,-4,2,156.8,56.3,-2,-4,0,6,2,7,-5,4,-2,2,-5,-3,2,-1,-3.61,YES,Théurgiste,Théurgie,Théurgiste (magie divine / invocation),-1.8,0.0,Aucun
CH-00281,41,Gnome,Gnome des profondeurs,-11,-2,139.6,40.5,-4,-2,-2,-5,3,-1,9,6,-9,0,-12,-9,3,-9,-10.35,YES,Magicien,Magie savante,Magicien classique (étude et formules),4.1,6.126,Camouflage pierre
CH-00282,3,Humain,Damarans,8,5,193.9,99.0,2,-1,-3,1,-4,-6,1,0,2,-5,8,5,-4,4,32.22,NO,Non-magique,,Aucun talent magique détecté,42.0,24.454,Aucun
CH-00283,15,Nain,Nain d'écu,5,15,177.6,86.0,0,3,3,-3,6,6,5,-2,2,-2,6,2,6,0,27.22,NO,Non-magique,,Aucun talent magique détecté,34.6,22.504,Vision dans le noir + robustesse naine
CH-00284,4,Humain,Illuskans,-5,4,153.0,53.8,-3,1,-5,2,-4,0,2,4,6,4,-5,-4,-4,-5,-11.46,YES,Magicien,Magie savante,Magicien classique (étude et formules),3.6,5.498,Aucun
CH-00285,3,Humain,Damarans,1,5,170.4,71.3,0,3,3,-2,2,2,5,1,-2,0,2,0,2,-1,4.28,NO,Non-magique,,Aucun talent magique détecté,60.1,28.227,Aucun
CH-00286,1,Humain,Calishites,-1,0,166.9,64.9,-1,-2,5,5,5,-3,2,4,3,1,-2,-1,5,-1,5.9,NO,Non-magique,,Aucun talent magique détecté,56.5,27.561,Aucun
CH-00287,3,Humain,Damarans,2,0,176.4,74.7,0,3,-1,3,0,-5,2,0,4,3,3,2,0,1,8.3,NO,Non-magique,,Aucun talent magique détecté,59.0,28.028,Aucun
CH-00288,39,Gnome,Gnome des roches,-7,4,147.4,48.9,-3,-3,6,4,3,5,4,3,-1,3,-8,-5,3,-4,-5.36,YES,Théurgiste,Théurgie,Théurgiste (magie divine / invocation),-7.2,0.0,Affinité illusion
CH-00289,10,Humain,Ffolk,2,3,174.7,74.7,0,-4,-4,3,-1,2,0,1,6,-3,1,0,-1,1,1.0,NO,Non-magique,,Aucun talent magique détecté,66.4,29.307,Aucun
CH-00290,5,Humain,Mulan,-3,4,158.7,59.1,-2,7,-5,-2,0,0,-1,3,3,5,-1,-2,0,-4,-5.26,YES,Théurgiste,Théurgie,Théurgiste (magie divine / invocation),1.2,2.085,Aucun
CH-00291,15,Nain,Nain d'écu,-1,23,154.8,64.9,-2,3,5,-2,-3,1,12,2,2,1,0,-2,-3,-4,-6.42,YES,Théurgiste,Théurgie,Théurgiste (magie divine / invocation),-10.7,0.0,Vision dans le noir + robustesse naine
CH-00292,22,Demi-elfe,Demi-elfe de la lune,-3,-4,162.9,59.1,-1,-4,3,6,2,0,2,3,2,1,-4,-2,2,0,-1.62,YES,Théurgiste,Théurgie,Théurgiste (magie divine / invocation),-4.6,0.0,Immunité sommeil + Vision nocturne
CH-00293,7,Humain,Tethyrians,1,-2,174.3,71.3,0,1,-6,2,-1,-8,-2,2,3,1,1,0,-1,0,0.0,YES,Théurgiste,Théurgie,Théurgiste (magie divine / invocation),2.9,4.65,Aucun
CH-00294,7,Humain,Tethyrians,-1,4,164.7,64.9,-1,3,1,5,-6,-3,0,1,-2,5,0,0,-6,-1,-4.51,YES,Théurgiste,Théurgie,Théurgiste (magie divine / invocation),2.6,4.175,Aucun
CH-00295,15,Nain,Nain d'écu,9,13,192.5,103.8,2,-1,5,0,-3,7,5,0,-3,-6,9,5,-3,4,35.99,NO,Non-magique,,Aucun talent magique détecté,26.5,19.885,Vision dans le noir + robustesse naine
CH-00296,2,Humain,Chondathans,-3,4,158.7,59.1,-2,-1,-3,2,7,-2,0,-1,-3,1,-3,-3,7,-3,8.77,NO,Non-magique,,Aucun talent magique détecté,64.8,29.041,Aucun
CH-00297,6,Humain,Rashemi,0,7,166.2,68.0,-1,-4,7,-1,-3,9,-2,-1,-2,-4,-1,-2,-3,-2,-6.4,YES,Théurgiste,Théurgie,Théurgiste (magie divine / invocation),-1.3,0.0,Aucun
CH-00298,22,Demi-elfe,Demi-elfe de la lune,2,-1,177.0,74.7,0,0,3,1,5,0,6,0,-3,-1,2,1,5,0,13.16,NO,Non-magique,,Aucun talent magique détecté,52.9,26.881,Immunité sommeil + Vision nocturne
CH-00299,22,Demi-elfe,Demi-elfe de la lune,2,3,174.7,74.7,0,-4,-5,-1,-2,-5,-7,4,2,-5,1,0,-2,-1,-1.62,YES,Théurgiste,Théurgie,Théurgiste (magie divine / invocation),7.0,9.097,Immunité sommeil + Vision nocturne
CH-00300,2,Humain,Chondathans,3,-1,180.3,78.3,1,2,-4,-1,-6,-1,3,3,-6,-1,4,2,-6,0,6.09,NO,Non-magique,,Aucun talent magique détecté,65.5,29.157,Aucun
CH-00301,5,Humain,Mulan,-3,5,158.2,59.1,-2,-2,2,-7,1,-5,-3,6,-9,-5,-4,-4,1,-6,-7.79,YES,Magicien,Magie savante,Magicien classique (étude et formules),11.4,12.526,Aucun
CH-00302,99,Humain,Nubari,2,2,175.3,74.7,0,-2,11,1,-3,-1,2,2,8,-2,1,0,-3,0,-1.16,YES,Théurgiste,Théurgie,Théurgiste (magie divine / invocation),-14.8,0.0,Aucun
CH-00303,99,Humain,Nubari,1,5,170.4,71.3,0,-3,-6,-1,3,3,6,-1,5,-4,0,-1,3,-1,2.66,NO,Non-magique,,Aucun talent magique détecté,63.0,28.741,Aucun
CH-00304,24,Demi-elfe,Demi-elfe du soleil,-6,-5,154.6,51.3,-2,2,1,-1,-2,6,3,4,2,3,-5,-4,-2,-5,-10.44,YES,Magicien,Magie savante,Magicien classique (étude et formules),-1.1,0.0,Immunité sommeil + Vision nocturne
CH-00305,7,Humain,Tethyrians,3,0,179.7,78.3,1,1,-5,6,-1,-5,4,-8,4,2,3,3,-1,3,12.98,NO,Non-magique,,Aucun talent magique détecté,58.2,27.879,Aucun
CH-00306,12,Halfelin,Strongheart,-15,2,128.0,33.6,-6,5,5,-1,0,3,7,1,5,10,-13,-10,0,-11,-16.39,YES,Double,Magicien & Théurgiste,Double talent : Magicien + Théurgiste,-5.2,0.0,Robustesse halfeline
CH-00307,9,Humain,Turami,9,0,200.8,103.8,3,-2,1,2,7,2,-1,6,4,-5,8,6,7,5,55.44,NO,Non-magique,,Aucun talent magique détecté,9.1,10.827,Aucun
CH-00308,4,Humain,Illuskans,6,4,187.5,90.2,2,-2,-2,1,-5,3,9,-4,3,-4,5,3,-5,3,15.75,NO,Non-magique,,Aucun talent magique détecté,48.3,25.908,Aucun
CH-00309,7,Humain,Tethyrians,7,1,192.9,94.5,2,-1,-10,5,5,-2,4,2,1,-2,7,5,5,4,41.25,NO,Non-magique,,Aucun talent magique détecté,30.0,21.076,Aucun
CH-00310,1,Humain,Calishites,-7,3,147.9,48.9,-3,-4,-5,0,4,7,4,-1,1,0,-8,-6,4,-5,-3.93,YES,Théurgiste,Théurgie,Théurgiste (magie divine / invocation),-1.3,0.0,Aucun
CH-00311,5,Humain,Mulan,1,0,173.2,71.3,0,9,-2,4,-4,4,-2,4,5,9,4,2,-4,1,7.96,NO,Non-magique,,Aucun talent magique détecté,49.0,26.062,Aucun
CH-00312,4,Humain,Illuskans,6,7,185.7,90.2,1,0,-4,1,2,1,-5,10,-6,-3,6,3,2,2,22.23,NO,Non-magique,,Aucun talent magique détecté,46.8,25.575,Aucun
CH-00313,7,Humain,Tethyrians,-4,0,157.9,56.3,-2,-1,-5,-2,-6,-3,0,-2,5,0,-4,-4,-6,-4,-11.43,YES,Magicien,Magie savante,Magicien classique (étude et formules),12.6,13.322,Aucun
CH-00314,16,Nain,Nain d'or,1,15,164.9,71.3,-1,2,-6,4,4,-5,-2,7,4,3,2,1,4,0,10.6,NO,Non-magique,,Aucun talent magique détecté,55.8,27.43,Vision dans le noir + robustesse naine
CH-00315,5,Humain,Mulan,1,1,172.6,71.3,0,-1,-3,2,4,-3,6,-5,1,-1,1,0,4,0,7.96,NO,Non-magique,,Aucun talent magique détecté,62.8,28.696,Aucun
CH-00316,5,Humain,Mulan,1,-3,174.9,71.3,0,-2,2,-1,-5,-5,1,10,4,-3,0,0,-5,-1,-4.09,YES,Théurgiste,Théurgie,Théurgiste (magie divine / invocation),-4.6,0.0,Aucun
CH-00317,4,Humain,Illuskans,1,3,171.5,71.3,0,4,-4,-5,4,7,-3,-4,-5,-1,2,0,4,-2,7.98,NO,Non-magique,,Aucun talent magique détecté,64.5,28.989,Aucun
CH-00318,125,Humain,Gûr,-4,5,155.3,56.3,-2,3,-1,-5,-3,0,1,-3,1,1,-3,-4,-3,-5,-10.05,YES,Magicien,Magie savante,Magicien classique (étude et formules),10.3,11.752,Aucun
CH-00319,3,Humain,Damarans,2,3,174.7,74.7,0,-7,-2,-3,-1,6,8,2,4,-9,0,-1,-1,-1,-3.0,YES,Théurgiste,Théurgie,Théurgiste (magie divine / invocation),-6.2,0.0,Aucun
CH-00320,21,Demi-elfe,Demi-elfe des bois,0,-1,170.6,68.0,0,-2,5,0,6,3,-1,8,5,-2,-1,-1,6,0,10.29,NO,Non-magique,,Aucun talent magique détecté,47.2,25.673,Immunité sommeil + Vision nocturne
CH-00321,2,Humain,Chondathans,1,-4,175.4,71.3,0,2,-1,3,7,0,0,7,-5,2,2,1,7,1,19.89,NO,Non-magique,,Aucun talent magique détecté,46.7,25.56,Aucun
CH-00322,138,Humain,Uthgardt,-5,-2,156.0,53.8,-2,3,1,-4,0,10,2,-5,0,2,-4,-4,0,-6,-8.79,YES,Magicien,Magie savante,Magicien classique (étude et formules),0.1,0.143,Aucun
CH-00323,64,Autre,Bullywug,-6,1,151.6,51.3,-3,-4,2,2,0,1,0,-3,0,0,-7,-5,0,-5,-10.08,YES,Magicien,Magie savante,Magicien classique (étude et formules),9.8,11.381,Saut puissant
CH-00324,9,Humain,Turami,5,0,186.5,86.0,2,-4,4,2,4,1,1,-4,-9,-5,4,3,4,3,23.24,NO,Non-magique,,Aucun talent magique détecté,50.3,26.336,Aucun
CH-00325,6,Humain,Rashemi,-8,2,145.7,46.7,-4,5,-1,-3,-6,-2,4,4,4,6,-6,-6,-6,-7,-14.43,YES,Magicien,Magie savante,Magicien classique (étude et formules),4.6,6.669,Aucun
CH-00326,5,Humain,Mulan,-7,1,148.9,48.9,-3,-5,4,4,-1,3,-9,3,4,1,-9,-6,-1,-4,-11.81,YES,Magicien,Magie savante,Magicien classique (étude et formules),6.1,8.292,Aucun
CH-00327,9,Humain,Turami,7,4,191.0,94.5,2,3,2,-4,3,0,0,-1,1,-4,8,4,3,1,31.0,NO,Non-magique,,Aucun talent magique détecté,39.6,23.854,Aucun
CH-00328,1,Humain,Calishites,-8,2,145.7,46.7,-4,-1,3,-3,1,-1,-2,8,-1,1,-8,-7,1,-7,-11.09,YES,Magicien,Magie savante,Magicien classique (étude et formules),4.9,7.01,Aucun
CH-00329,11,Humain,Sossrim,-3,-2,161.9,59.1,-2,3,2,-1,8,-2,0,2,-1,3,-2,-3,8,-4,11.96,NO,Non-magique,,Aucun talent magique détecté,55.5,27.38,Aucun
CH-00330,15,Nain,Nain d'écu,-4,20,147.9,56.3,-3,-3,3,-1,2,6,-3,-1,0,-2,-5,-5,2,-5,-6.63,YES,Théurgiste,Théurgie,Théurgiste (magie divine / invocation),3.7,5.618,Vision dans le noir + robustesse naine
CH-00331,7,Humain,Tethyrians,-5,5,152.5,53.8,-3,-7,-3,4,3,-1,-1,4,-7,-1,-7,-5,3,-4,-4.97,YES,Théurgiste,Théurgie,Théurgiste (magie divine / invocation),8.0,10.009,Aucun
CH-00332,12,Halfelin,Strongheart,-17,1,123.7,30.6,-6,8,-4,-5,0,1,-3,4,4,11,-14,-11,0,-13,-17.72,YES,Sauvage,Magie du Sang,Magie sauvage - Magie du Sang,6.1,8.277,Robustesse halfeline
CH-00333,2,Humain,Chondathans,-6,2,151.1,51.3,-3,-4,5,2,-2,-2,2,-1,-5,0,-7,-5,-2,-5,-11.7,YES,Magicien,Magie savante,Magicien classique (étude et formules),10.9,12.193,Aucun
CH-00334,8,Humain,Chultan,6,2,188.7,90.2,2,1,-9,2,3,8,-8,-7,1,-2,6,4,3,3,28.57,NO,Non-magique,,Aucun talent magique détecté,44.9,25.143,Aucun
CH-00335,2,Humain,Chondathans,-2,-5,166.5,61.9,-1,-2,1,-6,3,2,0,-4,-2,-5,-3,-3,3,-4,-2.3,YES,Théurgiste,Théurgie,Théurgiste (magie divine / invocation),5.4,7.552,Aucun
CH-00336,1,Humain,Calishites,0,-2,171.1,68.0,0,-1,6,4,-5,4,3,5,-1,1,0,0,-5,1,-2.09,YES,Théurgiste,Théurgie,Théurgiste (magie divine / invocation),-9.3,0.0,Aucun
CH-00337,16,Nain,Nain d'or,9,16,190.6,103.8,2,3,1,1,2,3,1,4,1,-2,10,6,2,4,47.01,NO,Non-magique,,Aucun talent magique détecté,18.2,16.387,Vision dans le noir + robustesse naine
CH-00338,11,Humain,Sossrim,7,5,190.4,94.5,2,4,1,-6,-1,-4,-5,-6,4,-4,8,4,-1,1,25.34,NO,Non-magique,,Aucun talent magique détecté,49.6,26.2,Aucun
CH-00339,3,Humain,Damarans,3,7,175.7,78.3,0,-3,2,2,2,-2,2,-1,0,-3,2,1,2,0,6.28,NO,Non-magique,,Aucun talent magique détecté,64.3,28.949,Aucun
CH-00340,16,Nain,Nain d'or,2,22,164.2,74.7,-1,-4,7,1,1,-1,-1,1,-4,-4,1,0,1,-1,1.0,NO,Non-magique,,Aucun talent magique détecté,68.0,29.561,Vision dans le noir + robustesse naine
CH-00341,129,Humain,Lapalis,7,-6,197.3,94.5,3,1,3,6,-3,1,0,-8,-1,0,7,6,-3,6,37.67,NO,Non-magique,,Aucun talent magique détecté,33.5,22.172,Aucun
CH-00342,5,Humain,Mulan,-1,-2,168.0,64.9,-1,-5,0,-2,2,-6,0,8,-2,-5,-3,-3,2,-3,-3.84,YES,Théurgiste,Théurgie,Théurgiste (magie divine / invocation),3.4,5.293,Aucun
CH-00343,21,Demi-elfe,Demi-elfe des bois,-3,2,159.8,59.1,-2,-4,2,2,6,6,-2,0,1,-1,-4,-3,6,-3,5.33,NO,Non-magique,,Aucun talent magique détecté,60.5,28.292,Immunité sommeil + Vision nocturne
CH-00344,11,Humain,Sossrim,3,8,175.1,78.3,0,8,4,0,4,5,-3,2,4,4,6,2,4,0,21.89,NO,Non-magique,,Aucun talent magique détecté,37.9,23.409,Aucun
CH-00345,9,Humain,Turami,5,4,184.1,86.0,1,2,3,2,0,7,-3,-5,3,0,6,3,0,2,19.59,NO,Non-magique,,Aucun talent magique détecté,45.5,25.286,Aucun
CH-00346,15,Nain,Nain d'écu,2,20,165.3,74.7,-1,-8,-12,0,0,-3,7,1,-7,-8,-1,-1,0,-1,-3.0,YES,Théurgiste,Théurgie,Théurgiste (magie divine / invocation),8.4,10.322,Vision dans le noir + robustesse naine
CH-00347,2,Humain,Chondathans,-1,-1,167.4,64.9,-1,-5,-2,-5,-4,1,-1,1,3,-7,-3,-3,-4,-4,-9.6,YES,Magicien,Magie savante,Magicien classique (étude et formules),10.9,12.19,Aucun
CH-00348,15,Nain,Nain d'écu,4,20,171.5,82.1,0,2,-5,-2,3,8,4,-1,-1,-2,5,2,3,0,16.82,NO,Non-magique,,Aucun talent magique détecté,48.9,26.044,Vision dans le noir + robustesse naine
CH-00349,2,Humain,Chondathans,-3,3,159.3,59.1,-2,-4,0,-4,-2,-3,-5,2,-3,-5,-4,-4,-2,-5,-9.99,YES,Magicien,Magie savante,Magicien classique (étude et formules),15.7,15.143,Aucun
CH-00350,15,Nain,Nain d'écu,-4,22,147.0,56.3,-3,-5,-6,-2,-6,2,2,2,-8,-4,-6,-5,-6,-5,-13.2,YES,Magicien,Magie savante,Magicien classique (étude et formules),17.0,15.784,Vision dans le noir + robustesse naine
CH-00351,5,Humain,Mulan,7,8,188.5,94.5,2,5,1,-5,-1,-3,-4,6,-5,-3,9,4,-1,1,28.63,NO,Non-magique,,Aucun talent magique détecté,43.4,24.791,Aucun
CH-00352,4,Humain,Illuskans,2,-4,178.7,74.7,1,-4,3,2,-5,-6,3,2,0,-3,1,1,-5,1,-0.09,YES,Théurgiste,Théurgie,Théurgiste (magie divine / invocation),-0.8,0.0,Aucun
CH-00353,3,Humain,Damarans,-1,5,164.2,64.9,-1,8,1,8,-6,-5,-3,1,-11,11,2,1,-6,0,0.13,NO,Non-magique,,Aucun talent magique détecté,66.6,29.331,Aucun
CH-00354,4,Humain,Illuskans,0,0,170.0,68.0,0,2,9,2,13,-3,2,2,-7,2,1,0,13,0,37.27,NO,Non-magique,,Aucun talent magique détecté,26.5,19.891,Aucun
CH-00355,2,Humain,Chondathans,3,4,177.4,78.3,0,-4,-2,0,-6,0,-1,-1,-7,-5,2,0,-6,0,-0.87,YES,Théurgiste,Théurgie,Théurgiste (magie divine / invocation),7.6,9.587,Aucun
CH-00356,5,Humain,Mulan,-2,-7,167.6,61.9,-1,7,-3,-6,-6,-2,1,-3,7,3,0,-2,-6,-4,-7.77,YES,Magicien,Magie savante,Magicien classique (étude et formules),4.3,6.307,Aucun
CH-00357,2,Humain,Chondathans,4,3,181.3,82.1,1,2,-1,-3,-10,-3,4,4,10,-3,5,2,-10,1,8.15,NO,Non-magique,,Aucun talent magique détecté,52.1,26.719,Aucun
CH-00358,4,Humain,Illuskans,-4,-8,162.0,56.3,-1,4,3,5,-2,-5,1,-4,5,8,-3,-1,-2,-1,-5.78,YES,Théurgiste,Théurgie,Théurgiste (magie divine / invocation),-1.7,0.0,Aucun
CH-00359,1,Humain,Calishites,-3,12,154.7,59.1,-2,5,1,5,-4,4,3,-2,3,8,-1,-1,-4,-2,-6.26,YES,Théurgiste,Théurgie,Théurgiste (magie divine / invocation),-5.1,0.0,Aucun
CH-00360,2,Humain,Chondathans,-4,-2,158.9,56.3,-2,4,3,4,0,-2,1,-1,2,7,-3,-2,0,-2,-5.4,YES,Théurgiste,Théurgie,Théurgiste (magie divine / invocation),-1.4,0.0,Aucun
CH-00361,138,Humain,Uthgardt,-1,7,163.1,64.9,-1,-9,-7,0,4,-5,3,-7,2,-7,-4,-3,4,-2,0.54,NO,Non-magique,,Aucun talent magique détecté,76.8,30.872,Aucun
CH-00362,109,Autre,Saru,-2,2,162.8,61.9,-1,8,6,3,-3,0,4,-4,0,9,1,0,-3,-1,-2.16,YES,Théurgiste,Théurgie,Théurgiste (magie divine / invocation),-9.4,0.0,Aucun
CH-00363,116,Humain,Talfir,1,0,173.2,71.3,0,-8,2,-2,2,-5,0,-7,-4,-9,-2,-2,2,-1,-1.6,YES,Théurgiste,Théurgie,Théurgiste (magie divine / invocation),10.2,11.681,Aucun
CH-00364,1,Humain,Calishites,-5,11,149.5,53.8,-3,1,-2,-1,-10,1,-3,-2,0,2,-5,-4,-10,-6,-14.25,YES,Magicien,Magie savante,Magicien classique (étude et formules),15.8,15.196,Aucun
CH-00365,2,Humain,Chondathans,3,6,176.2,78.3,0,-2,2,-1,3,0,0,3,4,-4,2,1,3,-1,7.3,NO,Non-magique,,Aucun talent magique détecté,59.1,28.057,Aucun
CH-00366,7,Humain,Tethyrians,-3,-2,161.9,59.1,-2,0,-2,-3,0,7,1,2,-1,-1,-3,-3,0,-4,-6.96,YES,Théurgiste,Théurgie,Théurgiste (magie divine / invocation),2.4,3.893,Aucun
CH-00367,4,Humain,Illuskans,1,-5,176.0,71.3,0,-4,1,1,1,-5,3,3,0,-4,0,0,1,0,1.0,NO,Non-magique,,Aucun talent magique détecté,68.8,29.681,Aucun
CH-00368,22,Demi-elfe,Demi-elfe de la lune,-4,-3,159.4,56.3,-2,7,0,2,-1,1,5,9,0,8,-2,-2,-1,-3,-6.4,YES,Théurgiste,Théurgie,Théurgiste (magie divine / invocation),-10.0,0.0,Immunité sommeil + Vision nocturne
CH-00369,128,Humain,Lantannas,0,-2,171.1,68.0,0,-4,-1,1,5,-9,-1,-3,0,-3,-1,-1,5,0,7.52,NO,Non-magique,,Aucun talent magique détecté,69.4,29.772,Aucun
CH-00370,138,Humain,Uthgardt,3,6,176.2,78.3,0,-4,1,0,0,7,-1,-6,-2,-5,2,0,0,0,2.64,NO,Non-magique,,Aucun talent magique détecté,67.9,29.533,Aucun
CH-00371,2,Humain,Chondathans,3,1,179.1,78.3,1,-3,-2,-6,-7,3,11,4,1,-8,2,0,-7,-1,-2.26,YES,Théurgiste,Théurgie,Théurgiste (magie divine / invocation),-7.8,0.0,Aucun
CH-00372,15,Nain,Nain d'écu,2,20,165.3,74.7,-1,-3,0,0,5,0,2,4,-6,-4,1,0,5,-1,9.52,NO,Non-magique,,Aucun talent magique détecté,61.1,28.399,Vision dans le noir + robustesse naine
CH-00373,15,Nain,Nain d'écu,4,16,173.8,82.1,0,5,0,-6,0,1,2,0,3,-2,6,1,0,-1,12.29,NO,Non-magique,,Aucun talent magique détecté,55.3,27.334,Vision dans le noir + robustesse naine
CH-00374,57,Autre,Firbolg,9,1,200.2,103.8,3,7,-4,0,0,-5,6,1,0,1,11,7,0,5,53.47,NO,Non-magique,,Aucun talent magique détecté,15.3,14.894,Magie druidique innée
CH-00375,2,Humain,Chondathans,1,-3,174.9,71.3,0,4,-3,2,2,-4,-4,0,7,3,2,1,2,0,6.28,NO,Non-magique,,Aucun talent magique détecté,61.9,28.546,Aucun
CH-00376,90,Halfelin,Lightfoot,-13,2,132.8,36.9,-5,-1,11,6,8,-3,5,-6,3,9,-13,-9,8,-7,3.8,NO,Non-magique,,Aucun talent magique détecté,48.8,26.033,Furtivité naturelle
CH-00377,12,Halfelin,Strongheart,-16,6,124.0,32.1,-6,0,2,3,0,7,1,7,-1,9,-16,-11,0,-9,-16.98,YES,Double,Magicien & Théurgiste,Double talent : Magicien + Théurgiste,-0.8,0.0,Robustesse halfeline
CH-00378,30,Elfe,Elfe des bois,-3,0,160.8,59.1,-2,-3,6,1,3,1,-5,3,6,-1,-4,-3,3,-3,-2.3,YES,Théurgiste,Théurgie,Théurgiste (magie divine / invocation),-5.4,0.0,Transe + Vision nocturne
CH-00379,26,Demi-elfe,Demi-elfe de la mer,-11,-4,140.5,40.5,-4,1,9,3,2,4,-6,2,2,8,-11,-7,2,-6,-10.13,YES,Magicien,Magie savante,Magicien classique (étude et formules),-4.9,0.0,Respiration aquatique + Immunité sommeil + Vision nocturne
CH-00380,126,Humain,Halruéens,-1,0,166.9,64.9,-1,-3,-6,6,6,-5,2,1,-6,1,-2,-1,6,0,9.67,NO,Non-magique,,Aucun talent magique détecté,65.0,29.074,Aucun
CH-00381,22,Demi-elfe,Demi-elfe de la lune,-7,2,148.4,48.9,-3,-5,1,-1,9,-1,-2,-1,10,-2,-9,-6,9,-6,9.99,NO,Non-magique,,Aucun talent magique détecté,54.3,27.147,Immunité sommeil + Vision nocturne
CH-00382,1,Humain,Calishites,0,2,168.9,68.0,-1,-1,4,-1,0,11,6,12,5,-2,0,-1,0,-2,-2.62,YES,Théurgiste,Théurgie,Théurgiste (magie divine / invocation),-26.0,0.0,Aucun
CH-00383,10,Humain,Ffolk,4,-2,184.3,82.1,1,1,-9,1,1,2,0,3,7,-1,4,2,1,2,13.24,NO,Non-magique,,Aucun talent magique détecté,52.7,26.836,Aucun
CH-00384,3,Humain,Damarans,1,-2,174.3,71.3,0,4,-2,5,0,6,-3,1,-4,5,2,2,0,1,6.28,NO,Non-magique,,Aucun talent magique détecté,60.0,28.217,Aucun
CH-00385,15,Nain,Nain d'écu,2,14,168.5,74.7,-1,-3,-3,-2,-3,-5,7,0,1,-5,1,-1,-3,-2,-3.78,YES,Théurgiste,Théurgie,Théurgiste (magie divine / invocation),3.9,5.861,Vision dans le noir + robustesse naine
CH-00386,90,Halfelin,Lightfoot,-14,2,130.3,35.2,-5,4,2,4,-3,10,-1,5,-5,12,-13,-9,-3,-8,-17.13,YES,Double,Magicien & Théurgiste,Double talent : Magicien + Théurgiste,-3.3,0.0,Furtivité naturelle
CH-00387,37,Elfe,Avariel,-6,-2,153.1,51.3,-3,-1,-5,-3,5,-2,0,1,0,0,-6,-6,5,-6,-1.01,YES,Théurgiste,Théurgie,Théurgiste (magie divine / invocation),3.5,5.398,Vol naturel + Transe + Vision nocturne
CH-00388,138,Humain,Uthgardt,-4,1,157.4,56.3,-2,-2,7,-8,2,3,7,6,-5,-5,-5,-5,2,-6,-7.05,YES,Magicien,Magie savante,Magicien classique (étude et formules),-4.3,0.0,Aucun
CH-00389,116,Humain,Talfir,-2,7,160.1,61.9,-2,6,1,1,-4,-2,1,0,2,6,0,-1,-4,-3,-5.8,YES,Théurgiste,Théurgie,Théurgiste (magie divine / invocation),0.6,1.067,Aucun
CH-00390,2,Humain,Chondathans,-1,2,165.8,64.9,-1,2,4,0,-7,8,10,1,7,2,0,-1,-7,-2,-6.52,YES,Théurgiste,Théurgie,Théurgiste (magie divine / invocation),-16.3,0.0,Aucun
CH-00391,2,Humain,Chondathans,4,1,182.5,82.1,1,1,2,-1,2,7,4,1,2,-2,4,2,2,1,13.24,NO,Non-magique,,Aucun talent magique détecté,47.6,25.77,Aucun
CH-00392,15,Nain,Nain d'écu,6,22,176.8,90.2,0,-3,6,-3,-2,2,7,1,4,-8,5,2,-2,0,10.54,NO,Non-magique,,Aucun talent magique détecté,49.5,26.167,Vision dans le noir + robustesse naine
CH-00393,2,Humain,Chondathans,-2,-2,164.9,61.9,-1,2,1,-1,2,1,1,2,0,2,-1,-2,2,-3,-2.14,YES,Théurgiste,Théurgie,Théurgiste (magie divine / invocation),-1.7,0.0,Aucun
CH-00394,15,Nain,Nain d'écu,-1,21,155.9,64.9,-2,-2,-3,-3,-7,-1,-1,6,-8,-3,-2,-3,-7,-4,-10.32,YES,Magicien,Magie savante,Magicien classique (étude et formules),13.0,13.541,Vision dans le noir + robustesse naine
CH-00395,7,Humain,Tethyrians,-2,-1,164.4,61.9,-1,3,5,-4,1,-2,1,2,2,1,-1,-2,1,-4,-4.26,YES,Théurgiste,Théurgie,Théurgiste (magie divine / invocation),-1.3,0.0,Aucun
CH-00396,8,Humain,Chultan,10,6,200.6,108.8,3,-2,-1,-7,-5,-1,-3,-7,7,-11,9,5,-5,2,30.74,NO,Non-magique,,Aucun talent magique détecté,43.0,24.717,Aucun
CH-00397,7,Humain,Tethyrians,3,8,175.1,78.3,0,0,6,4,2,-5,1,-7,3,0,3,2,2,1,10.94,NO,Non-magique,,Aucun talent magique détecté,57.6,27.768,Aucun
CH-00398,3,Humain,Damarans,-4,3,156.3,56.3,-2,-3,5,-3,2,4,-2,5,3,-3,-5,-4,2,-4,-5.73,YES,Théurgiste,Théurgie,Théurgiste (magie divine / invocation),-2.5,0.0,Aucun
CH-00399,129,Humain,Lapalis,3,-1,180.3,78.3,1,5,-2,0,-1,5,2,1,1,2,5,2,-1,1,12.16,NO,Non-magique,,Aucun talent magique détecté,52.3,26.754,Aucun
CH-00400,30,Elfe,Elfe des bois,3,0,179.7,78.3,1,-1,7,1,3,-7,6,3,2,-2,3,1,3,1,11.32,NO,Non-magique,,Aucun talent magique détecté,50.6,26.4,Transe + Vision nocturne
CH-00401,11,Humain,Sossrim,3,-8,184.4,78.3,1,3,9,1,12,3,-8,1,-4,1,4,2,12,1,43.02,NO,Non-magique,,Aucun talent magique détecté,22.0,18.11,Aucun
CH-00402,15,Nain,Nain d'écu,-1,28,152.3,64.9,-3,-5,2,-1,-4,5,-1,-6,7,-5,-3,-3,-4,-5,-10.05,YES,Magicien,Magie savante,Magicien classique (étude et formules),5.8,8.002,Vision dans le noir + robustesse naine
CH-00403,1,Humain,Calishites,-4,-8,162.0,56.3,-1,2,7,-1,2,0,4,-5,-3,3,-3,-3,2,-3,-3.84,YES,Théurgiste,Théurgie,Théurgiste (magie divine / invocation),-1.8,0.0,Aucun
CH-00404,5,Humain,Mulan,-2,-3,165.4,61.9,-1,2,5,1,6,-4,-6,3,-5,3,-1,-1,6,-2,8.67,NO,Non-magique,,Aucun talent magique détecté,60.9,28.365,Aucun
CH-00405,15,Nain,Nain d'écu,0,18,160.3,68.0,-2,-3,0,0,-1,0,10,-11,4,-3,-1,-2,-1,-2,-5.24,YES,Théurgiste,Théurgie,Théurgiste (magie divine / invocation),-0.2,0.0,Vision dans le noir + robustesse naine
CH-00406,4,Humain,Illuskans,2,1,175.8,74.7,0,-4,-6,-6,-5,0,-1,-1,0,-8,1,-1,-5,-2,-4.71,YES,Théurgiste,Théurgie,Théurgiste (magie divine / invocation),11.0,12.284,Aucun
CH-00407,7,Humain,Tethyrians,-4,-3,159.4,56.3,-2,-1,-5,-2,-5,-1,7,-2,-2,0,-4,-4,-5,-4,-11.01,YES,Magicien,Magie savante,Magicien classique (étude et formules),10.6,11.954,Aucun
CH-00408,16,Nain,Nain d'or,5,18,175.9,86.0,0,-6,-6,-1,-2,3,-1,6,8,-8,3,1,-2,0,4.04,NO,Non-magique,,Aucun talent magique détecté,60.2,28.251,Vision dans le noir + robustesse naine
CH-00409,6,Humain,Rashemi,1,1,172.6,71.3,0,1,6,1,1,7,-6,0,-5,0,1,0,1,0,2.0,NO,Non-magique,,Aucun talent magique détecté,63.6,28.836,Aucun
CH-00410,8,Humain,Chultan,10,-3,206.6,108.8,4,1,-5,2,-6,12,-4,11,-3,-3,10,7,-6,6,49.15,NO,Non-magique,,Aucun talent magique détecté,7.4,9.484,Aucun
CH-00411,100,Demi-orc,Orc,13,3,214.1,125.3,5,-2,0,2,-2,-4,1,-1,-4,-7,12,9,-2,8,70.85,NO,Non-magique,,Aucun talent magique détecté,5.3,7.402,Furie orque
CH-00412,5,Humain,Mulan,3,6,176.2,78.3,0,7,-2,-2,-3,-1,8,-1,11,2,5,2,-3,-1,9.0,NO,Non-magique,,Aucun talent magique détecté,46.7,25.558,Aucun
CH-00413,7,Humain,Tethyrians,8,4,194.6,99.0,3,-1,-2,-3,-4,4,-3,6,-1,-7,8,4,-4,4,29.66,NO,Non-magique,,Aucun talent magique détecté,39.4,23.805,Aucun
CH-00414,99,Humain,Nubari,4,-7,187.3,82.1,2,0,4,-1,-2,-5,5,-4,-5,-3,4,2,-2,2,10.62,NO,Non-magique,,Aucun talent magique détecté,61.0,28.389,Aucun
CH-00415,1,Humain,Calishites,-3,4,158.7,59.1,-2,0,8,3,1,-4,-3,5,9,3,-3,-2,1,-2,-4.4,YES,Théurgiste,Théurgie,Théurgiste (magie divine / invocation),-10.2,0.0,Aucun
CH-00416,42,Demi-orc,Mountain Orc,7,2,192.3,94.5,2,3,-4,0,3,-3,1,4,0,-2,8,5,3,3,37.22,NO,Non-magique,,Aucun talent magique détecté,33.8,22.271,Aucun
CH-00417,6,Humain,Rashemi,0,0,170.0,68.0,0,-1,-2,3,7,-3,-2,1,-1,0,0,0,7,1,16.25,NO,Non-magique,,Aucun talent magique détecté,56.9,27.651,Aucun
CH-00418,2,Humain,Chondathans,1,-2,174.3,71.3,0,0,-4,4,-9,7,-3,-9,-2,1,1,1,-9,1,-1.66,YES,Théurgiste,Théurgie,Théurgiste (magie divine / invocation),3.5,5.376,Aucun
CH-00419,5,Humain,Mulan,-9,8,140.2,44.5,-4,-1,-1,-4,4,-8,1,3,5,1,-9,-8,4,-9,-6.65,YES,Théurgiste,Théurgie,Théurgiste (magie divine / invocation),4.1,6.143,Aucun
CH-00420,123,Humain,Arkaiuns,-2,2,162.8,61.9,-1,0,-3,1,2,-6,8,5,0,1,-2,-2,2,-2,-2.22,YES,Théurgiste,Théurgie,Théurgiste (magie divine / invocation),-3.6,0.0,Aucun
CH-00421,7,Humain,Tethyrians,-5,2,154.0,53.8,-2,2,-3,-1,-1,3,-5,4,4,3,-4,-4,-1,-5,-9.37,YES,Magicien,Magie savante,Magicien classique (étude et formules),4.5,6.531,Aucun
CH-00422,138,Humain,Uthgardt,0,1,169.4,68.0,-1,1,3,2,10,1,10,9,5,2,0,-1,10,-1,23.12,NO,Non-magique,,Aucun talent magique détecté,25.4,19.465,Aucun
CH-00423,2,Humain,Chondathans,3,-2,180.9,78.3,1,-6,11,-4,3,-4,3,-5,6,-9,1,0,3,-1,4.66,NO,Non-magique,,Aucun talent magique détecté,57.3,27.726,Aucun
CH-00424,30,Elfe,Elfe des bois,-16,-5,128.5,32.1,-6,4,0,9,-1,-4,0,6,4,16,-15,-9,-1,-7,-16.22,YES,Double,Magicien & Théurgiste,Double talent : Magicien + Théurgiste,-5.8,0.0,Transe + Vision nocturne
CH-00425,4,Humain,Illuskans,-2,-1,164.4,61.9,-1,-4,2,-2,1,-2,-1,-2,2,-4,-3,-3,1,-3,-5.48,YES,Théurgiste,Théurgie,Théurgiste (magie divine / invocation),7.4,9.409,Aucun
CH-00426,1,Humain,Calishites,-1,6,163.7,64.9,-1,5,0,2,5,12,-4,-2,0,5,1,0,5,-2,8.9,NO,Non-magique,,Aucun talent magique détecté,50.0,26.267,Aucun
CH-00427,1,Humain,Calishites,5,1,185.9,86.0,1,-2,-5,-1,3,4,0,1,0,-5,4,2,3,1,15.26,NO,Non-magique,,Aucun talent magique détecté,55.9,27.462,Aucun
CH-00428,7,Humain,Tethyrians,1,5,170.4,71.3,0,-3,-1,0,-4,-1,1,-5,-2,-3,0,0,-4,0,-2.64,YES,Théurgiste,Théurgie,Théurgiste (magie divine / invocation),7.5,9.498,Aucun
CH-00429,32,Elfe,Elfe noir,-10,5,139.0,42.5,-4,3,-2,-3,3,-4,-3,1,-3,5,-9,-7,3,-8,-8.19,YES,Magicien,Magie savante,Magicien classique (étude et formules),9.8,11.427,"Sorts innés (Darkness, Faerie Fire) + Vision nocturne supérieure"
CH-00430,1,Humain,Calishites,-3,2,159.8,59.1,-2,4,5,2,4,0,2,0,-6,5,-2,-2,4,-3,1.56,NO,Non-magique,,Aucun talent magique détecté,63.4,28.796,Aucun
CH-00431,2,Humain,Chondathans,7,-3,195.4,94.5,3,1,-4,2,1,3,-1,0,-4,-2,7,5,1,4,32.73,NO,Non-magique,,Aucun talent magique détecté,40.4,24.068,Aucun
CH-00432,17,Nain,Nain gris,5,14,178.2,86.0,1,-1,-4,-2,6,-8,5,4,-2,-5,5,2,6,1,25.45,NO,Non-magique,,Aucun talent magique détecté,46.6,25.551,Invisibilité + Agrandissement
CH-00433,4,Humain,Illuskans,3,-3,181.5,78.3,1,-3,-5,-3,-4,10,2,-2,-1,-6,2,1,-4,0,1.0,NO,Non-magique,,Aucun talent magique détecté,65.8,29.194,Aucun
CH-00434,6,Humain,Rashemi,-1,0,166.9,64.9,-1,-2,-3,-6,3,1,2,-3,-1,-5,-2,-3,3,-4,-1.76,YES,Théurgiste,Théurgie,Théurgiste (magie divine / invocation),5.4,7.534,Aucun
CH-00435,1,Humain,Calishites,2,1,175.8,74.7,0,2,-1,4,3,5,-5,-6,-3,3,3,1,3,1,11.32,NO,Non-magique,,Aucun talent magique détecté,60.1,28.224,Aucun
CH-00436,3,Humain,Damarans,-5,0,155.0,53.8,-2,5,-3,-5,2,-2,0,-5,-2,3,-3,-4,2,-6,-5.67,YES,Théurgiste,Théurgie,Théurgiste (magie divine / invocation),9.2,10.96,Aucun
CH-00437,138,Humain,Uthgardt,8,-1,197.8,99.0,3,4,-5,1,-2,1,-4,-2,-5,-1,9,6,-2,5,41.86,NO,Non-magique,,Aucun talent magique détecté,34.9,22.586,Aucun
CH-00438,7,Humain,Tethyrians,-3,7,157.2,59.1,-2,-1,-3,2,5,7,1,0,2,1,-3,-3,5,-3,3.04,NO,Non-magique,,Aucun talent magique détecté,61.3,28.432,Aucun
CH-00439,90,Halfelin,Lightfoot,-12,-1,136.6,38.7,-5,2,-3,4,-4,0,6,0,4,10,-11,-8,-4,-7,-16.19,YES,Sauvage,Sorcier,Magie sauvage - Sorcier,3.1,4.876,Furtivité naturelle
CH-00440,7,Humain,Tethyrians,-1,1,166.3,64.9,-1,-3,-2,-5,-1,0,0,0,-1,-5,-2,-3,-1,-4,-7.42,YES,Magicien,Magie savante,Magicien classique (étude et formules),10.9,12.2,Aucun
CH-00441,11,Humain,Sossrim,4,1,182.5,82.1,1,-7,3,-1,-8,1,-1,3,-2,-9,2,1,-8,1,0.35,NO,Non-magique,,Aucun talent magique détecté,70.3,29.912,Aucun
CH-00442,9,Humain,Turami,1,2,172.1,71.3,0,3,1,-4,-7,0,8,0,8,-1,2,0,-7,-2,-2.88,YES,Théurgiste,Théurgie,Théurgiste (magie divine / invocation),-8.8,0.0,Aucun
CH-00443,99,Humain,Nubari,7,6,189.8,94.5,2,3,2,-1,-2,-2,-6,8,-1,-2,8,4,-2,2,26.36,NO,Non-magique,,Aucun talent magique détecté,41.4,24.328,Aucun
CH-00444,15,Nain,Nain d'écu,9,26,184.5,103.8,1,1,-1,3,0,-4,4,0,-4,-2,9,5,0,4,38.15,NO,Non-magique,,Aucun talent magique détecté,34.3,22.409,Vision dans le noir + robustesse naine
CH-00445,3,Humain,Damarans,-6,1,151.6,51.3,-3,-4,-1,0,-5,2,1,4,-4,-1,-7,-6,-5,-5,-13.59,YES,Magicien,Magie savante,Magicien classique (étude et formules),12.2,13.07,Aucun
CH-00446,30,Elfe,Elfe des bois,0,-2,171.1,68.0,0,5,9,-2,4,6,1,4,-7,2,2,0,4,-1,8.6,NO,Non-magique,,Aucun talent magique détecté,49.1,26.094,Transe + Vision nocturne
CH-00447,1,Humain,Calishites,3,0,179.7,78.3,1,-5,1,-5,-3,2,3,-9,3,-9,1,0,-3,-1,-2.16,YES,Théurgiste,Théurgie,Théurgiste (magie divine / invocation),3.4,5.34,Aucun
CH-00448,3,Humain,Damarans,5,3,184.7,86.0,1,3,-1,4,4,-2,1,-2,-5,2,6,4,4,3,30.87,NO,Non-magique,,Aucun talent magique détecté,41.9,24.446,Aucun
CH-00449,42,Demi-orc,Mountain Orc,2,-8,181.1,74.7,1,-3,2,5,5,6,-3,-5,1,-1,1,1,5,2,14.16,NO,Non-magique,,Aucun talent magique détecté,54.1,27.113,Aucun
CH-00450,116,Humain,Talfir,6,8,185.1,90.2,1,0,-2,0,5,0,-6,-1,3,-3,6,3,5,2,29.11,NO,Non-magique,,Aucun talent magique détecté,44.3,25.02,Aucun
CH-00451,9,Humain,Turami,1,7,169.3,71.3,-1,0,-1,-2,-2,0,0,6,4,-2,1,-1,-2,-2,-3.24,YES,Théurgiste,Théurgie,Théurgiste (magie divine / invocation),-1.8,0.0,Aucun
CH-00452,11,Humain,Sossrim,-7,-4,151.3,48.9,-3,2,-1,-4,7,5,-2,-2,2,2,-6,-6,7,-7,4.33,NO,Non-magique,,Aucun talent magique détecté,62.6,28.671,Aucun
CH-00453,3,Humain,Damarans,10,2,203.2,108.8,4,9,-3,2,4,-4,-7,-3,2,3,13,8,4,6,73.9,NO,Non-magique,,Aucun talent magique détecté,0.4,0.697,Aucun
CH-00454,1,Humain,Calishites,0,7,166.2,68.0,-1,4,-4,0,-7,-2,6,-4,7,3,1,0,-7,-1,-3.9,YES,Théurgiste,Théurgie,Théurgiste (magie divine / invocation),-2.3,0.0,Aucun
CH-00455,2,Humain,Chondathans,0,-5,172.8,68.0,0,-1,0,-2,7,3,-1,-3,4,-2,0,-1,7,-1,13.25,NO,Non-magique,,Aucun talent magique détecté,55.4,27.352,Aucun
CH-00456,7,Humain,Tethyrians,3,-2,180.9,78.3,1,9,-4,0,7,9,-9,-5,0,5,6,3,7,1,33.2,NO,Non-magique,,Aucun talent magique détecté,33.7,22.243,Aucun
CH-00457,2,Humain,Chondathans,4,-12,190.4,82.1,2,1,0,-5,-6,1,4,4,1,-5,4,2,-6,1,7.09,NO,Non-magique,,Aucun talent magique détecté,59.1,28.042,Aucun
CH-00458,12,Halfelin,Strongheart,-12,-4,137.9,38.7,-5,3,-6,3,-5,-1,3,12,1,10,-11,-8,-5,-7,-16.64,YES,Sauvage,Psionique,Magie sauvage - Psionique,-1.4,0.0,Robustesse halfeline
CH-00459,133,Humain,Tashaliens,-1,7,163.1,64.9,-1,-3,-9,-1,-2,0,-2,-7,-3,-3,-2,-2,-2,-3,-7.02,YES,Magicien,Magie savante,Magicien classique (étude et formules),16.6,15.58,Aucun
CH-00460,1,Humain,Calishites,-7,5,146.9,48.9,-3,-2,3,0,-4,-3,-4,-5,4,1,-8,-6,-4,-5,-13.53,YES,Magicien,Magie savante,Magicien classique (étude et formules),14.0,14.154,Aucun
CH-00461,17,Nain,Nain gris,-2,14,156.5,61.9,-2,1,4,8,0,1,7,1,-5,6,-2,-1,0,-1,-3.62,YES,Théurgiste,Théurgie,Théurgiste (magie divine / invocation),-6.7,0.0,Invisibilité + Agrandissement
CH-00462,15,Nain,Nain d'écu,8,20,184.7,99.0,1,1,-14,-3,2,9,2,-1,2,-5,8,4,2,2,30.62,NO,Non-magique,,Aucun talent magique détecté,37.0,23.171,Vision dans le noir + robustesse naine
CH-00463,7,Humain,Tethyrians,-5,1,154.5,53.8,-2,-1,-8,-3,8,0,0,0,3,-1,-5,-5,8,-5,9.11,NO,Non-magique,,Aucun talent magique détecté,62.6,28.664,Aucun
CH-00464,1,Humain,Calishites,-2,4,161.7,61.9,-2,2,3,2,2,-1,-4,-5,2,3,-1,-2,2,-3,-2.14,YES,Théurgiste,Théurgie,Théurgiste (magie divine / invocation),1.8,3.144,Aucun
CH-00465,2,Humain,Chondathans,-4,-5,160.5,56.3,-2,7,3,0,2,0,7,-6,-3,7,-2,-2,2,-3,-2.76,YES,Théurgiste,Théurgie,Théurgiste (magie divine / invocation),-5.0,0.0,Aucun
CH-00466,127,Humain,Imaskari,-3,-9,165.6,59.1,-1,6,0,5,-5,2,-1,1,3,9,-1,-1,-5,-1,-6.09,YES,Théurgiste,Théurgie,Théurgiste (magie divine / invocation),-3.7,0.0,Aucun
CH-00467,9,Humain,Turami,7,5,190.4,94.5,2,-1,-1,-7,-7,0,4,0,6,-9,7,3,-7,0,16.01,NO,Non-magique,,Aucun talent magique détecté,51.3,26.54,Aucun
CH-00468,7,Humain,Tethyrians,1,-4,175.4,71.3,0,-1,6,-7,2,-4,-5,1,5,-6,1,-1,2,-3,0.48,NO,Non-magique,,Aucun talent magique détecté,68.0,29.56,Aucun
CH-00469,16,Nain,Nain d'or,4,17,173.2,82.1,0,-2,1,2,4,-1,-4,-1,3,-3,3,2,4,1,15.26,NO,Non-magique,,Aucun talent magique détecté,56.5,27.574,Vision dans le noir + robustesse naine
CH-00470,16,Nain,Nain d'or,5,24,172.5,86.0,0,1,-2,5,3,0,3,4,5,1,5,3,3,2,21.48,NO,Non-magique,,Aucun talent magique détecté,41.6,24.36,Vision dans le noir + robustesse naine
CH-00471,3,Humain,Damarans,5,5,183.5,86.0,1,5,-3,-2,4,3,6,-1,4,0,7,3,4,1,27.87,NO,Non-magique,,Aucun talent magique détecté,35.8,22.838,Aucun
CH-00472,116,Humain,Talfir,2,1,175.8,74.7,0,5,6,-2,1,2,5,2,-4,1,4,1,1,-1,7.96,NO,Non-magique,,Aucun talent magique détecté,53.8,27.059,Aucun
CH-00473,15,Nain,Nain d'écu,3,12,172.8,78.3,0,-4,-3,0,-2,4,8,9,-7,-5,2,0,-2,0,1.02,NO,Non-magique,,Aucun talent magique détecté,59.9,28.198,Vision dans le noir + robustesse naine
CH-00474,138,Humain,Uthgardt,-9,10,139.3,44.5,-4,0,-1,0,3,7,1,-2,-5,4,-9,-7,3,-7,-7.8,YES,Magicien,Magie savante,Magicien classique (étude et formules),3.5,5.362,Aucun
CH-00475,138,Humain,Uthgardt,1,5,170.4,71.3,0,0,-7,2,-2,-4,7,-2,2,0,1,0,-2,0,-0.62,YES,Théurgiste,Théurgie,Théurgiste (magie divine / invocation),-0.0,0.0,Aucun
CH-00476,2,Humain,Chondathans,-4,-8,162.0,56.3,-1,1,-4,-1,-3,3,3,5,5,2,-4,-3,-3,-3,-9.12,YES,Magicien,Magie savante,Magicien classique (étude et formules),-0.1,0.0,Aucun
CH-00477,6,Humain,Rashemi,2,-3,178.1,74.7,1,-1,-6,-1,-1,0,3,0,5,-3,2,1,-1,0,2.64,NO,Non-magique,,Aucun talent magique détecté,66.2,29.265,Aucun
CH-00478,2,Humain,Chondathans,-4,-5,160.5,56.3,-2,-2,1,-2,5,-2,-4,-5,5,-1,-5,-4,5,-4,1.15,NO,Non-magique,,Aucun talent magique détecté,70.4,29.928,Aucun
CH-00479,3,Humain,Damarans,-2,3,162.2,61.9,-1,-2,4,1,-4,4,2,2,-1,-1,-3,-2,-4,-2,-8.04,YES,Magicien,Magie savante,Magicien classique (étude et formules),1.9,3.288,Aucun
CH-00480,6,Humain,Rashemi,4,2,181.9,82.1,1,3,3,4,8,1,7,-1,1,2,5,3,8,3,37.22,NO,Non-magique,,Aucun talent magique détecté,24.5,19.118,Aucun
CH-00481,7,Humain,Tethyrians,2,3,174.7,74.7,0,-1,-3,-2,-3,1,-2,1,-1,-3,2,0,-3,-1,-0.52,YES,Théurgiste,Théurgie,Théurgiste (magie divine / invocation),3.6,5.509,Aucun
CH-00482,16,Nain,Nain d'or,7,17,183.1,94.5,1,2,-2,5,3,0,4,-4,1,1,8,5,3,3,37.22,NO,Non-magique,,Aucun talent magique détecté,32.0,21.701,Vision dans le noir + robustesse naine
CH-00483,2,Humain,Chondathans,1,0,173.2,71.3,0,-6,-2,0,0,0,3,-3,1,-6,-1,-1,0,0,-2.0,YES,Théurgiste,Théurgie,Théurgiste (magie divine / invocation),4.4,6.483,Aucun
CH-00484,138,Humain,Uthgardt,4,5,180.1,82.1,1,-5,0,0,0,5,-1,-3,-3,-6,2,1,0,2,6.28,NO,Non-magique,,Aucun talent magique détecté,66.1,29.255,Aucun
CH-00485,32,Elfe,Elfe noir,-2,1,163.3,61.9,-1,-5,4,-4,2,2,2,1,2,-6,-4,-3,2,-4,-4.8,YES,Théurgiste,Théurgie,Théurgiste (magie divine / invocation),0.9,1.643,"Sorts innés (Darkness, Faerie Fire) + Vision nocturne supérieure"
CH-00486,138,Humain,Uthgardt,7,6,189.8,94.5,2,-1,3,-3,-1,1,1,1,6,-7,7,3,-1,2,21.55,NO,Non-magique,,Aucun talent magique détecté,43.8,24.899,Aucun
CH-00487,39,Gnome,Gnome des roches,-12,-3,137.5,38.7,-5,-1,1,1,-4,-2,6,-9,6,5,-12,-9,-4,-8,-17.28,YES,Sauvage,Psionique,Magie sauvage - Psionique,9.7,11.341,Affinité illusion
CH-00488,2,Humain,Chondathans,-1,3,165.3,64.9,-1,-3,3,3,3,-6,-4,0,-6,-1,-2,-1,3,-1,1.04,NO,Non-magique,,Aucun talent magique détecté,74.2,30.507,Aucun
CH-00489,5,Humain,Mulan,-4,2,156.8,56.3,-2,-3,-5,-1,3,-3,-9,-4,-5,-2,-5,-4,3,-4,-3.71,YES,Théurgiste,Théurgie,Théurgiste (magie divine / invocation),15.1,14.789,Aucun
CH-00490,2,Humain,Chondathans,-3,2,159.8,59.1,-2,-2,-4,1,-3,-4,-8,-3,-6,0,-4,-3,-3,-3,-9.12,YES,Magicien,Magie savante,Magicien classique (étude et formules),19.3,16.924,Aucun
CH-00491,1,Humain,Calishites,4,4,180.7,82.1,1,0,3,-5,2,3,4,-11,5,-5,4,1,2,0,10.6,NO,Non-magique,,Aucun talent magique détecté,56.0,27.481,Aucun
CH-00492,30,Elfe,Elfe des bois,4,5,180.1,82.1,1,7,-5,4,2,2,3,-7,9,6,6,4,2,3,26.55,NO,Non-magique,,Aucun talent magique détecté,34.5,22.459,Transe + Vision nocturne
CH-00493,138,Humain,Uthgardt,0,5,167.3,68.0,-1,-5,2,0,-7,7,-6,-4,3,-4,-2,-2,-7,-1,-8.14,YES,Magicien,Magie savante,Magicien classique (étude et formules),6.3,8.41,Aucun
CH-00494,1,Humain,Calishites,-1,-8,171.3,64.9,0,-3,2,2,12,6,2,0,-5,-1,-2,-1,12,-1,28.8,NO,Non-magique,,Aucun talent magique détecté,37.6,23.32,Aucun
CH-00495,7,Humain,Tethyrians,-5,-5,157.5,53.8,-2,3,5,-2,-2,-7,-1,5,3,3,-4,-4,-2,-5,-9.99,YES,Magicien,Magie savante,Magicien classique (étude et formules),3.3,5.192,Aucun
CH-00496,1,Humain,Calishites,0,6,166.7,68.0,-1,-2,-1,-2,1,0,-5,-9,4,-3,-1,-2,1,-2,-3.24,YES,Théurgiste,Théurgie,Théurgiste (magie divine / invocation),7.9,9.914,Aucun
CH-00497,5,Humain,Mulan,3,1,179.1,78.3,1,-7,-4,-4,-4,-2,2,-8,4,-10,1,0,-4,-1,-2.64,YES,Théurgiste,Théurgie,Théurgiste (magie divine / invocation),8.2,10.103,Aucun
CH-00498,4,Humain,Illuskans,2,0,176.4,74.7,0,2,-6,-5,9,-3,3,0,1,-3,3,0,9,-2,24.71,NO,Non-magique,,Aucun talent magique détecté,48.1,25.874,Aucun
CH-00499,77,Autre,Grimlock,10,0,204.6,108.8,4,3,-1,-2,-6,4,-4,-2,-4,-4,11,7,-6,5,49.96,NO,Non-magique,,Aucun talent magique détecté,24.2,19.023,Aveugle + odorat
CH-00500,10,Humain,Ffolk,3,-2,180.9,78.3,1,4,0,2,-2,-2,6,1,3,2,4,3,-2,1,11.0,NO,Non-magique,,Aucun talent magique détecté,52.6,26.803,Aucun
CH-00501,9,Humain,Turami,-11,2,137.8,40.5,-5,-2,-6,5,-7,8,-6,4,-8,6,-12,-8,-7,-7,-17.78,YES,Sauvage,Warlock,Magie sauvage - Warlock,13.3,13.727,Aucun
CH-00502,138,Humain,Uthgardt,2,6,173.0,74.7,0,0,6,1,4,1,-3,-2,5,-1,2,1,4,0,10.6,NO,Non-magique,,Aucun talent magique détecté,54.5,27.182,Aucun
CH-00503,4,Humain,Illuskans,3,-4,182.1,78.3,1,3,0,4,-1,-1,-7,9,-2,3,4,3,-1,2,13.26,NO,Non-magique,,Aucun talent magique détecté,52.2,26.735,Aucun
CH-00504,129,Humain,Lapalis,-6,0,152.1,51.3,-3,4,1,6,-1,4,-5,-6,-6,9,-5,-3,-1,-3,-8.41,YES,Magicien,Magie savante,Magicien classique (étude et formules),5.4,7.577,Aucun
CH-00505,2,Humain,Chondathans,4,-1,183.7,82.1,1,2,-12,2,-11,0,7,3,-8,0,5,3,-11,2,11.46,NO,Non-magique,,Aucun talent magique détecté,58.7,27.979,Aucun
CH-00506,123,Humain,Arkaiuns,0,2,168.9,68.0,-1,-1,-2,-4,3,-4,3,-3,2,-4,0,-2,3,-3,0.88,NO,Non-magique,,Aucun talent magique détecté,72.0,30.178,Aucun
CH-00507,15,Nain,Nain d'écu,-7,15,142.2,48.9,-4,0,5,-4,-3,0,8,-4,2,1,-7,-7,-3,-8,-14.25,YES,Magicien,Magie savante,Magicien classique (étude et formules),5.3,7.463,Vision dans le noir + robustesse naine
CH-00508,5,Humain,Mulan,-3,3,159.3,59.1,-2,-5,3,4,-2,4,4,4,-2,-1,-5,-3,-2,-2,-8.49,YES,Magicien,Magie savante,Magicien classique (étude et formules),0.9,1.619,Aucun
CH-00509,10,Humain,Ffolk,4,4,180.7,82.1,1,-2,5,1,7,-4,1,-1,-3,-3,3,2,7,2,25.19,NO,Non-magique,,Aucun talent magique détecté,46.0,25.41,Aucun
CH-00510,2,Humain,Chondathans,-6,5,149.7,51.3,-3,-4,-3,-4,1,-5,-7,1,1,-3,-7,-6,1,-7,-10.31,YES,Magicien,Magie savante,Magicien classique (étude et formules),16.7,15.662,Aucun
CH-00511,15,Nain,Nain d'écu,-2,12,157.5,61.9,-2,-5,-4,-2,-3,5,3,-4,2,-5,-4,-4,-3,-4,-10.08,YES,Magicien,Magie savante,Magicien classique (étude et formules),9.6,11.229,Vision dans le noir + robustesse naine
CH-00512,2,Humain,Chondathans,0,-2,171.1,68.0,0,-4,-1,2,2,0,8,-1,1,-2,-1,-1,2,0,0.64,NO,Non-magique,,Aucun talent magique détecté,64.9,29.053,Aucun
CH-00513,116,Humain,Talfir,-7,5,146.9,48.9,-3,-8,-4,1,-4,-9,-5,-2,3,-3,-10,-7,-4,-5,-14.64,YES,Magicien,Magie savante,Magicien classique (étude et formules),22.2,18.207,Aucun
CH-00514,30,Elfe,Elfe des bois,3,-2,180.9,78.3,1,-1,0,3,3,-5,4,-3,-2,-1,3,2,3,2,14.6,NO,Non-magique,,Aucun talent magique détecté,57.8,27.816,Transe + Vision nocturne
CH-00515,6,Humain,Rashemi,-7,2,148.4,48.9,-3,-1,-3,-1,0,3,0,0,-5,2,-7,-6,0,-6,-10.92,YES,Magicien,Magie savante,Magicien classique (étude et formules),11.5,12.589,Aucun
CH-00516,131,Humain,Raumviriens,-6,-1,152.6,51.3,-3,-5,-4,-1,0,4,5,-3,5,-2,-8,-6,0,-6,-11.31,YES,Magicien,Magie savante,Magicien classique (étude et formules),6.5,8.675,Aucun
CH-00517,5,Humain,Mulan,-4,2,156.8,56.3,-2,3,0,-3,0,1,7,5,5,2,-3,-3,0,-4,-6.96,YES,Théurgiste,Théurgie,Théurgiste (magie divine / invocation),-5.9,0.0,Aucun
CH-00518,2,Humain,Chondathans,3,0,179.7,78.3,1,4,-2,-6,2,0,0,-7,-2,-2,4,1,2,-1,9.6,NO,Non-magique,,Aucun talent magique détecté,65.9,29.219,Aucun
CH-00519,10,Humain,Ffolk,7,1,192.9,94.5,2,-6,-4,0,-5,-1,-3,-5,-3,-9,5,3,-5,3,15.75,NO,Non-magique,,Aucun talent magique détecté,64.5,28.979,Aucun
CH-00520,30,Elfe,Elfe des bois,-3,1,160.3,59.1,-2,2,6,-2,-2,-1,-4,5,-1,1,-2,-3,-2,-4,-8.04,YES,Magicien,Magie savante,Magicien classique (étude et formules),3.0,4.83,Transe + Vision nocturne
CH-00521,3,Humain,Damarans,-2,6,160.7,61.9,-2,-1,0,-1,-4,0,3,-6,-3,-1,-2,-3,-4,-4,-9.06,YES,Magicien,Magie savante,Magicien classique (étude et formules),11.6,12.629,Aucun
CH-00522,2,Humain,Chondathans,2,-3,178.1,74.7,1,3,1,0,4,-4,1,-1,3,1,3,2,4,1,15.26,NO,Non-magique,,Aucun talent magique détecté,53.6,27.014,Aucun
CH-00523,11,Humain,Sossrim,1,4,170.9,71.3,0,3,1,-4,3,4,3,0,8,-1,2,0,3,-2,5.68,NO,Non-magique,,Aucun talent magique détecté,54.3,27.14,Aucun
CH-00524,1,Humain,Calishites,-1,0,166.9,64.9,-1,5,-4,-7,3,-2,2,-1,5,0,1,-2,3,-5,0.95,NO,Non-magique,,Aucun talent magique détecté,67.9,29.543,Aucun
CH-00525,9,Humain,Turami,6,2,188.7,90.2,2,2,-1,5,4,5,-1,4,6,1,7,5,4,4,38.69,NO,Non-magique,,Aucun talent magique détecté,22.2,18.188,Aucun
CH-00526,1,Humain,Calishites,-9,1,143.5,44.5,-4,3,3,-2,0,1,1,-1,5,5,-8,-7,0,-8,-12.48,YES,Magicien,Magie savante,Magicien classique (étude et formules),3.8,5.78,Aucun
CH-00527,2,Humain,Chondathans,8,-3,199.1,99.0,3,-1,0,-4,-1,6,6,0,3,-8,8,4,-1,3,29.0,NO,Non-magique,,Aucun talent magique détecté,34.2,22.388,Aucun
CH-00528,12,Halfelin,Strongheart,-11,1,138.2,40.5,-4,7,-2,-3,1,-5,5,-1,4,9,-9,-7,1,-8,-11.85,YES,Magicien,Magie savante,Magicien classique (étude et formules),2.9,4.577,Robustesse halfeline
CH-00529,16,Nain,Nain d'or,0,28,155.2,68.0,-2,2,-2,2,-2,2,-1,-2,-3,2,1,-1,-2,-2,-3.24,YES,Théurgiste,Théurgie,Théurgiste (magie divine / invocation),4.7,6.841,Vision dans le noir + robustesse naine
CH-00530,7,Humain,Tethyrians,5,-1,187.1,86.0,2,2,4,0,-6,-5,1,1,0,-1,6,3,-6,3,18.1,NO,Non-magique,,Aucun talent magique détecté,51.0,26.48,Aucun
CH-00531,3,Humain,Damarans,1,7,169.3,71.3,-1,-1,-2,5,2,-4,3,-1,5,1,1,0,2,0,3.64,NO,Non-magique,,Aucun talent magique détecté,64.1,28.913,Aucun
CH-00532,30,Elfe,Elfe des bois,-4,-1,158.4,56.3,-2,1,2,2,10,3,9,6,-5,4,-4,-3,10,-3,18.16,NO,Non-magique,,Aucun talent magique détecté,37.7,23.373,Transe + Vision nocturne
CH-00533,2,Humain,Chondathans,-2,4,161.7,61.9,-2,-5,-11,5,6,3,-3,-4,3,0,-4,-2,6,-2,6.41,NO,Non-magique,,Aucun talent magique détecté,66.8,29.369,Aucun
CH-00534,6,Humain,Rashemi,8,5,193.9,99.0,2,-2,1,-6,2,4,4,-2,0,-10,7,3,2,2,25.19,NO,Non-magique,,Aucun talent magique détecté,43.8,24.895,Aucun
CH-00535,1,Humain,Calishites,0,6,166.7,68.0,-1,-2,-6,4,-6,2,-6,-4,10,0,-1,-1,-6,0,-5.51,YES,Théurgiste,Théurgie,Théurgiste (magie divine / invocation),2.9,4.617,Aucun
CH-00536,6,Humain,Rashemi,-2,-1,164.4,61.9,-1,1,-3,5,-6,-2,5,0,-1,4,-2,-1,-6,-1,-7.13,YES,Magicien,Magie savante,Magicien classique (étude et formules),4.3,6.358,Aucun
CH-00537,138,Humain,Uthgardt,2,0,176.4,74.7,0,2,5,2,1,-3,0,-4,-1,1,3,1,1,0,6.66,NO,Non-magique,,Aucun talent magique détecté,63.2,28.767,Aucun
CH-00538,2,Humain,Chondathans,2,3,174.7,74.7,0,7,6,-4,0,5,2,-5,-3,2,4,1,0,-2,6.34,NO,Non-magique,,Aucun talent magique détecté,57.7,27.792,Aucun
CH-00539,16,Nain,Nain d'or,9,18,189.4,103.8,2,2,7,-7,-2,2,0,1,2,-8,10,4,-2,1,31.46,NO,Non-magique,,Aucun talent magique détecté,33.9,22.28,Vision dans le noir + robustesse naine
CH-00540,76,Autre,Gray Orc,3,4,177.4,78.3,0,5,6,-7,2,4,1,0,-5,-2,5,1,2,-3,11.0,NO,Non-magique,,Aucun talent magique détecté,55.1,27.296,Aucun
CH-00541,5,Humain,Mulan,-3,-3,162.4,59.1,-1,-4,-5,-2,7,-1,-6,-2,-4,-3,-4,-3,7,-3,8.29,NO,Non-magique,,Aucun talent magique détecté,70.7,29.977,Aucun
CH-00542,7,Humain,Tethyrians,6,-1,190.6,90.2,2,-3,1,2,1,2,1,-2,4,-5,5,3,1,3,19.84,NO,Non-magique,,Aucun talent magique détecté,48.6,25.973,Aucun
CH-00543,5,Humain,Mulan,-3,-1,161.3,59.1,-2,0,-1,-3,-3,2,-9,-5,0,-1,-3,-3,-3,-4,-9.12,YES,Magicien,Magie savante,Magicien classique (étude et formules),14.3,14.323,Aucun
CH-00544,138,Humain,Uthgardt,-1,2,165.8,64.9,-1,-4,-4,-1,7,4,2,8,5,-4,-2,-2,7,-3,9.85,NO,Non-magique,,Aucun talent magique détecté,51.0,26.495,Aucun
CH-00545,15,Nain,Nain d'écu,1,20,162.3,71.3,-1,4,1,-5,6,0,1,-4,6,-1,2,-1,6,-3,11.77,NO,Non-magique,,Aucun talent magique détecté,55.4,27.359,Vision dans le noir + robustesse naine
CH-00546,15,Nain,Nain d'écu,0,16,161.4,68.0,-2,2,-1,1,3,-4,0,0,-6,2,1,-1,3,-2,3.04,NO,Non-magique,,Aucun talent magique détecté,70.5,29.942,Vision dans le noir + robustesse naine
CH-00547,7,Humain,Tethyrians,2,-1,177.0,74.7,0,-4,6,-1,-6,-4,3,-4,6,-5,1,0,-6,-1,-3.51,YES,Théurgiste,Théurgie,Théurgiste (magie divine / invocation),-0.7,0.0,Aucun
CH-00548,2,Humain,Chondathans,-4,-7,161.5,56.3,-2,1,-1,3,1,3,1,-4,-5,4,-4,-3,1,-2,-5.42,YES,Théurgiste,Théurgie,Théurgiste (magie divine / invocation),5.0,7.143,Aucun
CH-00549,16,Nain,Nain d'or,9,18,189.4,103.8,2,4,-1,7,4,6,6,4,-5,2,10,7,4,6,59.62,NO,Non-magique,,Aucun talent magique détecté,1.4,2.501,Vision dans le noir + robustesse naine
CH-00550,138,Humain,Uthgardt,-5,14,148.1,53.8,-3,-3,1,-5,7,4,2,7,4,-3,-6,-6,7,-7,4.33,NO,Non-magique,,Aucun talent magique détecté,55.6,27.406,Aucun
CH-00551,138,Humain,Uthgardt,10,3,202.6,108.8,4,-3,5,6,4,6,9,4,-6,-4,9,7,4,8,62.26,NO,Non-magique,,Aucun talent magique détecté,-4.6,0.0,Aucun
CH-00552,1,Humain,Calishites,-5,-3,156.5,53.8,-2,1,4,5,-4,-3,-3,4,-4,6,-5,-3,-4,-3,-10.05,YES,Magicien,Magie savante,Magicien classique (étude et formules),5.6,7.785,Aucun
CH-00553,1,Humain,Calishites,-6,1,151.6,51.3,-3,-1,-1,-2,-7,0,-1,5,2,1,-6,-5,-7,-6,-14.01,YES,Magicien,Magie savante,Magicien classique (étude et formules),10.2,11.661,Aucun
CH-00554,2,Humain,Chondathans,1,6,169.8,71.3,-1,-4,-3,0,-5,2,5,2,3,-4,0,-1,-5,-1,-5.09,YES,Théurgiste,Théurgie,Théurgiste (magie divine / invocation),1.0,1.857,Aucun
CH-00555,7,Humain,Tethyrians,-4,-1,158.4,56.3,-2,0,-7,2,5,1,1,1,6,3,-4,-3,5,-3,2.56,NO,Non-magique,,Aucun talent magique détecté,62.8,28.699,Aucun
CH-00556,15,Nain,Nain d'écu,6,16,180.3,90.2,1,1,7,-1,-2,1,9,-1,-4,-3,6,3,-2,1,16.33,NO,Non-magique,,Aucun talent magique détecté,44.9,25.162,Vision dans le noir + robustesse naine
CH-00557,15,Nain,Nain d'écu,6,16,180.3,90.2,1,-3,0,0,-1,12,6,4,-3,-6,5,3,-1,2,15.82,NO,Non-magique,,Aucun talent magique détecté,40.9,24.183,Vision dans le noir + robustesse naine
CH-00558,1,Humain,Calishites,3,2,178.5,78.3,1,-1,1,8,1,3,-2,-3,2,2,3,3,1,3,14.98,NO,Non-magique,,Aucun talent magique détecté,52.8,26.854,Aucun
CH-00559,7,Humain,Tethyrians,0,9,165.1,68.0,-1,2,-3,2,-6,1,2,8,-3,2,1,0,-6,-1,-3.51,YES,Théurgiste,Théurgie,Théurgiste (magie divine / invocation),-2.4,0.0,Aucun
CH-00560,3,Humain,Damarans,7,-1,194.1,94.5,3,2,-6,-1,2,3,7,-2,-4,-3,8,5,2,3,35.2,NO,Non-magique,,Aucun talent magique détecté,34.6,22.492,Aucun
CH-00561,132,Humain,Shaaryens,-1,2,165.8,64.9,-1,0,2,5,-2,6,4,-1,-8,3,-1,-1,-2,-1,-4.62,YES,Théurgiste,Théurgie,Théurgiste (magie divine / invocation),-1.2,0.0,Aucun
CH-00562,4,Humain,Illuskans,2,4,174.1,74.7,0,5,1,5,-4,6,-6,4,4,6,4,2,-4,1,7.96,NO,Non-magique,,Aucun talent magique détecté,51.1,26.499,Aucun
CH-00563,15,Nain,Nain d'écu,2,20,165.3,74.7,-1,4,2,4,-7,-1,5,-2,3,4,3,1,-7,0,1.76,NO,Non-magique,,Aucun talent magique détecté,61.2,28.423,Vision dans le noir + robustesse naine
CH-00564,6,Humain,Rashemi,4,4,180.7,82.1,1,3,-3,4,3,3,4,-4,-7,2,5,3,3,3,23.5,NO,Non-magique,,Aucun talent magique détecté,47.0,25.627,Aucun
CH-00565,16,Nain,Nain d'or,7,19,181.9,94.5,1,-1,1,0,-3,-1,-3,-1,-5,-5,7,3,-3,2,20.39,NO,Non-magique,,Aucun talent magique détecté,55.6,27.391,Vision dans le noir + robustesse naine
CH-00566,2,Humain,Chondathans,1,6,169.8,71.3,-1,1,1,-4,-2,0,3,-1,-4,-3,1,-1,-2,-3,-3.78,YES,Théurgiste,Théurgie,Théurgiste (magie divine / invocation),5.1,7.21,Aucun
CH-00567,138,Humain,Uthgardt,8,4,194.6,99.0,3,-7,8,0,-7,3,4,0,1,-10,6,4,-7,5,24.87,NO,Non-magique,,Aucun talent magique détecté,38.0,23.445,Aucun
CH-00568,39,Gnome,Gnome des roches,-18,5,119.9,29.2,-7,-3,0,4,5,4,6,-3,-1,9,-19,-13,5,-11,-9.71,YES,Magicien,Magie savante,Magicien classique (étude et formules),-1.8,0.0,Affinité illusion
CH-00569,2,Humain,Chondathans,0,4,167.8,68.0,-1,-1,-9,-4,0,-4,-2,-9,-2,-4,0,-2,0,-3,-3.78,YES,Théurgiste,Théurgie,Théurgiste (magie divine / invocation),15.5,15.032,Aucun
CH-00570,3,Humain,Damarans,5,-7,190.8,86.0,2,-2,-5,-2,-1,1,-1,-2,2,-6,4,2,-1,2,11.24,NO,Non-magique,,Aucun talent magique détecté,63.0,28.736,Aucun
CH-00571,8,Humain,Chultan,5,7,182.3,86.0,1,8,1,-3,1,0,3,-2,1,2,8,3,1,1,25.04,NO,Non-magique,,Aucun talent magique détecté,42.0,24.459,Aucun
CH-00572,2,Humain,Chondathans,3,2,178.5,78.3,1,8,6,-5,3,-4,7,0,5,1,6,2,3,-1,18.59,NO,Non-magique,,Aucun talent magique détecté,40.6,24.106,Aucun
CH-00573,2,Humain,Chondathans,0,3,168.3,68.0,-1,4,-1,0,3,-8,-4,-3,4,3,1,0,3,-1,4.66,NO,Non-magique,,Aucun talent magique détecté,67.7,29.508,Aucun
CH-00574,2,Humain,Chondathans,-2,-3,165.4,61.9,-1,-1,7,1,-4,7,-3,0,8,0,-2,-2,-4,-2,-7.5,YES,Magicien,Magie savante,Magicien classique (étude et formules),-6.7,0.0,Aucun
CH-00575,1,Humain,Calishites,2,0,176.4,74.7,0,-7,-8,3,0,-6,5,-2,6,-5,0,0,0,1,1.0,NO,Non-magique,,Aucun talent magique détecté,70.2,29.902,Aucun
CH-00576,1,Humain,Calishites,-6,-4,154.1,51.3,-2,6,-1,-2,0,2,-7,1,-4,6,-4,-4,0,-5,-8.37,YES,Magicien,Magie savante,Magicien classique (étude et formules),7.6,9.664,Aucun
CH-00577,4,Humain,Illuskans,7,-2,194.8,94.5,3,-5,-5,4,-2,0,-4,4,0,-6,5,4,-2,5,24.38,NO,Non-magique,,Aucun talent magique détecté,49.4,26.15,Aucun
CH-00578,3,Humain,Damarans,-1,0,166.9,64.9,-1,-2,-1,-6,-6,3,2,-5,0,-5,-2,-3,-6,-4,-9.93,YES,Magicien,Magie savante,Magicien classique (étude et formules),11.7,12.74,Aucun
CH-00579,3,Humain,Damarans,6,9,184.5,90.2,1,2,4,-8,9,2,-1,2,1,-7,7,2,9,-1,38.56,NO,Non-magique,,Aucun talent magique détecté,29.4,20.893,Aucun
CH-00580,3,Humain,Damarans,-6,-4,154.1,51.3,-2,5,0,-5,4,-3,-2,-2,-6,4,-4,-4,4,-6,-1.83,YES,Théurgiste,Théurgie,Théurgiste (magie divine / invocation),5.0,7.157,Aucun
CH-00581,2,Humain,Chondathans,-3,4,158.7,59.1,-2,-6,-1,-3,-2,-6,0,5,1,-6,-5,-4,-2,-4,-9.99,YES,Magicien,Magie savante,Magicien classique (étude et formules),11.6,12.636,Aucun
CH-00582,1,Humain,Calishites,-11,3,137.3,40.5,-5,-3,1,2,1,8,-5,5,3,4,-12,-9,1,-8,-13.64,YES,Magicien,Magie savante,Magicien classique (étude et formules),2.0,3.372,Aucun
CH-00583,124,Humain,Durpari,5,4,184.1,86.0,1,0,5,-3,4,4,2,-2,-1,-5,5,2,4,1,20.12,NO,Non-magique,,Aucun talent magique détecté,46.7,25.555,Aucun
CH-00584,132,Humain,Shaaryens,-1,0,166.9,64.9,-1,0,-1,1,6,2,0,-4,-6,1,-1,-1,6,-2,8.67,NO,Non-magique,,Aucun talent magique détecté,64.3,28.953,Aucun
CH-00585,7,Humain,Tethyrians,-3,1,160.3,59.1,-2,1,-1,-6,-7,6,-7,3,-4,-2,-3,-4,-7,-5,-11.79,YES,Magicien,Magie savante,Magicien classique (étude et formules),11.9,12.861,Aucun
CH-00586,138,Humain,Uthgardt,5,-2,187.7,86.0,2,-7,-1,1,-1,-4,-2,-5,-4,-8,3,2,-1,3,10.96,NO,Non-magique,,Aucun talent magique détecté,69.0,29.709,Aucun
CH-00587,2,Humain,Chondathans,-3,-4,162.9,59.1,-1,-4,4,-3,10,1,3,-5,-2,-4,-4,-4,10,-3,17.68,NO,Non-magique,,Aucun talent magique détecté,52.4,26.763,Aucun
CH-00588,39,Gnome,Gnome des roches,-11,5,136.4,40.5,-5,-1,4,2,8,0,1,3,-1,5,-11,-8,8,-8,4.44,NO,Non-magique,,Aucun talent magique détecté,58.2,27.879,Affinité illusion
CH-00589,16,Nain,Nain d'or,-3,28,146.8,59.1,-3,-1,-3,0,-4,8,7,-5,-9,0,-3,-4,-4,-4,-10.08,YES,Magicien,Magie savante,Magicien classique (étude et formules),6.0,8.149,Vision dans le noir + robustesse naine
CH-00590,3,Humain,Damarans,5,-1,187.1,86.0,2,1,9,-1,4,4,-6,-5,1,-3,5,3,4,2,23.78,NO,Non-magique,,Aucun talent magique détecté,42.2,24.51,Aucun
CH-00591,4,Humain,Illuskans,-5,-3,156.5,53.8,-2,2,4,3,-2,-2,1,3,-4,5,-4,-3,-2,-3,-8.58,YES,Magicien,Magie savante,Magicien classique (étude et formules),3.4,5.238,Aucun
CH-00592,16,Nain,Nain d'or,6,24,175.7,90.2,0,0,-8,2,-7,15,6,0,-1,-2,6,3,-7,1,14.05,NO,Non-magique,,Aucun talent magique détecté,40.9,24.185,Vision dans le noir + robustesse naine
CH-00593,7,Humain,Tethyrians,-1,2,165.8,64.9,-1,1,3,4,0,4,-12,1,2,3,-1,-1,0,-1,-3.0,YES,Théurgiste,Théurgie,Théurgiste (magie divine / invocation),-0.7,0.0,Aucun
CH-00594,116,Humain,Talfir,4,4,180.7,82.1,1,6,-1,5,0,6,-7,-6,-5,5,6,4,0,3,23.91,NO,Non-magique,,Aucun talent magique détecté,46.6,25.535,Aucun
CH-00595,4,Humain,Illuskans,11,4,205.7,114.0,4,9,-6,-5,-1,-1,7,-1,-1,-2,14,8,-1,4,64.57,NO,Non-magique,,Aucun talent magique détecté,5.4,7.503,Aucun
CH-00596,138,Humain,Uthgardt,2,-1,177.0,74.7,0,-2,7,5,-4,7,2,8,-5,0,1,1,-4,1,0.36,NO,Non-magique,,Aucun talent magique détecté,55.0,27.285,Aucun
CH-00597,1,Humain,Calishites,-6,1,151.6,51.3,-3,1,1,-2,2,1,-1,4,-1,2,-6,-5,2,-6,-7.47,YES,Magicien,Magie savante,Magicien classique (étude et formules),3.8,5.822,Aucun
CH-00598,10,Humain,Ffolk,-3,6,157.7,59.1,-2,-1,0,-1,-4,-1,3,3,-2,0,-3,-3,-4,-4,-9.6,YES,Magicien,Magie savante,Magicien classique (étude et formules),7.5,9.576,Aucun
CH-00599,7,Humain,Tethyrians,1,-6,176.6,71.3,0,-4,-2,-1,10,3,6,2,2,-5,0,-1,10,-1,23.12,NO,Non-magique,,Aucun talent magique détecté,41.9,24.449,Aucun
CH-00600,7,Humain,Tethyrians,1,-1,173.7,71.3,0,-5,6,3,-7,-2,3,-2,-3,-3,-1,0,-7,1,-3.9,YES,Théurgiste,Théurgie,Théurgiste (magie divine / invocation),2.7,4.429,Aucun
CH-00601,1,Humain,Calishites,-5,1,154.5,53.8,-2,5,3,-4,4,-3,0,6,-4,4,-3,-4,4,-6,-1.35,YES,Théurgiste,Théurgie,Théurgiste (magie divine / invocation),-3.7,0.0,Aucun
CH-00602,116,Humain,Talfir,5,-1,187.1,86.0,2,2,2,-4,6,1,-1,-5,3,-4,6,3,6,1,30.24,NO,Non-magique,,Aucun talent magique détecté,40.7,24.133,Aucun
CH-00603,7,Humain,Tethyrians,2,0,176.4,74.7,0,-5,1,-2,0,-2,2,4,0,-7,0,-1,0,-1,-2.0,YES,Théurgiste,Théurgie,Théurgiste (magie divine / invocation),1.6,2.711,Aucun
CH-00604,4,Humain,Illuskans,4,-3,184.9,82.1,1,2,3,0,-7,2,4,1,2,-1,5,2,-7,2,10.9,NO,Non-magique,,Aucun talent magique détecté,52.7,26.824,Aucun
CH-00605,2,Humain,Chondathans,5,2,185.3,86.0,1,0,3,1,1,7,-2,7,3,-2,5,3,1,2,17.82,NO,Non-magique,,Aucun talent magique détecté,40.8,24.17,Aucun
CH-00606,1,Humain,Calishites,-1,9,162.1,64.9,-1,3,-3,1,1,-1,2,-5,2,3,0,-1,1,-2,-1.62,YES,Théurgiste,Théurgie,Théurgiste (magie divine / invocation),1.6,2.735,Aucun
CH-00607,1,Humain,Calishites,-5,3,153.5,53.8,-3,-1,-3,-1,7,3,1,-8,2,1,-5,-5,7,-6,5.56,NO,Non-magique,,Aucun talent magique détecté,64.8,29.042,Aucun
CH-00608,7,Humain,Tethyrians,-2,4,161.7,61.9,-2,-4,-1,-6,-3,3,2,5,3,-6,-3,-4,-3,-5,-10.05,YES,Magicien,Magie savante,Magicien classique (étude et formules),5.2,7.302,Aucun
CH-00609,138,Humain,Uthgardt,7,3,191.6,94.5,2,1,-2,3,7,6,7,6,0,-1,7,5,7,4,46.98,NO,Non-magique,,Aucun talent magique détecté,11.6,12.651,Aucun
CH-00610,2,Humain,Chondathans,5,-3,188.3,86.0,2,6,1,7,-2,-4,2,-5,-3,6,7,5,-2,5,32.67,NO,Non-magique,,Aucun talent magique détecté,36.9,23.129,Aucun
CH-00611,4,Humain,Illuskans,4,8,178.4,82.1,1,-5,-3,-2,4,-2,-6,12,-3,-8,2,1,4,1,11.6,NO,Non-magique,,Aucun talent magique détecté,56.8,27.618,Aucun
CH-00612,7,Humain,Tethyrians,-6,-2,153.1,51.3,-3,-3,6,-3,0,5,-3,1,-2,-2,-7,-6,0,-6,-10.92,YES,Magicien,Magie savante,Magicien classique (étude et formules),6.4,8.583,Aucun
CH-00613,15,Nain,Nain d'écu,7,16,183.7,94.5,1,-4,-7,2,7,-2,7,-2,-2,-6,6,3,7,2,34.84,NO,Non-magique,,Aucun talent magique détecté,38.2,23.489,Vision dans le noir + robustesse naine
CH-00614,10,Humain,Ffolk,0,-2,171.1,68.0,0,6,5,2,-5,4,0,-4,0,6,2,1,-5,0,0.55,NO,Non-magique,,Aucun talent magique détecté,61.6,28.489,Aucun
CH-00615,7,Humain,Tethyrians,-6,2,151.1,51.3,-3,-1,0,-2,3,-5,8,0,-1,1,-6,-5,3,-6,-5.45,YES,Théurgiste,Théurgie,Théurgiste (magie divine / invocation),1.6,2.844,Aucun
CH-00616,14,Halfelin,Ghostwalk,-15,-3,130.1,33.6,-5,7,4,-3,1,4,-3,7,8,11,-13,-10,1,-10,-15.04,YES,Double,Magicien & Théurgiste,Double talent : Magicien + Théurgiste,-8.5,0.0,Télépathie silencieuse
CH-00617,21,Demi-elfe,Demi-elfe des bois,-13,5,131.5,36.9,-5,6,1,-2,0,2,5,5,6,10,-11,-9,0,-10,-15.03,YES,Sauvage,Sorcier,Magie sauvage - Sorcier,-5.0,0.0,Immunité sommeil + Vision nocturne
CH-00618,2,Humain,Chondathans,-1,-9,171.8,64.9,0,-3,-10,4,-2,4,3,2,8,0,-2,-1,-2,0,-4.24,YES,Théurgiste,Théurgie,Théurgiste (magie divine / invocation),-3.5,0.0,Aucun
CH-00619,107,Autre,Razorclaw Shifter,6,8,185.1,90.2,1,-8,2,-5,-1,7,-7,-4,2,-13,3,1,-1,0,4.66,NO,Non-magique,,Aucun talent magique détecté,66.7,29.343,Transformation bestiale
CH-00620,31,Elfe,Elfe de la lune,-4,-2,158.9,56.3,-2,-1,10,4,0,4,-5,2,2,3,-4,-3,0,-2,-6.42,YES,Théurgiste,Théurgie,Théurgiste (magie divine / invocation),-5.9,0.0,Transe + Vision nocturne
CH-00621,7,Humain,Tethyrians,2,1,175.8,74.7,0,-3,-2,-2,0,1,2,-1,4,-5,1,0,0,-1,0.0,YES,Théurgiste,Théurgie,Théurgiste (magie divine / invocation),-0.6,0.0,Aucun
CH-00622,5,Humain,Mulan,-8,7,143.3,46.7,-4,1,3,4,-2,-10,3,-1,-3,7,-8,-6,-2,-5,-12.51,YES,Magicien,Magie savante,Magicien classique (étude et formules),9.4,11.106,Aucun
CH-00623,5,Humain,Mulan,4,7,178.9,82.1,1,9,4,1,-8,-1,4,-2,7,5,7,4,-8,2,20.56,NO,Non-magique,,Aucun talent magique détecté,38.0,23.427,Aucun
CH-00624,2,Humain,Chondathans,-3,1,160.3,59.1,-2,-1,4,-5,12,2,-6,-1,0,-3,-3,-4,12,-5,24.53,NO,Non-magique,,Aucun talent magique détecté,46.2,25.443,Aucun
CH-00625,138,Humain,Uthgardt,2,0,176.4,74.7,0,-2,5,2,2,4,6,-5,1,-2,1,1,2,0,4.64,NO,Non-magique,,Aucun talent magique détecté,58.2,27.893,Aucun
CH-00626,131,Humain,Raumviriens,5,1,185.9,86.0,1,-1,1,-2,-4,-5,9,3,7,-5,5,2,-4,1,10.52,NO,Non-magique,,Aucun talent magique détecté,49.6,26.191,Aucun
CH-00627,7,Humain,Tethyrians,7,3,191.6,94.5,2,-2,-4,-1,0,1,-1,-1,5,-6,6,3,0,2,19.59,NO,Non-magique,,Aucun talent magique détecté,51.8,26.651,Aucun
CH-00628,138,Humain,Uthgardt,2,-2,177.6,74.7,0,-3,3,-1,1,3,7,0,-4,-4,1,0,1,-1,1.0,NO,Non-magique,,Aucun talent magique détecté,64.1,28.919,Aucun
CH-00629,7,Humain,Tethyrians,-2,1,163.3,61.9,-1,-1,-2,-2,5,-4,8,0,-1,-1,-2,-2,5,-3,4.12,NO,Non-magique,,Aucun talent magique détecté,63.7,28.849,Aucun
CH-00630,125,Humain,Gûr,5,2,185.3,86.0,1,-2,7,-3,5,-3,5,1,0,-6,4,2,5,1,20.12,NO,Non-magique,,Aucun talent magique détecté,45.0,25.186,Aucun
CH-00631,138,Humain,Uthgardt,0,-2,171.1,68.0,0,4,6,-2,-1,0,2,-3,-1,2,1,0,-1,-1,-1.0,YES,Théurgiste,Théurgie,Théurgiste (magie divine / invocation),-3.4,0.0,Aucun
CH-00632,107,Autre,Razorclaw Shifter,10,8,199.3,108.8,3,0,8,-1,-5,2,-1,3,1,-6,10,6,-5,4,41.28,NO,Non-magique,,Aucun talent magique détecté,22.4,18.28,Transformation bestiale
CH-00633,3,Humain,Damarans,9,-2,202.1,103.8,4,6,-5,3,2,0,5,-3,-6,2,11,8,2,7,64.97,NO,Non-magique,,Aucun talent magique détecté,6.6,8.696,Aucun
CH-00634,130,Humain,Nar,4,3,181.3,82.1,1,2,5,-1,-9,5,-2,4,3,-1,5,2,-9,1,8.5,NO,Non-magique,,Aucun talent magique détecté,52.4,26.771,Aucun
CH-00635,2,Humain,Chondathans,-3,0,160.8,59.1,-2,2,9,-3,-3,1,-1,0,1,1,-2,-3,-3,-4,-8.58,YES,Magicien,Magie savante,Magicien classique (étude et formules),0.6,1.082,Aucun
CH-00636,3,Humain,Damarans,5,5,183.5,86.0,1,3,4,-1,-1,3,-6,-2,-3,-1,6,3,-1,1,16.95,NO,Non-magique,,Aucun talent magique détecté,54.1,27.099,Aucun
CH-00637,9,Humain,Turami,1,0,173.2,71.3,0,0,2,3,1,0,-1,2,-2,1,1,1,1,1,4.0,NO,Non-magique,,Aucun talent magique détecté,64.7,29.015,Aucun
CH-00638,2,Humain,Chondathans,1,6,169.8,71.3,-1,4,-4,3,0,0,10,4,8,4,2,1,0,0,3.64,NO,Non-magique,,Aucun talent magique détecté,49.3,26.14,Aucun
CH-00639,24,Demi-elfe,Demi-elfe du soleil,-3,1,160.3,59.1,-2,4,5,-2,4,-2,-1,-8,3,3,-2,-3,4,-4,0.54,NO,Non-magique,,Aucun talent magique détecté,67.2,29.426,Immunité sommeil + Vision nocturne
CH-00640,129,Humain,Lapalis,0,5,167.3,68.0,-1,-2,-4,0,4,3,4,-9,-4,-2,-1,-1,4,-1,3.96,NO,Non-magique,,Aucun talent magique détecté,69.5,29.788,Aucun
CH-00641,3,Humain,Damarans,-1,6,163.7,64.9,-1,-1,5,0,3,0,-1,0,-1,-1,-1,-2,3,-2,0.42,NO,Non-magique,,Aucun talent magique détecté,67.9,29.536,Aucun
CH-00642,134,Autre,Tiefling,-7,-1,149.8,48.9,-3,5,4,-4,-5,-3,-3,-10,-6,5,-5,-5,-5,-7,-13.17,YES,Magicien,Magie savante,Magicien classique (étude et formules),16.1,15.337,Magie infernale
CH-00643,1,Humain,Calishites,0,6,166.7,68.0,-1,3,3,1,-2,-1,4,-2,6,3,1,0,-2,-1,-1.62,YES,Théurgiste,Théurgie,Théurgiste (magie divine / invocation),-6.9,0.0,Aucun
CH-00644,133,Humain,Tashaliens,6,2,188.7,90.2,2,2,0,2,6,1,-1,4,3,-1,7,4,6,3,39.16,NO,Non-magique,,Aucun talent magique détecté,27.1,20.096,Aucun
CH-00645,4,Humain,Illuskans,-5,7,151.5,53.8,-3,3,-4,-2,0,6,-2,-6,0,3,-4,-4,0,-6,-8.79,YES,Magicien,Magie savante,Magicien classique (étude et formules),8.1,10.069,Aucun
CH-00646,12,Halfelin,Strongheart,-13,7,130.6,36.9,-5,4,-3,3,3,8,4,3,-9,11,-12,-8,3,-8,-9.61,YES,Magicien,Magie savante,Magicien classique (étude et formules),-5.1,0.0,Robustesse halfeline
CH-00647,16,Nain,Nain d'or,5,23,173.0,86.0,0,-7,-1,5,2,1,4,1,-2,-6,3,2,2,2,12.58,NO,Non-magique,,Aucun talent magique détecté,57.7,27.802,Vision dans le noir + robustesse naine
CH-00648,123,Humain,Arkaiuns,5,2,185.3,86.0,1,6,8,-2,6,0,-5,1,7,1,7,3,6,1,33.2,NO,Non-magique,,Aucun talent magique détecté,27.1,20.088,Aucun
CH-00649,32,Elfe,Elfe noir,-5,2,154.0,53.8,-2,5,-2,-2,10,5,5,6,0,5,-3,-3,10,-5,17.71,NO,Non-magique,,Aucun talent magique détecté,39.7,23.887,"Sorts innés (Darkness, Faerie Fire) + Vision nocturne supérieure"
CH-00650,16,Nain,Nain d'or,7,19,181.9,94.5,1,-2,0,3,-3,-3,3,1,1,-4,6,4,-3,3,21.75,NO,Non-magique,,Aucun talent magique détecté,48.5,25.963,Vision dans le noir + robustesse naine
CH-00651,7,Humain,Tethyrians,-1,9,162.1,64.9,-1,0,-7,-4,-1,3,-4,-4,6,-2,-1,-2,-1,-4,-6.26,YES,Théurgiste,Théurgie,Théurgiste (magie divine / invocation),7.6,9.638,Aucun
CH-00652,2,Humain,Chondathans,-1,3,165.3,64.9,-1,0,7,5,-5,7,-1,-4,-2,3,-1,-1,-5,-1,-6.09,YES,Théurgiste,Théurgie,Théurgiste (magie divine / invocation),-2.3,0.0,Aucun
CH-00653,7,Humain,Tethyrians,0,-1,170.6,68.0,0,8,-1,-5,3,0,-1,6,6,3,3,0,3,-2,7.7,NO,Non-magique,,Aucun talent magique détecté,53.6,27.001,Aucun
CH-00654,3,Humain,Damarans,-3,6,157.7,59.1,-2,3,4,-1,-2,2,-3,-4,-3,3,-2,-3,-2,-4,-8.04,YES,Magicien,Magie savante,Magicien classique (étude et formules),7.2,9.264,Aucun
CH-00655,2,Humain,Chondathans,-1,5,164.2,64.9,-1,-2,-3,4,2,2,-1,0,8,1,-2,-1,2,-1,-0.98,YES,Théurgiste,Théurgie,Théurgiste (magie divine / invocation),-4.7,0.0,Aucun
CH-00656,4,Humain,Illuskans,2,3,174.7,74.7,0,-4,8,-5,0,6,9,1,1,-8,1,-1,0,-2,-1.62,YES,Théurgiste,Théurgie,Théurgiste (magie divine / invocation),-13.2,0.0,Aucun
CH-00657,2,Humain,Chondathans,-4,-7,161.5,56.3,-2,4,-2,0,3,4,1,2,7,5,-3,-3,3,-3,-1.82,YES,Théurgiste,Théurgie,Théurgiste (magie divine / invocation),-9.4,0.0,Aucun
CH-00658,116,Humain,Talfir,1,5,170.4,71.3,0,-5,-3,-5,-7,4,3,5,3,-8,-1,-2,-7,-2,-8.14,YES,Magicien,Magie savante,Magicien classique (étude et formules),3.4,5.229,Aucun
CH-00659,39,Gnome,Gnome des roches,-7,7,146.0,48.9,-3,-1,2,5,4,-2,-2,3,0,5,-7,-5,4,-4,-2.67,YES,Théurgiste,Théurgie,Théurgiste (magie divine / invocation),-1.5,0.0,Affinité illusion
CH-00660,138,Humain,Uthgardt,4,6,179.5,82.1,1,-1,-3,3,1,3,4,2,2,-1,4,2,1,3,15.26,NO,Non-magique,,Aucun talent magique détecté,50.2,26.316,Aucun
CH-00661,15,Nain,Nain d'écu,2,16,167.5,74.7,-1,-7,-10,-1,-4,5,8,-2,0,-8,0,-1,-4,-2,-5.26,YES,Théurgiste,Théurgie,Théurgiste (magie divine / invocation),3.6,5.496,Vision dans le noir + robustesse naine
CH-00662,7,Humain,Tethyrians,-3,1,160.3,59.1,-2,2,-1,-3,2,1,-1,3,6,1,-2,-3,2,-4,-3.78,YES,Théurgiste,Théurgie,Théurgiste (magie divine / invocation),-2.0,0.0,Aucun
CH-00663,7,Humain,Tethyrians,-4,3,156.3,56.3,-2,1,1,1,-7,-1,-3,-1,4,3,-4,-3,-7,-3,-10.86,YES,Magicien,Magie savante,Magicien classique (étude et formules),8.5,10.368,Aucun
CH-00664,15,Nain,Nain d'écu,1,21,161.7,71.3,-2,-4,-5,-1,2,-4,-4,7,0,-5,0,-2,2,-3,-1.14,YES,Théurgiste,Théurgie,Théurgiste (magie divine / invocation),3.9,5.862,Vision dans le noir + robustesse naine
CH-00665,9,Humain,Turami,-1,-3,168.5,64.9,-1,0,-1,-5,5,1,2,2,-4,-3,-1,-2,5,-4,4.26,NO,Non-magique,,Aucun talent magique détecté,66.6,29.324,Aucun
CH-00666,90,Halfelin,Lightfoot,-1,2,165.8,64.9,-1,-5,11,2,-4,4,-3,-2,4,-3,-3,-2,-4,-2,-8.04,YES,Magicien,Magie savante,Magicien classique (étude et formules),-2.5,0.0,Furtivité naturelle
CH-00667,2,Humain,Chondathans,-9,3,142.5,44.5,-4,4,0,-1,4,-1,3,2,7,7,-8,-6,4,-8,-5.13,YES,Théurgiste,Théurgie,Théurgiste (magie divine / invocation),-7.0,0.0,Aucun
CH-00668,37,Elfe,Avariel,-5,2,154.0,53.8,-2,5,2,3,4,-5,-3,0,2,8,-3,-3,4,-3,0.48,NO,Non-magique,,Aucun talent magique détecté,64.9,29.05,Vol naturel + Transe + Vision nocturne
CH-00669,7,Humain,Tethyrians,-4,-3,159.4,56.3,-2,2,1,2,0,-3,-4,2,-2,4,-3,-3,0,-3,-6.48,YES,Théurgiste,Théurgie,Théurgiste (magie divine / invocation),6.4,8.563,Aucun
CH-00670,6,Humain,Rashemi,-3,-4,162.9,59.1,-1,-1,-1,6,-2,-2,-6,3,6,4,-3,-2,-2,0,-5.4,YES,Théurgiste,Théurgie,Théurgiste (magie divine / invocation),1.1,1.914,Aucun
CH-00671,9,Humain,Turami,0,0,170.0,68.0,0,-2,1,-5,1,-7,3,-7,6,-5,-1,-2,1,-2,-3.24,YES,Théurgiste,Théurgie,Théurgiste (magie divine / invocation),4.4,6.507,Aucun
CH-00672,22,Demi-elfe,Demi-elfe de la lune,-5,4,153.0,53.8,-3,-1,2,-3,7,-5,6,-1,3,-1,-5,-5,7,-6,5.56,NO,Non-magique,,Aucun talent magique détecté,60.6,28.326,Immunité sommeil + Vision nocturne
CH-00673,7,Humain,Tethyrians,-8,-1,147.1,46.7,-3,0,5,2,-4,4,-4,-5,1,5,-8,-6,-4,-5,-13.53,YES,Magicien,Magie savante,Magicien classique (étude et formules),8.0,9.985,Aucun
CH-00674,138,Humain,Uthgardt,3,5,176.8,78.3,0,1,-6,2,-3,1,5,-4,-1,0,3,2,-3,0,5.14,NO,Non-magique,,Aucun talent magique détecté,65.8,29.196,Aucun
CH-00675,6,Humain,Rashemi,6,2,188.7,90.2,2,-1,5,1,0,3,-2,2,2,-4,6,4,0,3,23.91,NO,Non-magique,,Aucun talent magique détecté,41.6,24.369,Aucun
CH-00676,1,Humain,Calishites,-3,0,160.8,59.1,-2,-1,1,-4,-3,3,-3,-5,0,-2,-3,-4,-3,-5,-10.05,YES,Magicien,Magie savante,Magicien classique (étude et formules),12.1,13.017,Aucun
CH-00677,39,Gnome,Gnome des roches,-13,5,131.5,36.9,-5,3,2,6,7,-4,7,-3,-2,12,-12,-8,7,-7,1.37,NO,Non-magique,,Aucun talent magique détecté,56.0,27.479,Affinité illusion
CH-00678,138,Humain,Uthgardt,-1,4,164.7,64.9,-1,4,2,-1,0,11,4,1,-2,3,0,-1,0,-3,-3.16,YES,Théurgiste,Théurgie,Théurgiste (magie divine / invocation),-11.0,0.0,Aucun
CH-00679,15,Nain,Nain d'écu,4,20,171.5,82.1,0,-6,-7,2,-8,-3,10,-6,-11,-6,2,1,-8,1,0.35,NO,Non-magique,,Aucun talent magique détecté,74.1,30.487,Vision dans le noir + robustesse naine
CH-00680,2,Humain,Chondathans,-5,0,155.0,53.8,-2,2,4,-1,-4,-5,-4,0,7,3,-4,-4,-4,-5,-11.01,YES,Magicien,Magie savante,Magicien classique (étude et formules),5.8,7.923,Aucun
CH-00681,40,Gnome,Gnome des forêts,-11,4,136.9,40.5,-5,0,7,-3,6,6,-5,-8,8,3,-11,-9,6,-9,-2.39,YES,Théurgiste,Théurgie,Théurgiste (magie divine / invocation),-9.0,0.0,Affinité nature
CH-00682,16,Nain,Nain d'or,4,20,171.5,82.1,0,1,-11,0,2,5,2,2,3,-2,4,2,2,1,13.24,NO,Non-magique,,Aucun talent magique détecté,54.2,27.128,Vision dans le noir + robustesse naine
CH-00683,7,Humain,Tethyrians,-1,7,163.1,64.9,-1,1,-6,-1,9,0,-4,5,1,0,-1,-1,9,-3,17.51,NO,Non-magique,,Aucun talent magique détecté,52.9,26.873,Aucun
CH-00684,90,Halfelin,Lightfoot,-9,6,141.1,44.5,-4,-1,1,6,3,-4,1,-4,5,7,-9,-6,3,-5,-6.6,YES,Théurgiste,Théurgie,Théurgiste (magie divine / invocation),0.9,1.71,Furtivité naturelle
CH-00685,2,Humain,Chondathans,-1,0,166.9,64.9,-1,-3,2,1,-3,-5,-3,-4,5,-2,-2,-2,-3,-2,-7.02,YES,Magicien,Magie savante,Magicien classique (étude et formules),8.8,10.643,Aucun
CH-00686,6,Humain,Rashemi,6,2,188.7,90.2,2,-2,-6,-4,-6,-2,4,5,3,-7,5,3,-6,1,11.67,NO,Non-magique,,Aucun talent magique détecté,57.0,27.664,Aucun
CH-00687,3,Humain,Damarans,1,0,173.2,71.3,0,-7,-9,4,-5,1,2,-1,-4,-4,-1,-1,-5,1,-4.09,YES,Théurgiste,Théurgie,Théurgiste (magie divine / invocation),9.6,11.242,Aucun
CH-00688,6,Humain,Rashemi,4,-1,183.7,82.1,1,1,-2,-6,5,-1,-6,-5,6,-5,4,1,5,0,17.48,NO,Non-magique,,Aucun talent magique détecté,56.5,27.571,Aucun
CH-00689,17,Nain,Nain gris,5,12,179.3,86.0,1,1,-2,5,3,4,-6,-5,-8,1,5,4,3,3,25.8,NO,Non-magique,,Aucun talent magique détecté,49.6,26.195,Invisibilité + Agrandissement
CH-00690,2,Humain,Chondathans,4,-4,185.5,82.1,1,-1,-2,4,-9,-1,0,1,-6,-1,4,3,-9,3,11.62,NO,Non-magique,,Aucun talent magique détecté,62.2,28.589,Aucun
CH-00691,6,Humain,Rashemi,-1,4,164.7,64.9,-1,-3,-2,-5,1,-1,-5,4,-8,-5,-2,-3,1,-4,-5.42,YES,Théurgiste,Théurgie,Théurgiste (magie divine / invocation),11.5,12.615,Aucun
CH-00692,2,Humain,Chondathans,-1,6,163.7,64.9,-1,7,0,-1,-9,0,-1,-8,0,5,1,0,-9,-3,-5.82,YES,Théurgiste,Théurgie,Théurgiste (magie divine / invocation),6.1,8.244,Aucun
CH-00693,53,Autre,Genasi Terre,-5,2,154.0,53.8,-2,-5,9,5,-3,2,-1,6,0,1,-7,-4,-3,-3,-10.86,YES,Magicien,Magie savante,Magicien classique (étude et formules),-1.2,0.0,Affinité terre
CH-00694,90,Halfelin,Lightfoot,-15,4,127.1,33.6,-6,9,4,3,6,1,-4,0,3,16,-12,-9,6,-9,-2.72,YES,Théurgiste,Théurgie,Théurgiste (magie divine / invocation),-17.6,0.0,Furtivité naturelle
CH-00695,25,Demi-elfe,Demi-elfe sauvage,-5,0,155.0,53.8,-2,4,-1,8,1,-1,5,6,3,10,-4,-2,1,-2,-4.88,YES,Théurgiste,Théurgie,Théurgiste (magie divine / invocation),-11.1,0.0,Immunité sommeil + Vision nocturne
CH-00696,125,Humain,Gûr,-2,-5,166.5,61.9,-1,0,-6,2,7,-11,10,4,8,2,-2,-2,7,-2,10.39,NO,Non-magique,,Aucun talent magique détecté,48.2,25.899,Aucun
CH-00697,22,Demi-elfe,Demi-elfe de la lune,-9,5,141.6,44.5,-4,5,1,-3,-1,0,2,0,6,6,-7,-7,-1,-8,-13.09,YES,Magicien,Magie savante,Magicien classique (étude et formules),3.5,5.36,Immunité sommeil + Vision nocturne
CH-00698,4,Humain,Illuskans,3,-2,180.9,78.3,1,1,5,-2,-2,3,2,0,4,-2,3,1,-2,0,4.04,NO,Non-magique,,Aucun talent magique détecté,58.4,27.928,Aucun
CH-00699,9,Humain,Turami,2,-7,180.5,74.7,1,1,1,-1,6,7,0,1,-4,-1,2,1,6,0,15.93,NO,Non-magique,,Aucun talent magique détecté,50.3,26.35,Aucun
CH-00700,132,Humain,Shaaryens,0,0,170.0,68.0,0,-3,8,2,3,1,3,-3,1,-2,-1,-1,3,0,2.66,NO,Non-magique,,Aucun talent magique détecté,61.0,28.384,Aucun
CH-00701,3,Humain,Damarans,-2,1,163.3,61.9,-1,-5,-4,4,3,-5,8,0,-1,-1,-4,-2,3,-1,-0.6,YES,Théurgiste,Théurgie,Théurgiste (magie divine / invocation),-0.5,0.0,Aucun
CH-00702,4,Humain,Illuskans,-2,3,162.2,61.9,-1,3,2,0,4,-2,-4,5,-4,3,-1,-1,4,-2,3.34,NO,Non-magique,,Aucun talent magique détecté,65.0,29.074,Aucun
CH-00703,4,Humain,Illuskans,-5,2,154.0,53.8,-2,3,2,-3,1,-2,6,0,-7,3,-4,-4,1,-5,-7.37,YES,Magicien,Magie savante,Magicien classique (étude et formules),4.2,6.188,Aucun
CH-00704,12,Halfelin,Strongheart,-13,5,131.5,36.9,-5,-2,4,1,1,-7,7,5,-3,5,-14,-10,1,-9,-15.01,YES,Double,Magicien & Théurgiste,Double talent : Magicien + Théurgiste,5.4,7.539,Robustesse halfeline
CH-00705,2,Humain,Chondathans,4,4,180.7,82.1,1,0,3,3,-8,-4,5,1,-1,-1,4,3,-8,3,11.99,NO,Non-magique,,Aucun talent magique détecté,55.3,27.335,Aucun
CH-00706,2,Humain,Chondathans,2,-1,177.0,74.7,0,-2,2,6,-1,3,-2,1,-1,0,1,1,-1,2,3.64,NO,Non-magique,,Aucun talent magique détecté,64.4,28.97,Aucun
CH-00707,129,Humain,Lapalis,-3,-1,161.3,59.1,-2,-1,-1,-3,3,6,7,-2,5,-2,-3,-4,3,-4,-2.78,YES,Théurgiste,Théurgie,Théurgiste (magie divine / invocation),-6.9,0.0,Aucun
CH-00708,7,Humain,Tethyrians,2,-2,177.6,74.7,0,7,5,6,5,2,0,1,10,8,4,3,5,2,23.78,NO,Non-magique,,Aucun talent magique détecté,27.5,20.239,Aucun
CH-00709,16,Nain,Nain d'or,11,15,198.4,114.0,3,1,2,-2,2,6,10,7,4,-6,11,6,2,4,50.59,NO,Non-magique,,Aucun talent magique détecté,1.4,2.4,Vision dans le noir + robustesse naine
CH-00710,9,Humain,Turami,8,-1,197.8,99.0,3,0,4,1,1,4,3,2,-5,-4,8,5,1,5,38.42,NO,Non-magique,,Aucun talent magique détecté,27.7,20.293,Aucun
CH-00711,7,Humain,Tethyrians,2,-3,178.1,74.7,1,-3,5,-1,-2,-4,-4,1,-3,-4,1,0,-2,0,-0.62,YES,Théurgiste,Théurgie,Théurgiste (magie divine / invocation),3.4,5.343,Aucun
CH-00712,1,Humain,Calishites,-7,1,148.9,48.9,-3,-1,1,3,1,-2,3,4,-2,4,-7,-5,1,-4,-8.63,YES,Magicien,Magie savante,Magicien classique (étude et formules),3.4,5.246,Aucun
CH-00713,11,Humain,Sossrim,-1,0,166.9,64.9,-1,4,0,1,4,1,7,0,-4,4,0,-1,4,-2,4.34,NO,Non-magique,,Aucun talent magique détecté,59.5,28.13,Aucun
CH-00714,90,Halfelin,Lightfoot,-15,2,128.0,33.6,-6,-2,-3,2,-2,6,6,4,-1,7,-16,-11,-2,-10,-18.95,YES,Double,Magicien & Théurgiste,Double talent : Magicien + Théurgiste,5.5,7.652,Furtivité naturelle
CH-00715,2,Humain,Chondathans,-6,6,149.2,51.3,-3,-4,2,6,-5,6,-1,0,5,3,-7,-5,-5,-3,-12.24,YES,Magicien,Magie savante,Magicien classique (étude et formules),2.7,4.378,Aucun
CH-00716,131,Humain,Raumviriens,4,0,183.1,82.1,1,4,-1,3,1,5,-1,2,-1,3,5,3,1,3,19.84,NO,Non-magique,,Aucun talent magique détecté,45.6,25.314,Aucun
CH-00717,10,Humain,Ffolk,5,1,185.9,86.0,1,-5,1,0,2,4,0,-2,1,-7,3,2,2,2,12.58,NO,Non-magique,,Aucun talent magique détecté,57.6,27.766,Aucun
CH-00718,94,Autre,Loxo,1,9,168.2,71.3,-1,1,-1,6,-7,5,-3,7,2,3,1,1,-7,1,-0.9,YES,Théurgiste,Théurgie,Théurgiste (magie divine / invocation),-8.2,0.0,Force colossale
CH-00719,7,Humain,Tethyrians,-9,-3,145.3,44.5,-4,1,-6,3,5,-5,4,7,9,7,-9,-6,5,-6,-2.16,YES,Théurgiste,Théurgie,Théurgiste (magie divine / invocation),-12.4,0.0,Aucun
CH-00720,22,Demi-elfe,Demi-elfe de la lune,3,3,178.0,78.3,1,7,-1,-2,2,-4,5,6,7,2,5,2,2,0,14.8,NO,Non-magique,,Aucun talent magique détecté,44.3,25.005,Immunité sommeil + Vision nocturne
CH-00721,9,Humain,Turami,2,8,171.9,74.7,0,-2,-2,0,2,0,1,-1,-5,-3,1,0,2,0,3.64,NO,Non-magique,,Aucun talent magique détecté,70.7,29.975,Aucun
CH-00722,40,Gnome,Gnome des forêts,-8,12,141.0,46.7,-4,8,-4,5,6,3,-2,3,-3,13,-5,-4,6,-5,3.47,NO,Non-magique,,Aucun talent magique détecté,54.9,27.273,Affinité nature
CH-00723,15,Nain,Nain d'écu,5,20,174.7,86.0,0,2,-4,-3,5,-3,2,1,7,-3,6,2,5,0,24.45,NO,Non-magique,,Aucun talent magique détecté,43.5,24.816,Vision dans le noir + robustesse naine
CH-00724,5,Humain,Mulan,-2,-2,164.9,61.9,-1,-4,4,1,4,0,-5,3,5,-2,-3,-2,4,-2,1.56,NO,Non-magique,,Aucun talent magique détecté,64.1,28.92,Aucun
CH-00725,132,Humain,Shaaryens,5,-3,188.3,86.0,2,4,-5,-1,-2,2,6,0,-5,0,6,4,-2,2,20.27,NO,Non-magique,,Aucun talent magique détecté,48.8,26.019,Aucun
CH-00726,5,Humain,Mulan,-1,-2,168.0,64.9,-1,3,2,2,-3,2,4,2,8,4,0,-1,-3,-2,-4.78,YES,Théurgiste,Théurgie,Théurgiste (magie divine / invocation),-9.3,0.0,Aucun
CH-00727,15,Nain,Nain d'écu,7,8,188.5,94.5,2,0,4,-2,-1,6,10,0,-2,-5,7,4,-1,2,23.85,NO,Non-magique,,Aucun talent magique détecté,34.7,22.525,Vision dans le noir + robustesse naine
CH-00728,116,Humain,Talfir,1,0,173.2,71.3,0,-2,9,0,0,0,3,-6,7,-3,0,0,0,0,0.0,YES,Théurgiste,Théurgie,Théurgiste (magie divine / invocation),-9.8,0.0,Aucun
CH-00729,138,Humain,Uthgardt,1,-1,173.7,71.3,0,3,9,0,-1,4,7,-2,8,1,2,1,-1,0,2.64,NO,Non-magique,,Aucun talent magique détecté,47.7,25.789,Aucun
CH-00730,2,Humain,Chondathans,1,0,173.2,71.3,0,5,-5,3,4,-2,-4,-3,0,5,3,1,4,1,13.62,NO,Non-magique,,Aucun talent magique détecté,59.3,28.085,Aucun
CH-00731,90,Halfelin,Lightfoot,-16,4,124.8,32.1,-6,1,-6,0,3,-1,6,8,4,8,-16,-11,3,-10,-12.67,YES,Magicien,Magie savante,Magicien classique (étude et formules),-2.6,0.0,Furtivité naturelle
CH-00732,138,Humain,Uthgardt,3,10,173.9,78.3,0,-5,-1,2,1,9,-1,0,0,-5,1,0,1,0,2.0,NO,Non-magique,,Aucun talent magique détecté,64.2,28.93,Aucun
CH-00733,1,Humain,Calishites,-2,0,163.8,61.9,-1,4,0,-3,0,1,-2,-3,6,2,-1,-2,0,-3,-4.78,YES,Théurgiste,Théurgie,Théurgiste (magie divine / invocation),1.4,2.519,Aucun
CH-00734,6,Humain,Rashemi,2,-4,178.7,74.7,1,-5,-4,3,0,8,0,-7,-9,-4,0,1,0,2,3.64,NO,Non-magique,,Aucun talent magique détecté,69.9,29.851,Aucun
CH-00735,24,Demi-elfe,Demi-elfe du soleil,-11,1,138.2,40.5,-4,3,8,4,-6,3,-2,5,4,10,-10,-7,-6,-6,-15.93,YES,Double,Magicien & Théurgiste,Double talent : Magicien + Théurgiste,-4.4,0.0,Immunité sommeil + Vision nocturne
CH-00736,138,Humain,Uthgardt,1,5,170.4,71.3,0,-1,-6,-7,-2,3,3,6,-5,-6,1,-1,-2,-3,-3.78,YES,Théurgiste,Théurgie,Théurgiste (magie divine / invocation),3.2,4.996,Aucun
CH-00737,1,Humain,Calishites,6,2,188.7,90.2,2,0,-2,-1,0,6,1,-2,-1,-4,6,3,0,2,19.59,NO,Non-magique,,Aucun talent magique détecté,50.0,26.273,Aucun
CH-00738,21,Demi-elfe,Demi-elfe des bois,-4,-6,161.0,56.3,-2,2,10,2,1,1,7,0,-1,4,-3,-3,1,-3,-5.48,YES,Théurgiste,Théurgie,Théurgiste (magie divine / invocation),-9.9,0.0,Immunité sommeil + Vision nocturne
CH-00739,40,Gnome,Gnome des forêts,-9,7,140.7,44.5,-4,5,-5,4,4,8,-5,-5,1,10,-7,-5,4,-6,-3.54,YES,Théurgiste,Théurgie,Théurgiste (magie divine / invocation),-4.6,0.0,Affinité nature
CH-00740,1,Humain,Calishites,-5,-2,156.0,53.8,-2,-2,6,-3,-7,-2,1,4,3,-1,-6,-5,-7,-5,-13.59,YES,Magicien,Magie savante,Magicien classique (étude et formules),6.3,8.465,Aucun
CH-00741,39,Gnome,Gnome des roches,-14,4,129.5,35.2,-6,2,3,-7,2,3,4,8,0,4,-13,-11,2,-13,-14.76,YES,Magicien,Magie savante,Magicien classique (étude et formules),0.6,1.071,Affinité illusion
CH-00742,12,Halfelin,Strongheart,-10,2,140.4,42.5,-4,2,-1,-4,4,3,5,4,0,4,-9,-8,4,-9,-6.65,YES,Théurgiste,Théurgie,Théurgiste (magie divine / invocation),-2.6,0.0,Robustesse halfeline
CH-00743,4,Humain,Illuskans,2,5,173.6,74.7,0,0,-2,-1,3,1,4,2,7,-2,2,0,3,-1,6.3,NO,Non-magique,,Aucun talent magique détecté,56.6,27.593,Aucun
CH-00744,21,Demi-elfe,Demi-elfe des bois,-7,12,143.6,48.9,-4,-1,3,-1,9,1,2,9,4,2,-7,-6,9,-7,10.36,NO,Non-magique,,Aucun talent magique détecté,45.8,25.364,Immunité sommeil + Vision nocturne
CH-00745,2,Humain,Chondathans,5,-2,187.7,86.0,2,1,5,-3,0,-6,2,-1,-1,-4,5,3,0,2,16.82,NO,Non-magique,,Aucun talent magique détecté,54.0,27.088,Aucun
CH-00746,90,Halfelin,Lightfoot,-3,5,158.2,59.1,-2,8,0,2,-7,4,1,5,2,9,0,-1,-7,-3,-7.06,YES,Magicien,Magie savante,Magicien classique (étude et formules),-7.1,0.0,Furtivité naturelle
CH-00747,34,Elfe,Elfe sauvage,1,2,172.1,71.3,0,-2,1,4,-1,13,-1,2,7,0,0,0,-1,1,0.0,YES,Théurgiste,Théurgie,Théurgiste (magie divine / invocation),-18.1,0.0,Transe + Vision nocturne
CH-00748,5,Humain,Mulan,2,0,176.4,74.7,0,2,0,-1,1,3,-9,-5,-2,0,3,1,1,-1,5.66,NO,Non-magique,,Aucun talent magique détecté,68.8,29.686,Aucun
CH-00749,138,Humain,Uthgardt,-1,0,166.9,64.9,-1,0,-2,-1,1,4,6,3,-6,-1,-1,-2,1,-3,-3.78,YES,Théurgiste,Théurgie,Théurgiste (magie divine / invocation),-0.6,0.0,Aucun
CH-00750,2,Humain,Chondathans,1,-2,174.3,71.3,0,-1,-8,8,3,-4,-3,-2,5,3,1,1,3,2,9.3,NO,Non-magique,,Aucun talent magique détecté,62.8,28.692,Aucun
CH-00751,7,Humain,Tethyrians,0,0,170.0,68.0,0,3,7,5,5,0,1,7,-1,5,1,1,5,1,12.52,NO,Non-magique,,Aucun talent magique détecté,44.5,25.062,Aucun
CH-00752,2,Humain,Chondathans,5,3,184.7,86.0,1,0,2,6,1,-6,7,4,-6,1,5,4,1,4,24.44,NO,Non-magique,,Aucun talent magique détecté,41.4,24.317,Aucun
CH-00753,138,Humain,Uthgardt,10,4,201.9,108.8,3,-2,7,1,0,1,-3,3,2,-6,9,6,0,5,43.48,NO,Non-magique,,Aucun talent magique détecté,22.0,18.124,Aucun
CH-00754,7,Humain,Tethyrians,0,2,168.9,68.0,-1,5,-4,-8,1,1,6,5,2,-1,2,-1,1,-4,0.0,YES,Théurgiste,Théurgie,Théurgiste (magie divine / invocation),-6.6,0.0,Aucun
CH-00755,2,Humain,Chondathans,-4,-5,160.5,56.3,-2,4,4,1,8,4,0,-1,3,5,-3,-3,8,-3,11.9,NO,Non-magique,,Aucun talent magique détecté,48.8,26.025,Aucun
CH-00756,7,Humain,Tethyrians,-4,4,155.8,56.3,-2,-2,2,3,3,-2,2,5,-3,2,-5,-3,3,-2,-2.21,YES,Théurgiste,Théurgie,Théurgiste (magie divine / invocation),-2.0,0.0,Aucun
CH-00757,15,Nain,Nain d'écu,1,13,166.0,71.3,-1,5,6,-4,1,-3,2,-5,-1,1,3,0,1,-3,3.5,NO,Non-magique,,Aucun talent magique détecté,64.8,29.033,Vision dans le noir + robustesse naine
CH-00758,138,Humain,Uthgardt,1,7,169.3,71.3,-1,0,-7,0,6,10,4,-3,0,-1,1,0,6,-1,12.29,NO,Non-magique,,Aucun talent magique détecté,51.8,26.644,Aucun
CH-00759,4,Humain,Illuskans,1,-4,175.4,71.3,0,-5,-7,-4,2,4,2,-1,6,-7,-1,-1,2,-2,-0.98,YES,Théurgiste,Théurgie,Théurgiste (magie divine / invocation),-0.7,0.0,Aucun
CH-00760,5,Humain,Mulan,-1,2,165.8,64.9,-1,1,0,-2,-7,-5,-3,2,5,0,-1,-2,-7,-3,-8.68,YES,Magicien,Magie savante,Magicien classique (étude et formules),7.8,9.815,Aucun
CH-00761,5,Humain,Mulan,-4,5,155.3,56.3,-2,-2,0,-9,1,1,9,-7,11,-5,-5,-5,1,-6,-8.69,YES,Magicien,Magie savante,Magicien classique (étude et formules),-3.3,0.0,Aucun
CH-00762,30,Elfe,Elfe des bois,-7,10,144.6,48.9,-4,1,8,1,-8,-5,0,-1,8,4,-7,-6,-8,-6,-15.21,YES,Sauvage,Psionique,Magie sauvage - Psionique,3.7,5.603,Transe + Vision nocturne
CH-00763,9,Humain,Turami,0,-3,171.7,68.0,0,6,1,0,8,4,-3,2,6,4,2,1,8,0,22.02,NO,Non-magique,,Aucun talent magique détecté,38.8,23.662,Aucun
CH-00764,127,Humain,Imaskari,7,0,193.5,94.5,2,-5,1,6,0,5,-2,-1,3,-4,5,4,0,5,26.0,NO,Non-magique,,Aucun talent magique détecté,41.7,24.391,Aucun
CH-00765,7,Humain,Tethyrians,1,3,171.5,71.3,0,0,-7,-2,-7,-1,6,-6,-4,-2,1,0,-7,-1,-3.9,YES,Théurgiste,Théurgie,Théurgiste (magie divine / invocation),8.2,10.095,Aucun
CH-00766,35,Elfe,Elfe de la mer,-8,-2,147.6,46.7,-3,3,1,2,0,5,1,5,7,7,-7,-5,0,-5,-10.08,YES,Magicien,Magie savante,Magicien classique (étude et formules),-7.1,0.0,Respiration aquatique + Transe + Vision nocturne
CH-00767,2,Humain,Chondathans,-6,-2,153.1,51.3,-3,4,-1,0,2,2,-1,5,1,6,-5,-4,2,-5,-6.18,YES,Théurgiste,Théurgie,Théurgiste (magie divine / invocation),-1.7,0.0,Aucun
CH-00768,2,Humain,Chondathans,-3,1,160.3,59.1,-2,-3,-7,4,-2,5,1,6,1,1,-4,-3,-2,-2,-8.04,YES,Magicien,Magie savante,Magicien classique (étude et formules),2.0,3.332,Aucun
CH-00769,2,Humain,Chondathans,5,-2,187.7,86.0,2,-1,0,-5,-5,1,1,-2,-6,-7,5,2,-5,1,10.07,NO,Non-magique,,Aucun talent magique détecté,64.9,29.052,Aucun
CH-00770,16,Nain,Nain d'or,8,13,189.0,99.0,2,-3,1,9,4,8,2,4,-2,-2,7,6,4,7,49.75,NO,Non-magique,,Aucun talent magique détecté,12.2,13.061,Vision dans le noir + robustesse naine
CH-00771,138,Humain,Uthgardt,-5,-2,156.0,53.8,-2,-3,-1,5,3,1,3,1,-8,3,-6,-4,3,-3,-3.65,YES,Théurgiste,Théurgie,Théurgiste (magie divine / invocation),2.5,4.165,Aucun
CH-00772,16,Nain,Nain d'or,2,22,164.2,74.7,-1,-1,-7,6,1,5,-4,5,-2,1,2,1,1,1,5.64,NO,Non-magique,,Aucun talent magique détecté,62.8,28.705,Vision dans le noir + robustesse naine
CH-00773,138,Humain,Uthgardt,-3,-1,161.3,59.1,-2,2,7,1,2,7,7,-2,-3,3,-2,-2,2,-3,-2.76,YES,Théurgiste,Théurgie,Théurgiste (magie divine / invocation),-11.3,0.0,Aucun
CH-00774,5,Humain,Mulan,3,1,179.1,78.3,1,-2,-4,1,1,-2,0,-12,-1,-3,2,1,1,1,5.64,NO,Non-magique,,Aucun talent magique détecté,72.7,30.281,Aucun
CH-00775,39,Gnome,Gnome des roches,-10,4,139.5,42.5,-4,-4,1,3,8,3,10,-2,-6,3,-11,-8,8,-6,5.22,NO,Non-magique,,Aucun talent magique détecté,56.1,27.486,Affinité illusion
CH-00776,4,Humain,Illuskans,0,3,168.3,68.0,-1,-1,7,-1,-5,5,4,2,12,-2,0,-1,-5,-2,-5.71,YES,Théurgiste,Théurgie,Théurgiste (magie divine / invocation),-15.6,0.0,Aucun
CH-00777,9,Humain,Turami,4,3,181.3,82.1,1,-1,-4,-2,5,5,8,4,3,-4,4,1,5,1,18.48,NO,Non-magique,,Aucun talent magique détecté,41.8,24.411,Aucun
CH-00778,26,Demi-elfe,Demi-elfe de la mer,1,-3,174.9,71.3,0,2,11,1,0,1,-1,6,-1,1,2,1,0,0,3.64,NO,Non-magique,,Aucun talent magique détecté,53.0,26.891,Respiration aquatique + Immunité sommeil + Vision nocturne
CH-00779,3,Humain,Damarans,2,-4,178.7,74.7,1,-3,-3,-3,0,3,4,3,-4,-6,1,0,0,0,1.0,NO,Non-magique,,Aucun talent magique détecté,68.6,29.645,Aucun
CH-00780,2,Humain,Chondathans,1,-12,180.1,71.3,1,1,3,-1,6,-5,-5,5,-2,-1,1,1,6,0,14.29,NO,Non-magique,,Aucun talent magique détecté,56.4,27.545,Aucun
CH-00781,9,Humain,Turami,-1,3,165.3,64.9,-1,-1,4,-3,-2,-2,10,0,3,-3,-1,-2,-2,-3,-6.4,YES,Théurgiste,Théurgie,Théurgiste (magie divine / invocation),-3.5,0.0,Aucun
CH-00782,138,Humain,Uthgardt,3,-1,180.3,78.3,1,-4,7,4,-3,4,4,-2,-4,-3,2,2,-3,2,5.76,NO,Non-magique,,Aucun talent magique détecté,58.5,27.944,Aucun
CH-00783,22,Demi-elfe,Demi-elfe de la lune,-2,8,159.6,61.9,-2,3,5,3,-4,2,-2,1,9,5,-1,-1,-4,-2,-6.26,YES,Théurgiste,Théurgie,Théurgiste (magie divine / invocation),-7.7,0.0,Immunité sommeil + Vision nocturne
CH-00784,2,Humain,Chondathans,-2,-5,166.5,61.9,-1,1,-3,-8,1,-9,0,0,-1,-3,-2,-3,1,-5,-5.87,YES,Théurgiste,Théurgie,Théurgiste (magie divine / invocation),12.3,13.099,Aucun
CH-00785,30,Elfe,Elfe des bois,0,2,168.9,68.0,-1,4,7,4,-3,1,-1,2,13,5,1,0,-3,0,-1.16,YES,Théurgiste,Théurgie,Théurgiste (magie divine / invocation),-20.2,0.0,Transe + Vision nocturne
CH-00786,138,Humain,Uthgardt,-3,10,155.7,59.1,-2,3,-1,5,3,7,2,-2,0,6,-2,-2,3,-2,-0.2,YES,Théurgiste,Théurgie,Théurgiste (magie divine / invocation),-8.4,0.0,Aucun
CH-00787,3,Humain,Damarans,0,2,168.9,68.0,-1,4,-1,-2,1,5,-4,1,7,2,1,-1,1,-2,-0.62,YES,Théurgiste,Théurgie,Théurgiste (magie divine / invocation),-6.9,0.0,Aucun
CH-00788,34,Elfe,Elfe sauvage,-5,2,154.0,53.8,-2,1,-3,6,-6,3,-3,2,-6,6,-5,-3,-6,-2,-10.38,YES,Magicien,Magie savante,Magicien classique (étude et formules),8.6,10.487,Transe + Vision nocturne
CH-00789,10,Humain,Ffolk,1,0,173.2,71.3,0,1,4,-2,1,-3,1,2,2,-1,1,0,1,-1,1.0,NO,Non-magique,,Aucun talent magique détecté,65.7,29.177,Aucun
CH-00790,1,Humain,Calishites,3,6,176.2,78.3,0,6,-7,-5,-10,0,7,1,-2,0,5,1,-10,-2,3.89,NO,Non-magique,,Aucun talent magique détecté,64.3,28.958,Aucun
CH-00791,7,Humain,Tethyrians,3,2,178.5,78.3,1,0,0,0,-1,2,0,0,5,-2,3,2,-1,1,7.3,NO,Non-magique,,Aucun talent magique détecté,59.3,28.094,Aucun
CH-00792,7,Humain,Tethyrians,6,4,187.5,90.2,2,0,1,2,-1,1,-2,3,6,-2,6,4,-1,3,22.91,NO,Non-magique,,Aucun talent magique détecté,42.2,24.505,Aucun
CH-00793,79,Autre,Half-goblin,-8,9,142.4,46.7,-4,1,-4,1,5,-1,4,-1,7,5,-8,-6,5,-6,-1.79,YES,Théurgiste,Théurgie,Théurgiste (magie divine / invocation),-6.0,0.0,Aucun
CH-00794,7,Humain,Tethyrians,6,-5,193.1,90.2,2,4,5,0,-5,-5,-9,2,-3,0,7,4,-5,3,23.78,NO,Non-magique,,Aucun talent magique détecté,48.6,25.972,Aucun
CH-00795,1,Humain,Calishites,2,4,174.1,74.7,0,-6,0,-5,7,5,-1,-7,7,-9,0,-1,7,-2,12.63,NO,Non-magique,,Aucun talent magique détecté,55.7,27.418,Aucun
CH-00796,3,Humain,Damarans,-1,5,164.2,64.9,-1,0,-3,1,-5,-1,4,-7,0,1,-1,-1,-5,-2,-6.71,YES,Théurgiste,Théurgie,Théurgiste (magie divine / invocation),8.3,10.2,Aucun
CH-00797,11,Humain,Sossrim,-3,-6,164.0,59.1,-1,-3,-3,-5,-4,-1,-1,1,2,-4,-4,-4,-4,-4,-10.56,YES,Magicien,Magie savante,Magicien classique (étude et formules),13.0,13.545,Aucun
CH-00798,1,Humain,Calishites,5,-1,187.1,86.0,2,-9,5,-3,-1,1,4,-1,-2,-12,2,1,-1,2,5.28,NO,Non-magique,,Aucun talent magique détecté,63.8,28.876,Aucun
CH-00799,2,Humain,Chondathans,7,4,191.0,94.5,2,0,-6,5,-8,-1,-7,3,1,-1,7,5,-8,4,27.44,NO,Non-magique,,Aucun talent magique détecté,46.4,25.485,Aucun
CH-00800,30,Elfe,Elfe des bois,-4,-1,158.4,56.3,-2,-3,5,3,7,4,1,2,2,1,-5,-3,7,-2,8.38,NO,Non-magique,,Aucun talent magique détecté,52.7,26.836,Transe + Vision nocturne
CH-00801,95,Autre,Merfolk,3,1,179.1,78.3,1,2,5,5,6,3,1,0,2,3,4,3,6,2,26.55,NO,Non-magique,,Aucun talent magique détecté,35.1,22.65,Respiration aquatique
CH-00802,7,Humain,Tethyrians,3,1,179.1,78.3,1,-2,1,-2,0,1,-5,0,11,-5,2,1,0,0,3.64,NO,Non-magique,,Aucun talent magique détecté,60.2,28.24,Aucun
CH-00803,16,Nain,Nain d'or,3,19,168.9,78.3,-1,-3,8,-1,2,7,-5,9,7,-5,2,0,2,-2,3.66,NO,Non-magique,,Aucun talent magique détecté,48.0,25.85,Vision dans le noir + robustesse naine
CH-00804,1,Humain,Calishites,-1,9,162.1,64.9,-1,-3,3,2,0,11,-1,3,-6,-1,-2,-2,0,-2,-4.86,YES,Théurgiste,Théurgie,Théurgiste (magie divine / invocation),-4.5,0.0,Aucun
CH-00805,7,Humain,Tethyrians,0,0,170.0,68.0,0,2,-5,0,0,7,-4,-4,6,1,1,0,0,0,1.0,NO,Non-magique,,Aucun talent magique détecté,65.1,29.092,Aucun
CH-00806,2,Humain,Chondathans,3,-1,180.3,78.3,1,-1,-5,5,-1,10,2,3,-4,0,3,2,-1,2,8.94,NO,Non-magique,,Aucun talent magique détecté,54.0,27.084,Aucun
CH-00807,7,Humain,Tethyrians,-2,-2,164.9,61.9,-1,-1,0,3,1,-3,2,0,2,1,-2,-2,1,-1,-3.24,YES,Théurgiste,Théurgie,Théurgiste (magie divine / invocation),1.8,3.139,Aucun
CH-00808,15,Nain,Nain d'écu,-1,23,154.8,64.9,-2,-3,-8,6,0,5,5,-4,-6,1,-2,-1,0,-1,-3.62,YES,Théurgiste,Théurgie,Théurgiste (magie divine / invocation),3.8,5.795,Vision dans le noir + robustesse naine
CH-00809,130,Humain,Nar,2,-2,177.6,74.7,0,-8,6,2,-5,0,0,3,-3,-7,-1,0,-5,0,-4.09,YES,Théurgiste,Théurgie,Théurgiste (magie divine / invocation),2.4,3.954,Aucun
CH-00810,6,Humain,Rashemi,-5,3,153.5,53.8,-3,-7,0,-3,1,0,1,1,1,-5,-7,-6,1,-6,-9.92,YES,Magicien,Magie savante,Magicien classique (étude et formules),10.4,11.83,Aucun
CH-00811,7,Humain,Tethyrians,4,-1,183.7,82.1,1,2,0,-2,3,-10,8,-3,-7,-2,5,2,3,1,17.82,NO,Non-magique,,Aucun talent magique détecté,54.8,27.236,Aucun
CH-00812,15,Nain,Nain d'écu,-2,25,151.0,61.9,-3,4,2,0,-1,5,10,-5,-7,4,-1,-2,-1,-4,-6.26,YES,Théurgiste,Théurgie,Théurgiste (magie divine / invocation),-3.7,0.0,Vision dans le noir + robustesse naine
CH-00813,2,Humain,Chondathans,-4,-4,159.9,56.3,-2,1,2,1,-9,-1,-4,6,11,3,-4,-3,-9,-3,-11.62,YES,Magicien,Magie savante,Magicien classique (étude et formules),-2.3,0.0,Aucun
CH-00814,133,Humain,Tashaliens,2,-2,177.6,74.7,0,1,-6,-2,8,-3,-4,10,7,-2,2,0,8,-1,20.02,NO,Non-magique,,Aucun talent magique détecté,43.5,24.821,Aucun
CH-00815,6,Humain,Rashemi,4,0,183.1,82.1,1,4,6,2,-4,3,-3,7,-1,2,5,3,-4,2,14.18,NO,Non-magique,,Aucun talent magique détecté,45.9,25.391,Aucun
CH-00816,4,Humain,Illuskans,-3,3,159.3,59.1,-2,2,6,2,-2,-2,5,1,-4,4,-2,-2,-2,-3,-7.02,YES,Magicien,Magie savante,Magicien classique (étude et formules),-0.4,0.0,Aucun
CH-00817,3,Humain,Damarans,-3,4,158.7,59.1,-2,-1,0,-2,3,-5,-5,5,2,-1,-3,-3,3,-4,-2.3,YES,Théurgiste,Théurgie,Théurgiste (magie divine / invocation),2.7,4.309,Aucun
CH-00818,5,Humain,Mulan,5,3,184.7,86.0,1,7,-5,0,-5,-5,-2,-1,-4,3,7,4,-5,2,21.76,NO,Non-magique,,Aucun talent magique détecté,53.8,27.052,Aucun
CH-00819,2,Humain,Chondathans,-3,-7,164.5,59.1,-1,1,-5,1,9,-3,-1,0,-1,2,-3,-2,9,-2,16.27,NO,Non-magique,,Aucun talent magique détecté,57.0,27.668,Aucun
CH-00820,1,Humain,Calishites,-10,-3,142.7,42.5,-4,-8,3,-2,5,4,-3,10,7,-3,-13,-9,5,-8,-5.45,YES,Théurgiste,Théurgie,Théurgiste (magie divine / invocation),-8.9,0.0,Aucun
CH-00821,4,Humain,Illuskans,0,1,169.4,68.0,-1,-1,3,0,-5,6,5,1,7,-1,0,-1,-5,-1,-5.09,YES,Théurgiste,Théurgie,Théurgiste (magie divine / invocation),-8.7,0.0,Aucun
CH-00822,2,Humain,Chondathans,1,0,173.2,71.3,0,3,-2,-2,2,-3,-6,1,0,0,2,0,2,-1,4.28,NO,Non-magique,,Aucun talent magique détecté,69.9,29.851,Aucun
CH-00823,3,Humain,Damarans,6,0,190.0,90.2,2,8,7,4,1,0,-3,-4,7,5,9,6,1,4,41.92,NO,Non-magique,,Aucun talent magique détecté,18.2,16.42,Aucun
CH-00824,138,Humain,Uthgardt,2,2,175.3,74.7,0,-3,0,4,-8,-4,5,-7,7,-2,1,1,-8,1,-1.29,YES,Théurgiste,Théurgie,Théurgiste (magie divine / invocation),-1.4,0.0,Aucun
CH-00825,23,Demi-elfe,Demi-elfe noir,-2,-4,166.0,61.9,-1,7,4,1,-3,-4,-7,1,-1,7,0,-1,-3,-2,-4.78,YES,Théurgiste,Théurgie,Théurgiste (magie divine / invocation),1.8,3.16,Immunité sommeil + Vision nocturne
CH-00826,2,Humain,Chondathans,-2,0,163.8,61.9,-1,1,-1,-7,-4,-6,2,-7,-4,-3,-2,-3,-4,-5,-9.51,YES,Magicien,Magie savante,Magicien classique (étude et formules),17.1,15.837,Aucun
CH-00827,4,Humain,Illuskans,4,3,181.3,82.1,1,-7,10,3,0,0,5,-2,1,-6,2,1,0,3,8.3,NO,Non-magique,,Aucun talent magique détecté,53.3,26.949,Aucun
CH-00828,15,Nain,Nain d'écu,3,24,166.2,78.3,-1,1,-3,0,8,-1,7,1,-3,-1,3,1,8,-1,23.04,NO,Non-magique,,Aucun talent magique détecté,45.2,25.23,Vision dans le noir + robustesse naine
CH-00829,2,Humain,Chondathans,-5,3,153.5,53.8,-3,4,-1,1,4,-12,0,-4,0,6,-4,-4,4,-5,-1.41,YES,Théurgiste,Théurgie,Théurgiste (magie divine / invocation),3.5,5.373,Aucun
CH-00830,4,Humain,Illuskans,1,2,172.1,71.3,0,-2,-5,9,6,2,2,2,5,3,0,1,6,3,17.95,NO,Non-magique,,Aucun talent magique détecté,45.9,25.377,Aucun
CH-00831,3,Humain,Damarans,4,1,182.5,82.1,1,5,4,-3,-2,2,-1,2,-5,0,6,2,-2,1,14.31,NO,Non-magique,,Aucun talent magique détecté,53.6,27.011,Aucun
CH-00832,2,Humain,Chondathans,-12,5,133.9,38.7,-5,0,4,3,-2,0,1,5,-3,7,-12,-8,-2,-7,-15.5,YES,Double,Magicien & Théurgiste,Double talent : Magicien + Théurgiste,5.8,7.99,Aucun
CH-00833,1,Humain,Calishites,-5,10,150.0,53.8,-3,1,-4,-7,-2,3,-4,-3,-1,-1,-5,-5,-2,-8,-12.09,YES,Magicien,Magie savante,Magicien classique (étude et formules),16.1,15.357,Aucun
CH-00834,1,Humain,Calishites,4,6,179.5,82.1,1,2,-6,4,-3,1,0,-3,3,2,5,3,-3,3,16.68,NO,Non-magique,,Aucun talent magique détecté,53.7,27.026,Aucun
CH-00835,10,Humain,Ffolk,-7,1,148.9,48.9,-3,-3,-6,-3,7,7,1,-5,1,-1,-8,-6,7,-6,3.94,NO,Non-magique,,Aucun talent magique détecté,65.1,29.083,Aucun
CH-00836,3,Humain,Damarans,-1,-2,168.0,64.9,-1,2,4,-4,1,0,2,11,9,-1,0,-2,1,-4,-3.26,YES,Théurgiste,Théurgie,Théurgiste (magie divine / invocation),-16.0,0.0,Aucun
CH-00837,2,Humain,Chondathans,-4,-1,158.4,56.3,-2,2,7,-3,-7,7,0,-4,1,1,-3,-4,-7,-4,-11.34,YES,Magicien,Magie savante,Magicien classique (étude et formules),2.2,3.744,Aucun
CH-00838,11,Humain,Sossrim,3,2,178.5,78.3,1,0,-4,-5,-5,5,-2,-2,3,-5,3,1,-5,-1,1.57,NO,Non-magique,,Aucun talent magique détecté,69.2,29.745,Aucun
CH-00839,7,Humain,Tethyrians,-6,2,151.1,51.3,-3,0,5,7,-1,-7,-8,6,1,7,-6,-4,-1,-3,-9.31,YES,Magicien,Magie savante,Magicien classique (étude et formules),2.4,3.932,Aucun
CH-00840,7,Humain,Tethyrians,6,0,190.0,90.2,2,0,1,-3,1,1,1,1,3,-5,6,3,1,2,20.59,NO,Non-magique,,Aucun talent magique détecté,47.6,25.766,Aucun
CH-00841,2,Humain,Chondathans,4,-6,186.7,82.1,2,-3,4,1,0,6,-1,-3,7,-4,3,2,0,3,11.96,NO,Non-magique,,Aucun talent magique détecté,50.3,26.342,Aucun
CH-00842,138,Humain,Uthgardt,9,4,198.2,103.8,3,-3,7,0,-5,6,8,1,-9,-7,8,5,-5,5,34.33,NO,Non-magique,,Aucun talent magique détecté,26.3,19.812,Aucun
CH-00843,6,Humain,Rashemi,3,8,175.1,78.3,0,0,-3,-2,-10,1,-12,1,3,-3,3,1,-10,-1,-0.35,YES,Théurgiste,Théurgie,Théurgiste (magie divine / invocation),4.1,6.104,Aucun
CH-00844,3,Humain,Damarans,3,-6,183.2,78.3,1,1,0,2,7,1,5,8,4,0,3,2,7,1,23.55,NO,Non-magique,,Aucun talent magique détecté,34.5,22.456,Aucun
CH-00845,31,Elfe,Elfe de la lune,-2,5,161.2,61.9,-2,2,6,5,3,-1,2,0,9,5,-1,-1,3,-2,1.04,NO,Non-magique,,Aucun talent magique détecté,54.3,27.143,Transe + Vision nocturne
CH-00846,2,Humain,Chondathans,-1,-7,170.7,64.9,0,1,3,1,-6,0,-1,-2,-3,1,-1,-1,-6,-1,-6.51,YES,Théurgiste,Théurgie,Théurgiste (magie divine / invocation),7.0,9.108,Aucun
CH-00847,7,Humain,Tethyrians,-1,-3,168.5,64.9,-1,-1,-3,1,3,-3,-8,0,5,0,-1,-1,3,-2,1.04,NO,Non-magique,,Aucun talent magique détecté,71.4,30.092,Aucun
CH-00848,138,Humain,Uthgardt,8,2,195.8,99.0,3,-3,-2,-1,-5,5,4,-7,-2,-7,7,4,-5,4,26.08,NO,Non-magique,,Aucun talent magique détecté,45.6,25.308,Aucun
CH-00849,1,Humain,Calishites,4,4,180.7,82.1,1,0,-2,-1,-1,3,-2,-5,11,-3,4,2,-1,1,9.6,NO,Non-magique,,Aucun talent magique détecté,54.7,27.221,Aucun
CH-00850,1,Humain,Calishites,-2,-2,164.9,61.9,-1,3,-2,0,1,2,5,-1,-5,3,-1,-1,1,-2,-2.62,YES,Théurgiste,Théurgie,Théurgiste (magie divine / invocation),0.1,0.179,Aucun
CH-00851,6,Humain,Rashemi,1,8,168.7,71.3,-1,0,-2,4,-2,1,8,-1,-2,1,1,0,-2,0,-0.62,YES,Théurgiste,Théurgie,Théurgiste (magie divine / invocation),-3.9,0.0,Aucun
CH-00852,2,Humain,Chondathans,-1,7,163.1,64.9,-1,3,-4,4,1,-1,-6,-1,5,5,0,0,1,-1,0.0,YES,Théurgiste,Théurgie,Théurgiste (magie divine / invocation),-1.3,0.0,Aucun
CH-00853,2,Humain,Chondathans,-5,-7,158.5,53.8,-2,1,-5,-5,0,1,2,4,3,0,-5,-5,0,-6,-9.69,YES,Magicien,Magie savante,Magicien classique (étude et formules),6.0,8.106,Aucun
CH-00854,11,Humain,Sossrim,3,5,176.8,78.3,0,2,-3,2,4,7,4,4,2,1,4,2,4,0,16.56,NO,Non-magique,,Aucun talent magique détecté,43.4,24.804,Aucun
CH-00855,4,Humain,Illuskans,0,1,169.4,68.0,-1,3,7,3,2,2,-7,7,0,4,1,0,2,0,3.64,NO,Non-magique,,Aucun talent magique détecté,55.8,27.428,Aucun
CH-00856,15,Nain,Nain d'écu,14,19,207.1,131.3,4,-1,2,4,-5,8,-2,4,-3,-6,14,9,-5,8,77.19,NO,Non-magique,,Aucun talent magique détecté,-11.9,0.0,Vision dans le noir + robustesse naine
CH-00857,5,Humain,Mulan,-2,-4,166.0,61.9,-1,-3,-7,-3,-4,-2,-2,-4,-6,-4,-3,-3,-4,-3,-9.12,YES,Magicien,Magie savante,Magicien classique (étude et formules),19.5,17.042,Aucun
CH-00858,7,Humain,Tethyrians,2,5,173.6,74.7,0,0,4,-1,-3,-5,2,-3,4,-2,2,0,-3,-1,-0.52,YES,Théurgiste,Théurgie,Théurgiste (magie divine / invocation),-1.1,0.0,Aucun
CH-00859,5,Humain,Mulan,-9,6,141.1,44.5,-4,2,5,-5,1,-1,3,1,-6,3,-8,-7,1,-9,-11.85,YES,Magicien,Magie savante,Magicien classique (étude et formules),7.5,9.576,Aucun
CH-00860,4,Humain,Illuskans,5,4,184.1,86.0,1,-5,-2,5,-2,-2,-5,-3,1,-4,3,3,-2,3,12.36,NO,Non-magique,,Aucun talent magique détecté,64.1,28.926,Aucun
CH-00861,7,Humain,Tethyrians,-2,-4,166.0,61.9,-1,-2,0,-1,1,1,4,-1,0,-2,-3,-2,1,-3,-4.94,YES,Théurgiste,Théurgie,Théurgiste (magie divine / invocation),3.4,5.288,Aucun
CH-00862,138,Humain,Uthgardt,7,3,191.6,94.5,2,-1,-10,-6,-4,-2,-4,5,-5,-8,7,3,-4,1,18.27,NO,Non-magique,,Aucun talent magique détecté,59.7,28.156,Aucun
CH-00863,2,Humain,Chondathans,5,0,186.5,86.0,2,0,3,0,2,-3,5,-2,-4,-3,5,3,2,3,21.48,NO,Non-magique,,Aucun talent magique détecté,49.0,26.059,Aucun
CH-00864,10,Humain,Ffolk,-1,-3,168.5,64.9,-1,1,-2,2,-2,8,6,1,0,2,-1,-1,-2,-2,-5.24,YES,Théurgiste,Théurgie,Théurgiste (magie divine / invocation),-5.3,0.0,Aucun
CH-00865,3,Humain,Damarans,5,1,185.9,86.0,1,2,5,-1,3,4,5,4,-6,-2,6,3,3,1,22.61,NO,Non-magique,,Aucun talent magique détecté,39.5,23.837,Aucun
CH-00866,26,Demi-elfe,Demi-elfe de la mer,-5,-7,158.5,53.8,-2,0,4,-2,2,-4,0,4,-7,1,-5,-4,2,-5,-6.18,YES,Théurgiste,Théurgie,Théurgiste (magie divine / invocation),5.2,7.352,Respiration aquatique + Immunité sommeil + Vision nocturne
CH-00867,6,Humain,Rashemi,4,5,180.1,82.1,1,0,-5,-5,3,3,3,3,7,-5,4,1,3,0,12.62,NO,Non-magique,,Aucun talent magique détecté,51.4,26.574,Aucun
CH-00868,15,Nain,Nain d'écu,-5,18,146.2,53.8,-3,1,-5,0,-5,4,9,-1,2,3,-5,-4,-5,-5,-11.91,YES,Magicien,Magie savante,Magicien classique (étude et formules),2.3,3.815,Vision dans le noir + robustesse naine
CH-00869,3,Humain,Damarans,6,1,189.3,90.2,2,-2,4,-5,-6,-5,-8,-2,3,-8,5,2,-6,1,9.65,NO,Non-magique,,Aucun talent magique détecté,65.1,29.088,Aucun
CH-00870,2,Humain,Chondathans,4,-2,184.3,82.1,1,3,7,-4,-8,-1,2,-1,10,-2,5,2,-8,0,7.87,NO,Non-magique,,Aucun talent magique détecté,50.0,26.281,Aucun
CH-00871,21,Demi-elfe,Demi-elfe des bois,1,7,169.3,71.3,-1,-4,8,4,2,-2,6,-4,-1,-2,0,0,2,0,2.64,NO,Non-magique,,Aucun talent magique détecté,61.6,28.496,Immunité sommeil + Vision nocturne
CH-00872,9,Humain,Turami,9,1,200.2,103.8,3,3,-9,-4,-1,-1,-3,3,-3,-5,10,5,-1,3,38.3,NO,Non-magique,,Aucun talent magique détecté,38.4,23.555,Aucun
CH-00873,4,Humain,Illuskans,4,6,179.5,82.1,1,0,8,-6,4,3,2,5,-1,-6,4,1,4,0,14.92,NO,Non-magique,,Aucun talent magique détecté,46.1,25.426,Aucun
CH-00874,130,Humain,Nar,-3,2,159.8,59.1,-2,-4,-3,0,3,3,4,-3,0,-2,-4,-4,3,-3,-2.78,YES,Théurgiste,Théurgie,Théurgiste (magie divine / invocation),2.2,3.742,Aucun
CH-00875,5,Humain,Mulan,-8,0,146.6,46.7,-3,1,1,1,1,-5,-2,0,5,5,-8,-6,1,-5,-9.89,YES,Magicien,Magie savante,Magicien classique (étude et formules),6.0,8.172,Aucun
CH-00876,2,Humain,Chondathans,-4,2,156.8,56.3,-2,-1,5,2,-1,-3,-2,5,-7,2,-4,-3,-1,-3,-7.96,YES,Magicien,Magie savante,Magicien classique (étude et formules),5.5,7.626,Aucun
CH-00877,2,Humain,Chondathans,0,-1,170.6,68.0,0,-2,3,0,-6,-3,2,0,0,-2,-1,-1,-6,0,-5.51,YES,Théurgiste,Théurgie,Théurgiste (magie divine / invocation),4.9,7.071,Aucun
CH-00878,89,Autre,Kuo-toa,-3,-2,161.9,59.1,-2,-1,-1,1,-2,5,5,6,2,1,-3,-3,-2,-3,-8.1,YES,Magicien,Magie savante,Magicien classique (étude et formules),-3.4,0.0,Fanatisme religieux
CH-00879,2,Humain,Chondathans,2,-7,180.5,74.7,1,-5,3,0,-1,-1,3,2,2,-5,0,0,-1,1,0.0,YES,Théurgiste,Théurgie,Théurgiste (magie divine / invocation),-3.1,0.0,Aucun
CH-00880,1,Humain,Calishites,1,3,171.5,71.3,0,3,-5,0,4,-1,3,5,3,1,2,1,4,0,10.6,NO,Non-magique,,Aucun talent magique détecté,54.8,27.239,Aucun
CH-00881,90,Halfelin,Lightfoot,-12,4,134.4,38.7,-5,5,3,0,5,-4,-5,-1,-2,10,-10,-8,5,-8,-4.07,YES,Théurgiste,Théurgie,Théurgiste (magie divine / invocation),-0.5,0.0,Furtivité naturelle
CH-00882,4,Humain,Illuskans,3,7,175.7,78.3,0,5,6,7,-6,-1,1,2,-9,6,5,3,-6,2,13.31,NO,Non-magique,,Aucun talent magique détecté,50.8,26.436,Aucun
CH-00883,6,Humain,Rashemi,-2,1,163.3,61.9,-1,4,-1,-3,-7,5,6,-2,-7,2,-1,-2,-7,-3,-8.68,YES,Magicien,Magie savante,Magicien classique (étude et formules),4.5,6.602,Aucun
CH-00884,21,Demi-elfe,Demi-elfe des bois,-9,5,141.6,44.5,-4,0,2,4,-3,10,4,4,2,6,-9,-6,-3,-6,-13.84,YES,Magicien,Magie savante,Magicien classique (étude et formules),-5.3,0.0,Immunité sommeil + Vision nocturne
CH-00885,15,Nain,Nain d'écu,4,24,169.3,82.1,-1,-2,-2,2,-3,8,1,5,0,-3,3,1,-3,0,3.5,NO,Non-magique,,Aucun talent magique détecté,59.2,28.073,Vision dans le noir + robustesse naine
CH-00886,3,Humain,Damarans,7,2,192.3,94.5,2,-4,-1,1,2,2,0,-2,3,-7,6,4,2,3,26.55,NO,Non-magique,,Aucun talent magique détecté,44.7,25.111,Aucun
CH-00887,4,Humain,Illuskans,0,1,169.4,68.0,-1,1,6,1,4,4,3,3,1,1,0,-1,4,-1,4.96,NO,Non-magique,,Aucun talent magique détecté,54.1,27.103,Aucun
CH-00888,7,Humain,Tethyrians,0,11,164.0,68.0,-1,-6,0,-4,0,4,-7,4,-2,-8,-2,-3,0,-3,-5.94,YES,Théurgiste,Théurgie,Théurgiste (magie divine / invocation),7.7,9.687,Aucun
CH-00889,4,Humain,Illuskans,-2,-1,164.4,61.9,-1,1,2,0,2,-1,-2,4,6,1,-2,-2,2,-2,-2.22,YES,Théurgiste,Théurgie,Théurgiste (magie divine / invocation),-4.4,0.0,Aucun
CH-00890,8,Humain,Chultan,4,-2,184.3,82.1,1,-6,-1,-1,0,-6,1,-6,1,-8,2,1,0,1,4.64,NO,Non-magique,,Aucun talent magique détecté,72.5,30.257,Aucun
CH-00891,138,Humain,Uthgardt,9,2,199.5,103.8,3,3,-3,2,-8,2,8,-1,-2,-1,10,6,-8,5,42.64,NO,Non-magique,,Aucun talent magique détecté,23.7,18.805,Aucun
CH-00892,2,Humain,Chondathans,-1,9,162.1,64.9,-1,1,3,4,2,-2,2,1,5,3,-1,-1,2,-1,-0.36,YES,Théurgiste,Théurgie,Théurgiste (magie divine / invocation),-7.0,0.0,Aucun
CH-00893,2,Humain,Chondathans,2,7,172.4,74.7,0,-2,-5,0,-11,0,1,8,-8,-3,1,0,-11,0,-4.36,YES,Théurgiste,Théurgie,Théurgiste (magie divine / invocation),4.4,6.44,Aucun
CH-00894,101,Demi-orc,Orog,3,1,179.1,78.3,1,-1,5,-1,0,1,4,0,-3,-3,3,1,0,0,5.66,NO,Non-magique,,Aucun talent magique détecté,60.9,28.37,Aucun
CH-00895,138,Humain,Uthgardt,5,8,181.7,86.0,1,-4,-1,-2,0,1,8,0,-3,-7,4,2,0,1,10.6,NO,Non-magique,,Aucun talent magique détecté,57.6,27.766,Aucun
CH-00896,4,Humain,Illuskans,2,7,172.4,74.7,0,0,-4,-3,-1,4,-1,3,7,-3,2,0,-1,-1,0.64,NO,Non-magique,,Aucun talent magique détecté,63.9,28.882,Aucun
CH-00897,16,Nain,Nain d'or,13,24,200.0,125.3,3,-3,3,5,-2,3,3,0,3,-6,12,8,-2,7,64.43,NO,Non-magique,,Aucun talent magique détecté,1.0,1.807,Vision dans le noir + robustesse naine
CH-00898,5,Humain,Mulan,-4,2,156.8,56.3,-2,-8,-7,-1,2,1,1,1,1,-5,-7,-5,2,-4,-6.99,YES,Théurgiste,Théurgie,Théurgiste (magie divine / invocation),9.6,11.263,Aucun
CH-00899,5,Humain,Mulan,1,4,170.9,71.3,0,0,-1,4,4,-6,-6,3,-2,1,1,1,4,1,9.96,NO,Non-magique,,Aucun talent magique détecté,64.0,28.9,Aucun
CH-00900,5,Humain,Mulan,0,2,168.9,68.0,-1,1,-4,0,-2,-5,3,-2,-1,0,0,-1,-2,-1,-3.62,YES,Théurgiste,Théurgie,Théurgiste (magie divine / invocation),7.1,9.196,Aucun
CH-00901,8,Humain,Chultan,5,-1,187.1,86.0,2,-2,3,4,-7,9,-4,-2,-2,-2,4,3,-7,4,14.68,NO,Non-magique,,Aucun talent magique détecté,51.2,26.532,Aucun
CH-00902,2,Humain,Chondathans,-7,4,147.4,48.9,-3,-3,2,-1,0,-6,0,2,-4,0,-8,-6,0,-6,-11.31,YES,Magicien,Magie savante,Magicien classique (étude et formules),13.2,13.692,Aucun
CH-00903,14,Halfelin,Ghostwalk,-16,2,125.6,32.1,-6,0,1,-4,6,-2,-5,6,-1,5,-16,-12,6,-12,-6.05,YES,Théurgiste,Théurgie,Théurgiste (magie divine / invocation),1.9,3.166,Télépathie silencieuse
CH-00904,9,Humain,Turami,5,3,184.7,86.0,1,2,-4,4,0,2,-1,-1,-3,1,6,4,0,3,23.91,NO,Non-magique,,Aucun talent magique détecté,48.5,25.959,Aucun
CH-00905,1,Humain,Calishites,-4,4,155.8,56.3,-2,-2,-4,2,9,3,2,-4,-2,1,-5,-3,9,-3,14.26,NO,Non-magique,,Aucun talent magique détecté,56.7,27.616,Aucun
CH-00906,6,Humain,Rashemi,2,0,176.4,74.7,0,8,-5,-5,3,3,2,0,-3,2,5,1,3,-2,13.56,NO,Non-magique,,Aucun talent magique détecté,55.9,27.456,Aucun
CH-00907,15,Nain,Nain d'écu,0,19,159.8,68.0,-2,-5,2,2,1,-1,7,3,0,-3,-2,-2,1,-2,-3.86,YES,Théurgiste,Théurgie,Théurgiste (magie divine / invocation),-2.0,0.0,Vision dans le noir + robustesse naine
CH-00908,6,Humain,Rashemi,4,-1,183.7,82.1,1,1,-2,-1,5,-3,4,0,5,-2,4,2,5,1,20.12,NO,Non-magique,,Aucun talent magique détecté,47.5,25.74,Aucun
CH-00909,15,Nain,Nain d'écu,8,20,184.7,99.0,1,-6,-8,4,-3,5,2,10,-1,-7,6,4,-3,4,24.05,NO,Non-magique,,Aucun talent magique détecté,39.8,23.902,Vision dans le noir + robustesse naine
CH-00910,4,Humain,Illuskans,8,2,195.8,99.0,3,-1,0,-2,-2,6,-5,1,-8,-6,8,5,-2,4,33.24,NO,Non-magique,,Aucun talent magique détecté,39.7,23.879,Aucun
CH-00911,4,Humain,Illuskans,2,5,173.6,74.7,0,5,2,3,4,4,4,9,4,4,4,2,4,1,17.56,NO,Non-magique,,Aucun talent magique détecté,34.7,22.528,Aucun
CH-00912,34,Elfe,Elfe sauvage,0,4,167.8,68.0,-1,3,2,2,-4,-7,2,-2,4,3,1,0,-4,-1,-2.64,YES,Théurgiste,Théurgie,Théurgiste (magie divine / invocation),-0.1,0.0,Transe + Vision nocturne
CH-00913,1,Humain,Calishites,-3,3,159.3,59.1,-2,4,1,4,-6,-1,1,-2,1,7,-2,-2,-6,-2,-8.37,YES,Magicien,Magie savante,Magicien classique (étude et formules),3.3,5.184,Aucun
CH-00914,7,Humain,Tethyrians,1,5,170.4,71.3,0,-1,-3,-5,2,3,-1,3,-1,-5,1,-1,2,-2,1.02,NO,Non-magique,,Aucun talent magique détecté,69.9,29.855,Aucun
CH-00915,138,Humain,Uthgardt,7,-1,194.1,94.5,3,-1,-5,6,-3,-7,5,-2,-2,-1,7,5,-3,6,34.9,NO,Non-magique,,Aucun talent magique détecté,39.1,23.719,Aucun
CH-00916,2,Humain,Chondathans,11,3,206.4,114.0,4,-1,-2,0,-3,0,-2,-4,3,-7,11,7,-3,6,54.08,NO,Non-magique,,Aucun talent magique détecté,20.5,17.463,Aucun
CH-00917,73,Autre,Gloaming,-11,-1,139.1,40.5,-4,3,-3,5,-3,4,-1,6,12,10,-10,-7,-3,-6,-14.58,YES,Magicien,Magie savante,Magicien classique (étude et formules),-8.7,0.0,Aucun
CH-00918,24,Demi-elfe,Demi-elfe du soleil,-3,-3,162.4,59.1,-1,7,1,-6,-4,4,4,12,-5,3,-1,-2,-4,-4,-7.9,YES,Magicien,Magie savante,Magicien classique (étude et formules),-7.8,0.0,Immunité sommeil + Vision nocturne
CH-00919,7,Humain,Tethyrians,0,-2,171.1,68.0,0,-3,8,2,-1,7,-3,-7,6,-2,-1,-1,-1,0,-3.0,YES,Théurgiste,Théurgie,Théurgiste (magie divine / invocation),-6.7,0.0,Aucun
CH-00920,7,Humain,Tethyrians,0,-2,171.1,68.0,0,-2,4,0,0,-1,-3,-2,1,-2,-1,-1,0,0,-2.0,YES,Théurgiste,Théurgie,Théurgiste (magie divine / invocation),2.8,4.443,Aucun
CH-00921,17,Nain,Nain gris,4,20,171.5,82.1,0,-2,-5,3,7,1,8,2,-3,-2,3,2,7,2,25.19,NO,Non-magique,,Aucun talent magique détecté,41.7,24.387,Invisibilité + Agrandissement
CH-00922,5,Humain,Mulan,-7,4,147.4,48.9,-3,4,-1,-3,-3,-1,4,-3,3,4,-6,-5,-3,-6,-12.27,YES,Magicien,Magie savante,Magicien classique (étude et formules),8.0,9.965,Aucun
CH-00923,2,Humain,Chondathans,3,10,173.9,78.3,0,1,6,1,-8,2,-4,8,3,-1,3,1,-8,0,1.37,NO,Non-magique,,Aucun talent magique détecté,58.2,27.878,Aucun
CH-00924,30,Elfe,Elfe des bois,-5,-3,156.5,53.8,-2,2,1,2,-4,1,2,9,3,5,-4,-3,-4,-4,-10.08,YES,Magicien,Magie savante,Magicien classique (étude et formules),-3.9,0.0,Transe + Vision nocturne
CH-00925,7,Humain,Tethyrians,6,2,188.7,90.2,2,7,2,2,-7,11,7,5,7,3,8,5,-7,3,28.66,NO,Non-magique,,Aucun talent magique détecté,16.3,15.428,Aucun
CH-00926,35,Elfe,Elfe de la mer,5,-3,188.3,86.0,2,8,4,-2,4,5,5,7,3,2,8,4,4,2,34.94,NO,Non-magique,,Aucun talent magique détecté,18.5,16.572,Respiration aquatique + Transe + Vision nocturne
CH-00927,7,Humain,Tethyrians,-8,6,143.8,46.7,-4,-4,-2,-4,5,4,3,2,7,-2,-9,-8,5,-8,-3.72,YES,Théurgiste,Théurgie,Théurgiste (magie divine / invocation),-4.6,0.0,Aucun
CH-00928,138,Humain,Uthgardt,8,-4,199.7,99.0,3,0,0,-5,1,6,5,-4,3,-7,8,4,1,3,31.0,NO,Non-magique,,Aucun talent magique détecté,34.5,22.468,Aucun
CH-00929,2,Humain,Chondathans,6,-2,191.2,90.2,2,1,5,3,-5,0,-2,2,2,-1,6,4,-5,4,23.12,NO,Non-magique,,Aucun talent magique détecté,42.9,24.684,Aucun
CH-00930,3,Humain,Damarans,1,0,173.2,71.3,0,5,4,3,0,9,0,2,-4,5,3,1,0,1,6.66,NO,Non-magique,,Aucun talent magique détecté,51.5,26.58,Aucun
CH-00931,125,Humain,Gûr,-2,0,163.8,61.9,-1,-3,1,5,-3,8,11,0,7,1,-3,-2,-3,-1,-6.94,YES,Théurgiste,Théurgie,Théurgiste (magie divine / invocation),-14.1,0.0,Aucun
CH-00932,4,Humain,Illuskans,1,-1,173.7,71.3,0,6,2,-2,-3,0,-1,-1,-5,3,3,1,-3,-1,2.5,NO,Non-magique,,Aucun talent magique détecté,67.7,29.509,Aucun
CH-00933,8,Humain,Chultan,4,4,180.7,82.1,1,-1,3,-1,3,-1,4,-2,1,-4,4,2,3,1,15.26,NO,Non-magique,,Aucun talent magique détecté,53.2,26.93,Aucun
CH-00934,2,Humain,Chondathans,3,7,175.7,78.3,0,2,-2,-5,1,2,2,1,-5,-3,4,1,1,-2,7.34,NO,Non-magique,,Aucun talent magique détecté,64.3,28.948,Aucun
CH-00935,31,Elfe,Elfe de la lune,1,-3,174.9,71.3,0,8,4,-1,3,1,1,-6,4,5,4,1,3,-1,11.62,NO,Non-magique,,Aucun talent magique détecté,51.7,26.624,Transe + Vision nocturne
CH-00936,2,Humain,Chondathans,-6,-4,154.1,51.3,-2,-3,5,-2,2,4,-2,2,6,-1,-7,-5,2,-5,-7.44,YES,Magicien,Magie savante,Magicien classique (étude et formules),-1.8,0.0,Aucun
CH-00937,4,Humain,Illuskans,12,-1,213.0,119.5,5,3,3,-2,-2,3,-5,1,4,-5,13,8,-2,7,68.28,NO,Non-magique,,Aucun talent magique détecté,-0.6,0.0,Aucun
CH-00938,5,Humain,Mulan,1,-3,174.9,71.3,0,-2,-1,0,0,-4,0,-4,-2,-3,0,0,0,0,0.0,YES,Théurgiste,Théurgie,Théurgiste (magie divine / invocation),6.2,8.384,Aucun
CH-00939,138,Humain,Uthgardt,7,6,189.8,94.5,2,-3,7,7,2,2,8,1,4,-2,6,5,2,5,33.97,NO,Non-magique,,Aucun talent magique détecté,22.2,18.195,Aucun
CH-00940,100,Demi-orc,Orc,5,5,183.5,86.0,1,2,-1,0,-1,0,0,-2,-1,-1,6,3,-1,2,18.59,NO,Non-magique,,Aucun talent magique détecté,53.8,27.053,Furie orque
CH-00941,18,Nain,Nain arctique,5,24,172.5,86.0,0,1,-3,0,2,5,9,-8,-5,-2,5,2,2,1,15.8,NO,Non-magique,,Aucun talent magique détecté,51.5,26.579,Vision dans le noir + robustesse naine
CH-00942,3,Humain,Damarans,-1,3,165.3,64.9,-1,-3,-2,-3,-2,0,5,-3,5,-4,-2,-2,-2,-3,-7.02,YES,Magicien,Magie savante,Magicien classique (étude et formules),4.7,6.787,Aucun
CH-00943,4,Humain,Illuskans,3,-4,182.1,78.3,1,7,-1,-5,13,3,-1,2,-4,1,5,2,13,-1,47.43,NO,Non-magique,,Aucun talent magique détecté,21.9,18.077,Aucun
CH-00944,1,Humain,Calishites,-5,0,155.0,53.8,-2,-1,0,3,-2,3,-5,0,5,3,-5,-4,-2,-3,-9.51,YES,Magicien,Magie savante,Magicien classique (étude et formules),4.9,7.05,Aucun
CH-00945,138,Humain,Uthgardt,4,9,177.8,82.1,0,4,1,-1,1,1,3,4,6,0,5,2,1,0,13.16,NO,Non-magique,,Aucun talent magique détecté,47.6,25.765,Aucun
CH-00946,1,Humain,Calishites,-7,7,146.0,48.9,-3,8,-1,1,0,1,-1,-5,4,10,-4,-4,0,-5,-8.37,YES,Magicien,Magie savante,Magicien classique (étude et formules),0.4,0.806,Aucun
CH-00947,5,Humain,Mulan,-7,0,149.3,48.9,-3,-6,-4,4,1,3,3,1,-3,1,-9,-6,1,-4,-9.81,YES,Magicien,Magie savante,Magicien classique (étude et formules),8.3,10.25,Aucun
CH-00948,30,Elfe,Elfe des bois,-8,-5,149.0,46.7,-3,-3,6,7,10,4,-1,4,0,5,-9,-5,10,-3,15.21,NO,Non-magique,,Aucun talent magique détecté,43.3,24.767,Transe + Vision nocturne
CH-00949,3,Humain,Damarans,0,4,167.8,68.0,-1,2,-4,-2,-5,-2,-1,-6,4,0,1,-1,-5,-2,-4.71,YES,Théurgiste,Théurgie,Théurgiste (magie divine / invocation),7.8,9.828,Aucun
CH-00950,2,Humain,Chondathans,-1,5,164.2,64.9,-1,0,-4,-6,6,-1,-3,1,2,-4,-1,-2,6,-4,7.03,NO,Non-magique,,Aucun talent magique détecté,66.6,29.336,Aucun
CH-00951,33,Elfe,Elfe du soleil,1,7,169.3,71.3,-1,4,-1,5,6,3,6,-6,2,5,2,1,6,0,15.93,NO,Non-magique,,Aucun talent magique détecté,46.9,25.615,Transe + Vision nocturne
CH-00952,7,Humain,Tethyrians,-5,-2,156.0,53.8,-2,7,-5,-3,-6,8,-3,2,-2,6,-3,-3,-6,-5,-10.92,YES,Magicien,Magie savante,Magicien classique (étude et formules),4.3,6.402,Aucun
CH-00953,16,Nain,Nain d'or,4,19,172.1,82.1,0,-5,-3,0,-2,11,-4,-8,5,-6,2,1,-2,1,3.02,NO,Non-magique,,Aucun talent magique détecté,63.0,28.726,Vision dans le noir + robustesse naine
CH-00954,2,Humain,Chondathans,1,3,171.5,71.3,0,-2,0,0,-5,-1,-5,-3,0,-3,0,0,-5,0,-3.09,YES,Théurgiste,Théurgie,Théurgiste (magie divine / invocation),8.4,10.265,Aucun
CH-00955,2,Humain,Chondathans,3,10,173.9,78.3,0,-1,-5,-2,0,-5,6,0,3,-4,3,1,0,-1,4.66,NO,Non-magique,,Aucun talent magique détecté,65.5,29.151,Aucun
CH-00956,2,Humain,Chondathans,1,0,173.2,71.3,0,2,4,-1,-1,1,-1,-5,2,0,2,0,-1,-1,0.64,NO,Non-magique,,Aucun talent magique détecté,67.9,29.533,Aucun
CH-00957,2,Humain,Chondathans,4,-10,189.1,82.1,2,-1,-7,-5,3,-4,-6,-10,1,-6,4,1,3,1,13.62,NO,Non-magique,,Aucun talent magique détecté,68.5,29.635,Aucun
CH-00958,4,Humain,Illuskans,0,6,166.7,68.0,-1,-1,-1,-3,-1,-7,2,-2,-2,-3,0,-2,-1,-2,-4.24,YES,Théurgiste,Théurgie,Théurgiste (magie divine / invocation),9.5,11.192,Aucun
CH-00959,138,Humain,Uthgardt,1,3,171.5,71.3,0,-4,5,7,-3,12,6,-10,-6,0,0,1,-3,2,1.48,NO,Non-magique,,Aucun talent magique détecté,56.5,27.578,Aucun
CH-00960,7,Humain,Tethyrians,1,-4,175.4,71.3,0,5,0,0,4,-7,-6,-6,0,3,3,1,4,0,12.62,NO,Non-magique,,Aucun talent magique détecté,63.1,28.754,Aucun
CH-00961,1,Humain,Calishites,1,0,173.2,71.3,0,-3,-1,0,5,-6,1,-3,2,-3,0,0,5,0,9.52,NO,Non-magique,,Aucun talent magique détecté,64.4,28.974,Aucun
CH-00962,31,Elfe,Elfe de la lune,-7,-3,150.8,48.9,-3,-2,7,0,3,-3,-3,-1,-1,1,-8,-6,3,-5,-6.23,YES,Théurgiste,Théurgie,Théurgiste (magie divine / invocation),4.5,6.582,Transe + Vision nocturne
CH-00963,134,Autre,Tiefling,2,5,173.6,74.7,0,1,6,7,1,-2,6,-2,8,4,2,2,1,2,8.92,NO,Non-magique,,Aucun talent magique détecté,46.7,25.563,Magie infernale
CH-00964,4,Humain,Illuskans,2,-4,178.7,74.7,1,5,-5,-5,6,6,-1,4,1,0,4,1,6,-1,19.25,NO,Non-magique,,Aucun talent magique détecté,46.4,25.487,Aucun
CH-00965,8,Humain,Chultan,1,7,169.3,71.3,-1,-2,-2,8,7,10,-5,0,-3,2,0,1,7,1,17.25,NO,Non-magique,,Aucun talent magique détecté,48.0,25.842,Aucun
CH-00966,1,Humain,Calishites,-3,4,158.7,59.1,-2,-3,0,-3,1,5,0,-7,-1,-3,-4,-4,1,-4,-6.92,YES,Théurgiste,Théurgie,Théurgiste (magie divine / invocation),8.3,10.195,Aucun
CH-00967,5,Humain,Mulan,0,0,170.0,68.0,0,3,3,5,4,2,1,0,-6,5,1,1,4,1,9.96,NO,Non-magique,,Aucun talent magique détecté,55.9,27.451,Aucun
CH-00968,132,Humain,Shaaryens,-6,0,152.1,51.3,-3,-4,8,-7,-6,6,1,-3,2,-5,-7,-7,-6,-8,-15.6,YES,Sauvage,Sorcier,Magie sauvage - Sorcier,7.5,9.583,Aucun
CH-00969,99,Humain,Nubari,3,4,177.4,78.3,0,-4,-2,3,-1,10,-6,2,-3,-3,2,1,-1,1,3.64,NO,Non-magique,,Aucun talent magique détecté,63.2,28.775,Aucun
CH-00970,128,Humain,Lantannas,-8,2,145.7,46.7,-4,4,-1,6,2,2,2,-4,-2,10,-7,-5,2,-4,-6.99,YES,Théurgiste,Théurgie,Théurgiste (magie divine / invocation),-0.1,0.0,Aucun
CH-00971,15,Nain,Nain d'écu,9,14,191.9,103.8,2,0,-3,0,-4,2,0,4,-8,-5,9,5,-4,4,35.51,NO,Non-magique,,Aucun talent magique détecté,37.3,23.262,Vision dans le noir + robustesse naine
CH-00972,138,Humain,Uthgardt,-3,3,159.3,59.1,-2,0,-3,-4,5,4,3,3,1,-1,-3,-4,5,-5,1.63,NO,Non-magique,,Aucun talent magique détecté,63.8,28.863,Aucun
CH-00973,138,Humain,Uthgardt,7,3,191.6,94.5,2,8,5,-5,-4,8,-2,7,-6,-1,10,5,-4,1,33.0,NO,Non-magique,,Aucun talent magique détecté,26.9,20.029,Aucun
CH-00974,2,Humain,Chondathans,-1,5,164.2,64.9,-1,-4,0,-10,-3,1,4,-5,3,-9,-2,-4,-3,-6,-9.93,YES,Magicien,Magie savante,Magicien classique (étude et formules),10.5,11.909,Aucun
CH-00975,2,Humain,Chondathans,-7,4,147.4,48.9,-3,-5,1,1,2,-10,-2,6,-1,0,-9,-6,2,-5,-8.62,YES,Magicien,Magie savante,Magicien classique (étude et formules),9.0,10.747,Aucun
CH-00976,132,Humain,Shaaryens,1,-2,174.3,71.3,0,0,2,3,-1,2,-2,10,7,1,1,1,-1,1,2.0,NO,Non-magique,,Aucun talent magique détecté,53.3,26.944,Aucun
CH-00977,138,Humain,Uthgardt,5,0,186.5,86.0,2,1,5,5,1,12,4,-5,-3,1,5,4,1,4,24.44,NO,Non-magique,,Aucun talent magique détecté,32.2,21.78,Aucun
CH-00978,2,Humain,Chondathans,4,2,181.9,82.1,1,3,-4,-1,3,1,-3,6,10,-1,5,2,3,1,17.82,NO,Non-magique,,Aucun talent magique détecté,43.2,24.751,Aucun
CH-00979,2,Humain,Chondathans,-2,-6,167.1,61.9,-1,2,-3,1,5,0,2,9,1,3,-1,-1,5,-2,5.9,NO,Non-magique,,Aucun talent magique détecté,55.2,27.316,Aucun
CH-00980,16,Nain,Nain d'or,1,17,163.9,71.3,-1,0,7,4,5,8,3,2,3,1,1,0,5,0,10.52,NO,Non-magique,,Aucun talent magique détecté,43.6,24.857,Vision dans le noir + robustesse naine
CH-00981,32,Elfe,Elfe noir,-10,0,141.3,42.5,-4,2,4,1,0,3,-4,-1,4,7,-9,-7,0,-7,-12.46,YES,Magicien,Magie savante,Magicien classique (étude et formules),3.2,5.026,"Sorts innés (Darkness, Faerie Fire) + Vision nocturne supérieure"
CH-00982,2,Humain,Chondathans,-3,3,159.3,59.1,-2,-5,1,-1,-3,9,0,-7,1,-4,-5,-4,-3,-4,-10.53,YES,Magicien,Magie savante,Magicien classique (étude et formules),7.0,9.089,Aucun
CH-00983,30,Elfe,Elfe des bois,-5,-3,156.5,53.8,-2,1,9,0,6,5,4,7,0,3,-5,-4,6,-4,3.92,NO,Non-magique,,Aucun talent magique détecté,47.0,25.62,Transe + Vision nocturne
CH-00984,4,Humain,Illuskans,1,-6,176.6,71.3,0,-3,4,7,2,10,9,0,1,1,0,1,2,2,6.28,NO,Non-magique,,Aucun talent magique détecté,45.3,25.245,Aucun
CH-00985,5,Humain,Mulan,-7,6,146.5,48.9,-3,1,-2,-1,-10,-3,-1,-2,0,3,-7,-5,-10,-6,-15.51,YES,Sauvage,Psionique,Magie sauvage - Psionique,17.5,16.053,Aucun
CH-00986,6,Humain,Rashemi,-6,1,151.6,51.3,-3,-3,-1,5,0,-2,0,-2,-5,3,-7,-5,0,-4,-9.63,YES,Magicien,Magie savante,Magicien classique (étude et formules),12.3,13.138,Aucun
CH-00987,138,Humain,Uthgardt,1,5,170.4,71.3,0,-7,3,0,-4,4,-3,-4,-4,-7,-1,-1,-4,0,-4.64,YES,Théurgiste,Théurgie,Théurgiste (magie divine / invocation),8.0,9.941,Aucun
CH-00988,138,Humain,Uthgardt,3,5,176.8,78.3,0,0,0,-3,-4,7,8,-1,-4,-4,3,1,-4,-1,2.02,NO,Non-magique,,Aucun talent magique détecté,61.2,28.424,Aucun
CH-00989,10,Humain,Ffolk,-5,5,152.5,53.8,-3,-2,2,1,-1,5,0,-9,7,1,-6,-5,-1,-5,-10.69,YES,Magicien,Magie savante,Magicien classique (étude et formules),4.2,6.241,Aucun
CH-00990,130,Humain,Nar,-5,7,151.5,53.8,-3,-4,5,-3,-3,5,5,-3,-7,-3,-6,-6,-3,-6,-12.69,YES,Magicien,Magie savante,Magicien classique (étude et formules),8.5,10.421,Aucun
CH-00991,7,Humain,Tethyrians,4,-2,184.3,82.1,1,-1,2,-1,0,1,-6,-2,4,-4,4,2,0,1,10.6,NO,Non-magique,,Aucun talent magique détecté,60.4,28.28,Aucun
CH-00992,2,Humain,Chondathans,4,-3,184.9,82.1,1,2,10,-2,-2,-2,-4,1,4,-2,5,2,-2,1,11.54,NO,Non-magique,,Aucun talent magique détecté,51.1,26.499,Aucun
CH-00993,4,Humain,Illuskans,2,-3,178.1,74.7,1,1,2,-1,-1,-6,-4,2,5,-1,2,1,-1,0,2.64,NO,Non-magique,,Aucun talent magique détecté,66.6,29.328,Aucun
CH-00994,34,Elfe,Elfe sauvage,-6,-2,153.1,51.3,-3,4,-2,-2,7,12,2,-1,5,5,-5,-5,7,-6,5.56,NO,Non-magique,,Aucun talent magique détecté,47.8,25.797,Transe + Vision nocturne
CH-00995,2,Humain,Chondathans,-1,0,166.9,64.9,-1,-5,-3,0,0,-1,-4,-3,-4,-4,-3,-2,0,-2,-5.4,YES,Théurgiste,Théurgie,Théurgiste (magie divine / invocation),13.8,14.033,Aucun
CH-00996,5,Humain,Mulan,-11,-6,141.4,40.5,-4,4,-1,5,0,-6,-4,0,1,11,-10,-6,0,-6,-12.03,YES,Magicien,Magie savante,Magicien classique (étude et formules),6.8,8.941,Aucun
CH-00997,15,Nain,Nain d'écu,8,22,183.5,99.0,1,-4,-2,-3,-3,-5,1,2,-1,-9,7,3,-3,2,20.39,NO,Non-magique,,Aucun talent magique détecté,54.7,27.221,Vision dans le noir + robustesse naine
CH-00998,138,Humain,Uthgardt,6,7,185.7,90.2,1,-1,-2,1,5,5,-7,1,2,-4,6,3,5,2,29.11,NO,Non-magique,,Aucun talent magique détecté,41.4,24.323,Aucun
CH-00999,2,Humain,Chondathans,5,-8,191.4,86.0,2,1,0,-1,4,3,-4,-1,-7,-3,5,3,4,2,23.78,NO,Non-magique,,Aucun talent magique détecté,50.7,26.431,Aucun
CH-01000,116,Humain,Talfir,-2,5,161.2,61.9,-2,-1,8,1,10,0,4,-5,4,0,-2,-2,10,-3,19.72,NO,Non-magique,,Aucun talent magique détecté,41.7,24.379,Aucun
