ID,Race,Ethnicity,Origin_Region,Settlement_Type,Equipment_Group,Outdoor_Skills,Urban_Skills,Knowledge,Craft,Literacy,Spoken_Languages,Starting_Capital,Starting_Equipment_Cost_BP,Starting_Equipment_Kit_Type,Starting_Armor_Set,Starting_Armor_Cost_BP,Starting_Capital_After_Armor_BP,Post_Kit_Tier,Post_Kit_Tier_Name,Post_Kit_Purchases,Post_Kit_Total_Spent_BP,Final_Pocket_Money_BP,Armes_et_Armures,Autre_Equipement,Combat_Points,Magic,Magic_Type,Magic_Subtype,Grappling,Melee,Projectiles,Fencing,Skill_Modifier,Height_cm,Weight_kg,Size_Score,Balance,Quickness,Coordination,Precision,Endurance,Vigilance,Beauty,Stealth,Speed,Special,Generation_Date
CH-00001,Human,Calishite,Lantan,Small Town,Groupe3_Coeur_Continental,Open Land Navigation | Desert Water Mastery,Guild Knowledge & Politics | Heraldry & Lineage Recognition | Temple Politics & Religious Intrigue | City Secrets & Hidden Routes,"Geography of Faerûn | Ancient Realms (Netheril, Imaskar...) | Festivals, Calendars & Traditions",Leatherworking & Tanning | Clockmaking & Complex Mechanisms,Thorass,Calishite | Tashalan | Thorass,184,293.4,universal_standard,Aucune,0,0,0,,,0,60,Belt (leather) + Belt pouch (large) | Map case + blank regional map | Lamp oil (flacon) x3 | Grappling hook | 10' pole | Crowbar (standard) | Bâton de marche / Walking Staff,Backpack (medium leather) | Tent 2-man leather | Sleeping furs (light) | Blanket (heavy) | Field rations (basic) x7 | Waterskin (1 gal) x2 | Canteen (1 pt) | Lantern (hooded) | Rope (standard 50') | Hammer + 10 pitons | Flint & steel | Tinderbox | Cloak (wool hooded) | Boots (normal leather) | Gloves (leather) | Hat (leather),5.04,NO,None,,-2,1,1,3,3,166.5,60.6,0,4,3,5,-1,-1,4,5,7,4,Aucun,2026-05-31 23:48:00
CH-00002,Human,Calishite,Calimshan,Major Port City,Groupe2_Sud_Marchand,Wild Plant Foraging,Streetwise (Urban Underworld) | Streetwise (Urban Underworld) | Streetwise (Urban Underworld) | Urban Observation and Tailing | Fences and Buyers Network | Lockpicking and Trap Disarming,Trade Routes & Commerce | Legendary Artifacts & Relics | Divine Myths & Legends,Herbalism & Potion Brewing | Alchemy (Theory & Practice) | Locksmithing & Mechanisms,Tashalan,Calishite | Chondathan | Tashalan,216,293.4,universal_standard,Aucune,0,0,0,,,0,300,Belt (leather) + Belt pouch (large) | Map case + blank regional map | Lamp oil (flacon) x3 | Grappling hook | 10' pole | Crowbar (standard) | Bâton de marche / Walking Staff,Backpack (medium leather) | Tent 2-man leather | Sleeping furs (light) | Blanket (heavy) | Field rations (basic) x7 | Waterskin (1 gal) x2 | Canteen (1 pt) | Lantern (hooded) | Rope (standard 50') | Hammer + 10 pitons | Flint & steel | Tinderbox | Cloak (wool hooded) | Boots (normal leather) | Gloves (leather) | Hat (leather),17.56,NO,None,,4,4,1,2,2,163.2,78.9,-1,4,3,6,-1,-3,-2,-1,5,5,Aucun,2026-05-31 23:48:00
CH-00003,Human,Chondathan,Chondath,Forest Village,Groupe4_Vilhon_Est,River Crossing | Open Land Navigation | Plains Tracking | Oceanic Navigation | Littoral Foraging | Coastal Survival,,Court Etiquette & Protocol | Divine Myths & Legends,Glassworking | Weapons & Armor Smithing | Lens Making & Optics,Thorass,Chondathan | Thorass | Turmish,56,293.4,universal_standard,Aucune,0,0,0,,,0,10,Belt (leather) + Belt pouch (large) | Map case + blank regional map | Lamp oil (flacon) x3 | Grappling hook | 10' pole | Crowbar (standard) | Bâton de marche / Walking Staff,Backpack (medium leather) | Tent 2-man leather | Sleeping furs (light) | Blanket (heavy) | Field rations (basic) x7 | Waterskin (1 gal) x2 | Canteen (1 pt) | Lantern (hooded) | Rope (standard 50') | Hammer + 10 pitons | Flint & steel | Tinderbox | Cloak (wool hooded) | Boots (normal leather) | Gloves (leather) | Hat (leather),0.02,NO,None,,2,0,-2,-1,16,178.6,78.9,1,2,-1,-7,1,-4,-6,2,-4,-4,Aucun,2026-05-31 23:48:00
CH-00004,Human,Damaran,Silver Marches (Luruar),Farming Hamlet,Groupe7_Marches_Argent,Technical Rock Climbing | Wild Plant Foraging | Advanced Tracking | Mountain Endurance | Complex Terrain Navigation,Fences and Buyers Network,Local Folklore & Legends | Fall of Myth Drannor | Trade Routes & Commerce | History of Netheril,Musical Instrument Making,Chondathan | Thorass,Chondathan | Illuskan,39,293.4,universal_standard,Aucune,0,0,0,,,0,0,Belt (leather) + Belt pouch (large) | Map case + blank regional map | Lamp oil (flacon) x3 | Grappling hook | 10' pole | Crowbar (standard) | Bâton de marche / Walking Staff,Backpack (medium leather) | Tent 2-man leather | Sleeping furs (light) | Blanket (heavy) | Field rations (basic) x7 | Waterskin (1 gal) x2 | Canteen (1 pt) | Lantern (hooded) | Rope (standard 50') | Hammer + 10 pitons | Flint & steel | Tinderbox | Cloak (wool hooded) | Boots (normal leather) | Gloves (leather) | Hat (leather),24.91,NO,None,,6,3,4,1,4,181.5,97.4,1,-1,2,2,3,1,0,-2,-3,2,Aucun,2026-05-31 23:48:00
CH-00005,Human,Mulan,Mulhorand,Metropolis,Groupe8_Mulhorand,Marsh Movement | Advanced Tracking | Weather Reading,Sleight of Hand & Cheating | Disguise & Impersonation | Information Brokerage | Black Market Operations | Noble Houses & Court Intrigue | Streetwise (Urban Underworld),Court Etiquette & Protocol | Legendary Artifacts & Relics | Geography of Faerûn | Divine Myths & Legends,Animal Husbandry & Training | Alchemy (Theory & Practice) | Architecture,Mulhorandi,Infernal | Mulhorandi | Rashemi,114,293.4,universal_standard,Aucune,0,0,0,,,0,5,Belt (leather) + Belt pouch (large) | Map case + blank regional map | Lamp oil (flacon) x3 | Grappling hook | 10' pole | Crowbar (standard) | Bâton de marche / Walking Staff,Backpack (medium leather) | Tent 2-man leather | Sleeping furs (light) | Blanket (heavy) | Field rations (basic) x7 | Waterskin (1 gal) x2 | Canteen (1 pt) | Lantern (hooded) | Rope (standard 50') | Hammer + 10 pitons | Flint & steel | Tinderbox | Cloak (wool hooded) | Boots (normal leather) | Gloves (leather) | Hat (leather),3.02,NO,None,,2,1,-2,1,8,175.4,78.9,1,-2,5,-1,-2,3,1,5,-4,4,Aucun,2026-05-31 23:48:00
CH-00006,Dwarf,Gold Dwarf,Mithral Hall,Fortified City,Groupe6_Bloc_Nain,Snow and Ice Shelter Building | Advanced Tracking,Urban Stealth & Shadowing | Black Market Operations | Guild Knowledge & Politics | Disguise & Impersonation,Nobility & Heraldry | Ruins & Major Archaeological Sites,Animal Husbandry & Training,Nain,Nain | Undercommon,52,293.4,universal_standard,Aucune,0,0,0,,,0,20,Belt (leather) + Belt pouch (large) | Map case + blank regional map | Lamp oil (flacon) x3 | Grappling hook | 10' pole | Crowbar (standard) | Bâton de marche / Walking Staff,Backpack (medium leather) | Tent 2-man leather | Sleeping furs (light) | Blanket (heavy) | Field rations (basic) x7 | Waterskin (1 gal) x2 | Canteen (1 pt) | Lantern (hooded) | Rope (standard 50') | Hammer + 10 pitons | Flint & steel | Tinderbox | Cloak (wool hooded) | Boots (normal leather) | Gloves (leather) | Hat (leather),15.86,NO,None,,6,3,0,-5,3,116.1,71.0,-8,5,1,8,-2,-4,-5,-8,8,3,Vision dans le noir + Robustesse naine,2026-05-31 23:48:00
CH-00007,Human,Shaaran,The Shaar,Military Outpost,Groupe3_Coeur_Continental,Plains Tracking | Forced March Endurance | Wild Plant Foraging | Open Land Navigation,Sleight of Hand & Cheating | Streetwise (Urban Underworld),"Court Etiquette & Protocol | Elven Culture | Festivals, Calendars & Traditions",Heraldry & Lineage | Leatherworking & Tanning | Ceramics & Pottery,Shaaran,Shaaran | Tashalan | Yuan-ti,37,293.4,universal_standard,Aucune,0,0,0,,,0,0,Belt (leather) + Belt pouch (large) | Map case + blank regional map | Lamp oil (flacon) x3 | Grappling hook | 10' pole | Crowbar (standard) | Bâton de marche / Walking Staff,Backpack (medium leather) | Tent 2-man leather | Sleeping furs (light) | Blanket (heavy) | Field rations (basic) x7 | Waterskin (1 gal) x2 | Canteen (1 pt) | Lantern (hooded) | Rope (standard 50') | Hammer + 10 pitons | Flint & steel | Tinderbox | Cloak (wool hooded) | Boots (normal leather) | Gloves (leather) | Hat (leather),7.78,NO,None,,3,2,-3,2,8,178.6,78.9,1,1,4,1,-4,-2,-2,3,0,4,Aucun,2026-05-31 23:48:00
CH-00008,Dwarf,Gold Dwarf,Mithral Hall,Fortified City,Groupe6_Bloc_Nain,Complex Terrain Navigation,Temple Politics & Religious Intrigue | Disguise & Impersonation | Sleight of Hand & Cheating,History of the Realms | Fall of Myth Drannor | Ruins & Major Archaeological Sites,Musical Instrument Making,Thorass,Nain | Thorass,49,293.4,universal_standard,Aucune,0,0,0,,,0,0,Belt (leather) + Belt pouch (large) | Map case + blank regional map | Lamp oil (flacon) x3 | Grappling hook | 10' pole | Crowbar (standard) | Bâton de marche / Walking Staff,Backpack (medium leather) | Tent 2-man leather | Sleeping furs (light) | Blanket (heavy) | Field rations (basic) x7 | Waterskin (1 gal) x2 | Canteen (1 pt) | Lantern (hooded) | Rope (standard 50') | Hammer + 10 pitons | Flint & steel | Tinderbox | Cloak (wool hooded) | Boots (normal leather) | Gloves (leather) | Hat (leather),-10.8,YES,Théurgique,Magie Blanche,-4,-4,-3,-11,-1,106.4,49.1,-10,3,-6,3,-2,-3,3,0,7,-5,Vision dans le noir + Robustesse naine,2026-05-31 23:48:00
CH-00009,Human,Calishite,Calimshan,Large Town,Groupe2_Sud_Marchand,Wild Plant Foraging | Desert Thermal Endurance,Guild Knowledge & Politics | Streetwise (Urban Underworld) | Information Brokerage,"Genasi & Elemental Peoples | Cosmology (Weave, Shadow Weave) | Court Etiquette & Protocol",Weaving & Spinning | Masonry,Thorass,Chondathan | Mulhorandi | Tashalan,126,293.4,universal_standard,Aucune,0,0,0,,,0,10,Belt (leather) + Belt pouch (large) | Map case + blank regional map | Lamp oil (flacon) x3 | Grappling hook | 10' pole | Crowbar (standard) | Bâton de marche / Walking Staff,Backpack (medium leather) | Tent 2-man leather | Sleeping furs (light) | Blanket (heavy) | Field rations (basic) x7 | Waterskin (1 gal) x2 | Canteen (1 pt) | Lantern (hooded) | Rope (standard 50') | Hammer + 10 pitons | Flint & steel | Tinderbox | Cloak (wool hooded) | Boots (normal leather) | Gloves (leather) | Hat (leather),5.96,NO,None,,-1,0,4,0,5,157.7,63.9,-2,-4,8,6,1,1,-2,1,1,10,Aucun,2026-05-31 23:48:00
CH-00010,Human,Chondathan,Chondath,Large Town,Groupe4_Vilhon_Est,Advanced Tracking | Dark Water Swimming | Littoral Foraging,Streetwise (Urban Underworld) | Forgery of Documents & Seals,Political Currents & Rivalries | Major Cities & Regions | Trade Routes & Commerce | Dragon Lore,Viticulture & Winemaking | Glassworking | Masonry,Chondathan | Thorass,Chondathan | Illuskan,78,293.4,universal_standard,Aucune,0,0,0,,,0,15,Belt (leather) + Belt pouch (large) | Map case + blank regional map | Lamp oil (flacon) x3 | Grappling hook | 10' pole | Crowbar (standard) | Bâton de marche / Walking Staff,Backpack (medium leather) | Tent 2-man leather | Sleeping furs (light) | Blanket (heavy) | Field rations (basic) x7 | Waterskin (1 gal) x2 | Canteen (1 pt) | Lantern (hooded) | Rope (standard 50') | Hammer + 10 pitons | Flint & steel | Tinderbox | Cloak (wool hooded) | Boots (normal leather) | Gloves (leather) | Hat (leather),-4.78,YES,Arcanique,Magicien,0,-2,-1,-3,8,167.7,78.9,0,-3,-4,-3,1,-2,-8,-7,-6,-5,Aucun,2026-05-31 23:48:00
CH-00011,Human,Calishite,Amn,Rural Village,Groupe2_Sud_Marchand,Open Land Navigation | Desert Thermal Endurance | Advanced Tracking | Wild Plant Foraging | Primitive Fire Mastery,Disguise & Impersonation,"Cosmology (Weave, Shadow Weave) | Trade Routes & Commerce | Court Etiquette & Protocol | Spellplague & Its Aftermath",Embroidery & Fine Sewing,Calishite,Calishite | Chondathan | Infernal | Lantanna,89,293.4,universal_standard,Aucune,0,0,0,,,0,5,Belt (leather) + Belt pouch (large) | Map case + blank regional map | Lamp oil (flacon) x3 | Grappling hook | 10' pole | Crowbar (standard) | Bâton de marche / Walking Staff,Backpack (medium leather) | Tent 2-man leather | Sleeping furs (light) | Blanket (heavy) | Field rations (basic) x7 | Waterskin (1 gal) x2 | Canteen (1 pt) | Lantern (hooded) | Rope (standard 50') | Hammer + 10 pitons | Flint & steel | Tinderbox | Cloak (wool hooded) | Boots (normal leather) | Gloves (leather) | Hat (leather),5.68,NO,None,,3,2,-2,0,8,159.0,71.0,-1,8,0,-2,-1,-9,-3,5,5,-1,Aucun,2026-05-31 23:48:00
CH-00012,Human,Chondathan,Western Heartlands,Rural Village,Groupe3_Coeur_Continental,Advanced Tracking | Open Land Navigation | Savanna Plant Knowledge | Wild Plant Foraging,,Guilds & Organizations | Legendary Artifacts & Relics | Major Cities & Regions,Papermaking & Ink Making | Navigation (Land & Sea) | Masonry,Illuskan,Chondathan | Illuskan,57,293.4,universal_standard,Aucune,0,0,0,,,0,0,Belt (leather) + Belt pouch (large) | Map case + blank regional map | Lamp oil (flacon) x3 | Grappling hook | 10' pole | Crowbar (standard) | Bâton de marche / Walking Staff,Backpack (medium leather) | Tent 2-man leather | Sleeping furs (light) | Blanket (heavy) | Field rations (basic) x7 | Waterskin (1 gal) x2 | Canteen (1 pt) | Lantern (hooded) | Rope (standard 50') | Hammer + 10 pitons | Flint & steel | Tinderbox | Cloak (wool hooded) | Boots (normal leather) | Gloves (leather) | Hat (leather),3.02,NO,None,,1,1,-2,2,8,183.4,83.2,2,-3,1,3,-3,1,4,1,-3,2,Aucun,2026-05-31 23:48:00
CH-00013,Dwarf,Shield Dwarf,Silver Marches (Luruar),Forest Village,Groupe7_Marches_Argent,Wild Plant Foraging | Technical Rock Climbing | Underground Navigation | Weather Reading | Complex Terrain Navigation | Mountain Endurance,,History of Netheril | Guilds & Organizations,Accounting & Estate Management | Preservation & Salting | Viticulture & Winemaking,None,Illuskan | Nain | Reghed,37,293.4,universal_standard,Aucune,0,0,0,,,0,0,Belt (leather) + Belt pouch (large) | Map case + blank regional map | Lamp oil (flacon) x3 | Grappling hook | 10' pole | Crowbar (standard) | Bâton de marche / Walking Staff,Backpack (medium leather) | Tent 2-man leather | Sleeping furs (light) | Blanket (heavy) | Field rations (basic) x7 | Waterskin (1 gal) x2 | Canteen (1 pt) | Lantern (hooded) | Rope (standard 50') | Hammer + 10 pitons | Flint & steel | Tinderbox | Cloak (wool hooded) | Boots (normal leather) | Gloves (leather) | Hat (leather),-6.3,YES,Théurgique,Magie Verte,-1,-4,0,-9,7,135.2,71.0,-5,-6,-4,-1,2,-1,-5,-2,-6,-5,Vision dans le noir + Robustesse naine,2026-05-31 23:48:00
CH-00014,Human,Calishite,Calimshan,Major Trade City,Groupe2_Sud_Marchand,Plains Tracking | Desert Thermal Endurance,Heraldry & Lineage Recognition | Urban Stealth & Shadowing | Disguise & Impersonation | Urban Observation and Tailing,Elven Culture | Religious Cults & Orders | Dragon Lore | Secret Organizations,Calligraphy & Illumination | Viticulture & Winemaking,Halruaan | Thorass,Calishite | Chondathan | Halruaan | Lantanna,227,293.4,universal_standard,Aucune,0,0,0,,,0,90,Belt (leather) + Belt pouch (large) | Map case + blank regional map | Lamp oil (flacon) x3 | Grappling hook | 10' pole | Crowbar (standard) | Bâton de marche / Walking Staff,Backpack (medium leather) | Tent 2-man leather | Sleeping furs (light) | Blanket (heavy) | Field rations (basic) x7 | Waterskin (1 gal) x2 | Canteen (1 pt) | Lantern (hooded) | Rope (standard 50') | Hammer + 10 pitons | Flint & steel | Tinderbox | Cloak (wool hooded) | Boots (normal leather) | Gloves (leather) | Hat (leather),10.56,NO,None,,2,2,2,2,4,181.9,74.8,1,5,2,-1,2,-1,4,6,2,1,Aucun,2026-05-31 23:48:00
CH-00015,Human,Illuskan,Sword Coast,Major Port City,Groupe1_Cote_des_Epees,,Streetwise (Urban Underworld) | Black Market Operations | Criminal Organizations & Syndicates,Elven Culture | Genasi & Elemental Peoples | Major Cities & Regions | Astronomy & Star Navigation,Leatherworking & Tanning | Stone & Wood Carving | Navigation (Land & Sea),Illuskan,Chondathan | Illuskan,99,293.4,universal_standard,Aucune,0,0,0,,,0,5,Belt (leather) + Belt pouch (large) | Map case + blank regional map | Lamp oil (flacon) x3 | Grappling hook | 10' pole | Crowbar (standard) | Bâton de marche / Walking Staff,Backpack (medium leather) | Tent 2-man leather | Sleeping furs (light) | Blanket (heavy) | Field rations (basic) x7 | Waterskin (1 gal) x2 | Canteen (1 pt) | Lantern (hooded) | Rope (standard 50') | Hammer + 10 pitons | Flint & steel | Tinderbox | Cloak (wool hooded) | Boots (normal leather) | Gloves (leather) | Hat (leather),4.04,NO,None,,3,1,-2,0,12,175.4,83.2,1,1,0,-2,-1,-3,-6,5,-2,-1,Aucun,2026-05-31 23:48:00
CH-00016,Human,Chondathan,Sembia,Smuggler's Port,Groupe2_Sud_Marchand,Wild Plant Foraging | Forced March Endurance | Plains Tracking | Weather Reading | Complex Terrain Navigation | Open Land Navigation,City Secrets & Hidden Routes,Legendary Artifacts & Relics | Political Currents & Rivalries | Magical Schools & Traditions | Guilds & Organizations,Weapons & Armor Smithing | Shipbuilding,Chessentan | Thorass,Chessentan | Chondathan | Illuskan,140,293.4,universal_standard,Aucune,0,0,0,,,0,40,Belt (leather) + Belt pouch (large) | Map case + blank regional map | Lamp oil (flacon) x3 | Grappling hook | 10' pole | Crowbar (standard) | Bâton de marche / Walking Staff,Backpack (medium leather) | Tent 2-man leather | Sleeping furs (light) | Blanket (heavy) | Field rations (basic) x7 | Waterskin (1 gal) x2 | Canteen (1 pt) | Lantern (hooded) | Rope (standard 50') | Hammer + 10 pitons | Flint & steel | Tinderbox | Cloak (wool hooded) | Boots (normal leather) | Gloves (leather) | Hat (leather),-5.64,YES,Arcanique,Magicien,-1,-1,-4,-1,1,168.0,67.4,0,2,-2,0,-3,-1,0,-13,2,-2,Aucun,2026-05-31 23:48:00
CH-00017,Human,Tethyrian,Sword Coast,Remote Trading Post,Groupe1_Cote_des_Epees,Desert Thermal Endurance | Primitive Fire Mastery | Wild Plant Foraging | Advanced Tracking | Forest Stealth,Disguise & Impersonation,"Cosmology (Weave, Shadow Weave) | Festivals, Calendars & Traditions | Geography of Faerûn",Weaving & Spinning | Glassworking,Tethyrian,Chondathan | Cormyrian | Elfique | Tethyrian,62,293.4,universal_standard,Aucune,0,0,0,,,0,5,Belt (leather) + Belt pouch (large) | Map case + blank regional map | Lamp oil (flacon) x3 | Grappling hook | 10' pole | Crowbar (standard) | Bâton de marche / Walking Staff,Backpack (medium leather) | Tent 2-man leather | Sleeping furs (light) | Blanket (heavy) | Field rations (basic) x7 | Waterskin (1 gal) x2 | Canteen (1 pt) | Lantern (hooded) | Rope (standard 50') | Hammer + 10 pitons | Flint & steel | Tinderbox | Cloak (wool hooded) | Boots (normal leather) | Gloves (leather) | Hat (leather),-0.16,NO,None,,1,0,-3,1,10,177.0,74.8,1,3,1,-4,-1,-6,3,11,-1,-1,Aucun,2026-05-31 23:48:00
CH-00018,Human,Netherese,Le Nord (The North),Isolated Hamlet,Groupe5_Nord_Sauvage,Mountain Endurance | Underground Navigation | Technical Rock Climbing,Sleight of Hand & Cheating,Halfling Culture | Spellplague & Its Aftermath,Rare Dye Making | Glassworking,None,Illuskan | Netherese | Reghed,21,293.4,universal_standard,Aucune,0,0,0,,,0,0,Belt (leather) + Belt pouch (large) | Map case + blank regional map | Lamp oil (flacon) x3 | Grappling hook | 10' pole | Crowbar (standard) | Bâton de marche / Walking Staff,Backpack (medium leather) | Tent 2-man leather | Sleeping furs (light) | Blanket (heavy) | Field rations (basic) x7 | Waterskin (1 gal) x2 | Canteen (1 pt) | Lantern (hooded) | Rope (standard 50') | Hammer + 10 pitons | Flint & steel | Tinderbox | Cloak (wool hooded) | Boots (normal leather) | Gloves (leather) | Hat (leather),1.04,NO,None,,-1,-2,3,-1,13,175.4,78.9,1,-8,-1,3,3,-4,-2,-1,-6,0,Aucun,2026-05-31 23:48:00
CH-00019,Human,Chondathan,The Dalelands,Rural Village,Groupe3_Coeur_Continental,Complex Terrain Navigation | Wild Plant Foraging | Open Land Navigation | Advanced Tracking | Plains Tracking,Temple Politics & Religious Intrigue,Major Religions & Deities | Gnomish Culture | Religious Cults & Orders,Cooking (Fine Cuisine) | Masonry,Thorass,Chondathan | Thorass,58,293.4,universal_standard,Aucune,0,0,0,,,0,10,Belt (leather) + Belt pouch (large) | Map case + blank regional map | Lamp oil (flacon) x3 | Grappling hook | 10' pole | Crowbar (standard) | Bâton de marche / Walking Staff,Backpack (medium leather) | Tent 2-man leather | Sleeping furs (light) | Blanket (heavy) | Field rations (basic) x7 | Waterskin (1 gal) x2 | Canteen (1 pt) | Lantern (hooded) | Rope (standard 50') | Hammer + 10 pitons | Flint & steel | Tinderbox | Cloak (wool hooded) | Boots (normal leather) | Gloves (leather) | Hat (leather),11.54,NO,None,,5,2,-2,1,11,186.6,92.4,2,3,-1,-5,0,-2,-2,-6,-4,-3,Aucun,2026-05-31 23:48:00
CH-00020,Human,Illuskan,Icewind Dale,Mountain Village,Groupe5_Nord_Sauvage,Rope Making and Knot Mastery | Storm and Seasickness Mastery | Oceanic Navigation | Deep-Sea Fishing,Criminal Organizations & Syndicates,Geography of Faerûn | Laws & Customs of Nations,Masonry | Accounting & Estate Management,None,Illuskan | Reghed,26,293.4,universal_standard,Aucune,0,0,0,,,0,2,Belt (leather) + Belt pouch (large) | Map case + blank regional map | Lamp oil (flacon) x3 | Grappling hook | 10' pole | Crowbar (standard) | Bâton de marche / Walking Staff,Backpack (medium leather) | Tent 2-man leather | Sleeping furs (light) | Blanket (heavy) | Field rations (basic) x7 | Waterskin (1 gal) x2 | Canteen (1 pt) | Lantern (hooded) | Rope (standard 50') | Hammer + 10 pitons | Flint & steel | Tinderbox | Cloak (wool hooded) | Boots (normal leather) | Gloves (leather) | Hat (leather),-9.06,YES,Théurgique,Magie Blanche,-2,-3,-4,-4,5,180.2,78.9,1,-4,-9,-1,-1,2,4,-2,-5,-10,Aucun,2026-05-31 23:48:00
CH-00021,Human,Tethyrian,Amn,Major Trade City,Groupe2_Sud_Marchand,,Urban Observation and Tailing | Urban Stealth & Shadowing | Urban Stealth & Shadowing | Criminal Organizations & Syndicates,Elven Culture | History of the Realms | Political Currents & Rivalries | Divine Myths & Legends,Papermaking & Ink Making | Accounting & Estate Management | Alchemy (Theory & Practice),Thorass,Chondathan | Thorass,150,293.4,universal_standard,Aucune,0,0,0,,,0,60,Belt (leather) + Belt pouch (large) | Map case + blank regional map | Lamp oil (flacon) x3 | Grappling hook | 10' pole | Crowbar (standard) | Bâton de marche / Walking Staff,Backpack (medium leather) | Tent 2-man leather | Sleeping furs (light) | Blanket (heavy) | Field rations (basic) x7 | Waterskin (1 gal) x2 | Canteen (1 pt) | Lantern (hooded) | Rope (standard 50') | Hammer + 10 pitons | Flint & steel | Tinderbox | Cloak (wool hooded) | Boots (normal leather) | Gloves (leather) | Hat (leather),-4.9,YES,Sauvage,Magie Blanche,-1,0,-7,0,-1,166.4,67.4,0,4,-3,3,-7,-1,0,-1,5,-2,Aucun,2026-05-31 23:48:00
CH-00022,Human,Raumviran,Rashemen,Forest Village,Groupe10_Rashemen,Mountain Endurance | Extreme Cold Resistance | Snow and Ice Shelter Building | Forest Stealth | Advanced Tracking,,Secret Organizations | Laws & Customs of Nations,Cabinetmaking & Marquetry | Weaving & Spinning | Masonry,None,Infernal | Raumviran,39,293.4,universal_standard,Aucune,0,0,0,,,0,0,Belt (leather) + Belt pouch (large) | Map case + blank regional map | Lamp oil (flacon) x3 | Grappling hook | 10' pole | Crowbar (standard) | Bâton de marche / Walking Staff,Backpack (medium leather) | Tent 2-man leather | Sleeping furs (light) | Blanket (heavy) | Field rations (basic) x7 | Waterskin (1 gal) x2 | Canteen (1 pt) | Lantern (hooded) | Rope (standard 50') | Hammer + 10 pitons | Flint & steel | Tinderbox | Cloak (wool hooded) | Boots (normal leather) | Gloves (leather) | Hat (leather),21.89,NO,None,,6,2,4,0,8,186.3,108.2,2,-5,-3,6,3,-3,-2,4,-5,-1,Aucun,2026-05-31 23:48:00
CH-00023,Human,Chondathan,Chondath,Rural Village,Groupe4_Vilhon_Est,Plains Tracking | River Crossing | Littoral Foraging | Advanced Tracking | Coastal Survival,,Laws & Customs of Nations | Divine Myths & Legends | Major Cities & Regions,Leatherworking & Tanning,Chondathan,Chessentan | Chondathan,69,293.4,universal_standard,Aucune,0,0,0,,,0,0,Belt (leather) + Belt pouch (large) | Map case + blank regional map | Lamp oil (flacon) x3 | Grappling hook | 10' pole | Crowbar (standard) | Bâton de marche / Walking Staff,Backpack (medium leather) | Tent 2-man leather | Sleeping furs (light) | Blanket (heavy) | Field rations (basic) x7 | Waterskin (1 gal) x2 | Canteen (1 pt) | Lantern (hooded) | Rope (standard 50') | Hammer + 10 pitons | Flint & steel | Tinderbox | Cloak (wool hooded) | Boots (normal leather) | Gloves (leather) | Hat (leather),0.55,NO,None,,2,0,-5,1,9,178.6,74.8,1,2,4,-6,-3,-2,5,-9,-3,2,Aucun,2026-05-31 23:48:00
CH-00024,Human,Chondathan,Vilhon Reach,Fishing Village,Groupe4_Vilhon_Est,Open Land Navigation | Advanced Tracking | Plains Tracking | Marsh Disease Resistance,Black Market Operations,Major Cities & Regions | Divine Myths & Legends | Geography of Faerûn,Carpentry & Woodworking,Chondathan,Chondathan | Cormyrian | Thorass,64,293.4,universal_standard,Aucune,0,0,0,,,0,0,Belt (leather) + Belt pouch (large) | Map case + blank regional map | Lamp oil (flacon) x3 | Grappling hook | 10' pole | Crowbar (standard) | Bâton de marche / Walking Staff,Backpack (medium leather) | Tent 2-man leather | Sleeping furs (light) | Blanket (heavy) | Field rations (basic) x7 | Waterskin (1 gal) x2 | Canteen (1 pt) | Lantern (hooded) | Rope (standard 50') | Hammer + 10 pitons | Flint & steel | Tinderbox | Cloak (wool hooded) | Boots (normal leather) | Gloves (leather) | Hat (leather),14.26,NO,None,,2,3,0,4,2,185.2,78.9,2,2,3,6,-2,4,-1,-1,4,5,Aucun,2026-05-31 23:48:00
CH-00025,Half-orc,Half-Orc,Spine of the World,Farming Hamlet,Groupe3_Coeur_Continental,Hermetic Medicine | Wetland Tracking | Mountain Endurance,Poison Lore & Subtle Application,Spellplague & Its Aftermath | Legendary Artifacts & Relics | Major Cities & Regions | Laws & Customs of Nations,Leatherworking & Tanning,Illuskan | Orc,Illuskan | Orc,24,293.4,universal_standard,Aucune,0,0,0,,,0,1,Belt (leather) + Belt pouch (large) | Map case + blank regional map | Lamp oil (flacon) x3 | Grappling hook | 10' pole | Crowbar (standard) | Bâton de marche / Walking Staff,Backpack (medium leather) | Tent 2-man leather | Sleeping furs (light) | Blanket (heavy) | Field rations (basic) x7 | Waterskin (1 gal) x2 | Canteen (1 pt) | Lantern (hooded) | Rope (standard 50') | Hammer + 10 pitons | Flint & steel | Tinderbox | Cloak (wool hooded) | Boots (normal leather) | Gloves (leather) | Hat (leather),-7.5,YES,Arcanique,Magicien,1,-5,-6,-7,15,176.7,97.4,1,-8,-9,-12,0,-2,-6,-9,-17,-13,Force brutale + Vision dans le noir N1,2026-05-31 23:48:00
CH-00026,Human,Calishite,Amn,Small Town,Groupe2_Sud_Marchand,Open Land Navigation | Desert Water Mastery | Advanced Tracking | Desert Thermal Endurance,Urban Stealth & Shadowing | Noble Houses & Court Intrigue | Urban Observation and Tailing | Poison Lore & Subtle Application,Laws & Customs of Nations | History of Imaskar | Local Folklore & Legends | Ruins & Major Archaeological Sites,Candle & Soap Making | Navigation (Land & Sea) | Embroidery & Fine Sewing,Illuskan | Thorass,Illuskan | Lantanna | Mulhorandi,112,293.4,universal_standard,Aucune,0,0,0,,,0,5,Belt (leather) + Belt pouch (large) | Map case + blank regional map | Lamp oil (flacon) x3 | Grappling hook | 10' pole | Crowbar (standard) | Bâton de marche / Walking Staff,Backpack (medium leather) | Tent 2-man leather | Sleeping furs (light) | Blanket (heavy) | Field rations (basic) x7 | Waterskin (1 gal) x2 | Canteen (1 pt) | Lantern (hooded) | Rope (standard 50') | Hammer + 10 pitons | Flint & steel | Tinderbox | Cloak (wool hooded) | Boots (normal leather) | Gloves (leather) | Hat (leather),6.34,NO,None,,-2,0,4,1,10,174.1,67.4,0,-4,5,5,2,-3,-7,4,0,6,Aucun,2026-05-31 23:48:00
CH-00027,Human,Illuskan,Luskan,Large Town,Groupe1_Cote_des_Epees,Storm and Seasickness Mastery | Oceanic Navigation | Deep-Sea Fishing,Criminal Organizations & Syndicates | Sleight of Hand & Cheating | Disguise & Impersonation,Elven Culture | History of the Realms | Court Etiquette & Protocol,Accounting & Estate Management,Sossrim,Illuskan | Reghed | Sossrim,55,293.4,universal_standard,Aucune,0,0,0,,,0,0,Belt (leather) + Belt pouch (large) | Map case + blank regional map | Lamp oil (flacon) x3 | Grappling hook | 10' pole | Crowbar (standard) | Bâton de marche / Walking Staff,Backpack (medium leather) | Tent 2-man leather | Sleeping furs (light) | Blanket (heavy) | Field rations (basic) x7 | Waterskin (1 gal) x2 | Canteen (1 pt) | Lantern (hooded) | Rope (standard 50') | Hammer + 10 pitons | Flint & steel | Tinderbox | Cloak (wool hooded) | Boots (normal leather) | Gloves (leather) | Hat (leather),1.66,NO,None,,-1,-1,3,-1,13,188.4,87.7,2,-8,-4,5,3,5,-2,4,-6,-3,Aucun,2026-05-31 23:48:00
CH-00028,Human,Calishite,Calimshan,Major Trade City,Groupe2_Sud_Marchand,,Disguise & Impersonation | Fences and Buyers Network | Disguise & Impersonation,Court Etiquette & Protocol | Magical Schools & Traditions | Laws & Customs of Nations | Trade Routes & Commerce,Leatherworking & Tanning,Tashalan | Calishite,Calishite | Chondathan | Tashalan,210,293.4,universal_standard,Aucune,0,0,0,,,0,240,Belt (leather) + Belt pouch (large) | Map case + blank regional map | Lamp oil (flacon) x3 | Grappling hook | 10' pole | Crowbar (standard) | Bâton de marche / Walking Staff,Backpack (medium leather) | Tent 2-man leather | Sleeping furs (light) | Blanket (heavy) | Field rations (basic) x7 | Waterskin (1 gal) x2 | Canteen (1 pt) | Lantern (hooded) | Rope (standard 50') | Hammer + 10 pitons | Flint & steel | Tinderbox | Cloak (wool hooded) | Boots (normal leather) | Gloves (leather) | Hat (leather),19.46,NO,None,,2,3,5,2,-2,161.9,71.0,-1,4,2,7,3,6,3,-1,7,4,Aucun,2026-05-31 23:48:00
CH-00029,Human,Chondathan,Chondath,Large Town,Groupe4_Vilhon_Est,Advanced Tracking | Dark Water Swimming,Black Market Operations | Disguise & Impersonation | Streetwise (Urban Underworld),Trade Routes & Commerce | Political Currents & Rivalries | Elven Culture,Cooking (Fine Cuisine),Chondathan,Chondathan | Cormyrian | Illuskan,75,293.4,universal_standard,Aucune,0,0,0,,,0,5,Belt (leather) + Belt pouch (large) | Map case + blank regional map | Lamp oil (flacon) x3 | Grappling hook | 10' pole | Crowbar (standard) | Bâton de marche / Walking Staff,Backpack (medium leather) | Tent 2-man leather | Sleeping furs (light) | Blanket (heavy) | Field rations (basic) x7 | Waterskin (1 gal) x2 | Canteen (1 pt) | Lantern (hooded) | Rope (standard 50') | Hammer + 10 pitons | Flint & steel | Tinderbox | Cloak (wool hooded) | Boots (normal leather) | Gloves (leather) | Hat (leather),-0.62,NO,None,,0,0,-2,1,11,183.5,74.8,2,0,1,-2,-1,-1,0,-2,-2,0,Aucun,2026-05-31 23:48:00
CH-00030,Elf,Wood Elf,Cormanthor,Remote Monastery,Groupe3_Coeur_Continental,Advanced Tracking | Complex Terrain Navigation | Shelter Construction | Forest Stealth | Wild Plant Foraging | Primitive Fire Mastery,Lockpicking and Trap Disarming,"History of Magic | Elven Culture | Cultural Interactions | Festivals, Calendars & Traditions",Bookbinding,Elven High Speech,Elfique | Elven High Speech,30,293.4,universal_standard,Aucune,0,0,0,,,0,0,Belt (leather) + Belt pouch (large) | Map case + blank regional map | Lamp oil (flacon) x3 | Grappling hook | 10' pole | Crowbar (standard) | Bâton de marche / Walking Staff,Backpack (medium leather) | Tent 2-man leather | Sleeping furs (light) | Blanket (heavy) | Field rations (basic) x7 | Waterskin (1 gal) x2 | Canteen (1 pt) | Lantern (hooded) | Rope (standard 50') | Hammer + 10 pitons | Flint & steel | Tinderbox | Cloak (wool hooded) | Boots (normal leather) | Gloves (leather) | Hat (leather),18.8,NO,None,,1,2,5,2,-3,166.3,71.0,0,2,4,5,3,4,10,6,4,5,Transe + Immunité sommeil + VN (N2),2026-05-31 23:48:00
CH-00031,Halfling,Lightfoot Halfling,The Dalelands,Forest Village,Groupe3_Coeur_Continental,Wild Plant Foraging | Forest Stealth | Advanced Tracking | Plains Tracking,,"Ancient Realms (Netheril, Imaskar...) | Trade Routes & Commerce | Major Religions & Deities",Masonry | Accounting & Estate Management | Navigation (Land & Sea),Druidic,Chondathan | Druidic,51,293.4,universal_standard,Aucune,0,0,0,,,0,10,Belt (leather) + Belt pouch (large) | Map case + blank regional map | Lamp oil (flacon) x3 | Grappling hook | 10' pole | Crowbar (standard) | Bâton de marche / Walking Staff,Backpack (medium leather) | Tent 2-man leather | Sleeping furs (light) | Blanket (heavy) | Field rations (basic) x7 | Waterskin (1 gal) x2 | Canteen (1 pt) | Lantern (hooded) | Rope (standard 50') | Hammer + 10 pitons | Flint & steel | Tinderbox | Cloak (wool hooded) | Boots (normal leather) | Gloves (leather) | Hat (leather),9.98,NO,None,,-16,-5,9,-4,-5,113.9,26.1,-8,8,2,8,6,6,3,14,20,4,Furtivité,2026-05-31 23:48:00
CH-00032,Human,Tethyrian,Western Heartlands,Remote Trading Post,Groupe3_Coeur_Continental,Forest Stealth | Advanced Tracking | Dark Water Swimming | Game Butchering and Preservation,Disguise & Impersonation,History of Magic | Religious Cults & Orders | Major Religions & Deities | Magical Schools & Traditions,Leatherworking & Tanning | Sail & Rope Making | Accounting & Estate Management,Elfique | Tethyrian,Chondathan | Elfique | Tethyrian,52,293.4,universal_standard,Aucune,0,0,0,,,0,20,Belt (leather) + Belt pouch (large) | Map case + blank regional map | Lamp oil (flacon) x3 | Grappling hook | 10' pole | Crowbar (standard) | Bâton de marche / Walking Staff,Backpack (medium leather) | Tent 2-man leather | Sleeping furs (light) | Blanket (heavy) | Field rations (basic) x7 | Waterskin (1 gal) x2 | Canteen (1 pt) | Lantern (hooded) | Rope (standard 50') | Hammer + 10 pitons | Flint & steel | Tinderbox | Cloak (wool hooded) | Boots (normal leather) | Gloves (leather) | Hat (leather),34.83,NO,None,,9,5,1,2,0,173.5,97.4,0,6,3,0,1,1,-2,0,1,3,Aucun,2026-05-31 23:48:00
CH-00033,Dwarf,Gold Dwarf,Great Rift,Mountain Village,Groupe6_Bloc_Nain,Advanced Tracking | Complex Terrain Navigation | Underground Navigation | Technical Rock Climbing | Wild Plant Foraging | Mountain Endurance,,Guilds & Organizations | Spellplague & Its Aftermath | Secret Organizations | Major Cities & Regions,Candle & Soap Making,Infernal | Nain,Infernal | Nain | Undercommon,45,293.4,universal_standard,Aucune,0,0,0,,,0,0,Belt (leather) + Belt pouch (large) | Map case + blank regional map | Lamp oil (flacon) x3 | Grappling hook | 10' pole | Crowbar (standard) | Bâton de marche / Walking Staff,Backpack (medium leather) | Tent 2-man leather | Sleeping furs (light) | Blanket (heavy) | Field rations (basic) x7 | Waterskin (1 gal) x2 | Canteen (1 pt) | Lantern (hooded) | Rope (standard 50') | Hammer + 10 pitons | Flint & steel | Tinderbox | Cloak (wool hooded) | Boots (normal leather) | Gloves (leather) | Hat (leather),-4.73,YES,Théurgique,Magie Blanche,-1,0,-4,-5,-6,116.4,51.8,-8,7,0,7,-6,3,-2,0,12,2,Vision dans le noir + Robustesse naine,2026-05-31 23:48:00
CH-00034,Human,Gur,Dambrath,Fishing Village,Groupe3_Coeur_Continental,Wild Plant Foraging | Savanna Plant Knowledge | Advanced Tracking | Primitive Fire Mastery | Marsh Disease Resistance | Marsh Movement,Disguise & Impersonation | Urban Stealth & Shadowing,"Festivals, Calendars & Traditions | Geography of Faerûn | Major Religions & Deities | History of Magic",Carpentry & Woodworking,Dambrathan | Rashemi,Chultan | Damaran | Dambrathan | Rashemi,32,293.4,universal_standard,Aucune,0,0,0,,,0,0,Belt (leather) + Belt pouch (large) | Map case + blank regional map | Lamp oil (flacon) x3 | Grappling hook | 10' pole | Crowbar (standard) | Bâton de marche / Walking Staff,Backpack (medium leather) | Tent 2-man leather | Sleeping furs (light) | Blanket (heavy) | Field rations (basic) x7 | Waterskin (1 gal) x2 | Canteen (1 pt) | Lantern (hooded) | Rope (standard 50') | Hammer + 10 pitons | Flint & steel | Tinderbox | Cloak (wool hooded) | Boots (normal leather) | Gloves (leather) | Hat (leather),1.0,NO,None,,1,1,-1,0,10,174.0,71.0,0,5,-1,-2,0,2,-3,11,2,-2,Aucun,2026-05-31 23:48:00
CH-00035,Human,Tethyrian,The Dalelands,Forest Village,Groupe3_Coeur_Continental,Advanced Tracking | Forest Stealth | Wild Plant Foraging | Complex Terrain Navigation,Guild Knowledge & Politics | Disguise & Impersonation,Legendary Artifacts & Relics | Weave Theory | Trade Routes & Commerce,Animal Husbandry & Training | Smithing & Metallurgy | Architecture,Chondathan,Chondathan | Druidic,56,293.4,universal_standard,Aucune,0,0,0,,,0,10,Belt (leather) + Belt pouch (large) | Map case + blank regional map | Lamp oil (flacon) x3 | Grappling hook | 10' pole | Crowbar (standard) | Bâton de marche / Walking Staff,Backpack (medium leather) | Tent 2-man leather | Sleeping furs (light) | Blanket (heavy) | Field rations (basic) x7 | Waterskin (1 gal) x2 | Canteen (1 pt) | Lantern (hooded) | Rope (standard 50') | Hammer + 10 pitons | Flint & steel | Tinderbox | Cloak (wool hooded) | Boots (normal leather) | Gloves (leather) | Hat (leather),11.96,NO,None,,0,2,3,3,1,159.2,60.6,-1,4,8,3,1,3,-1,5,6,9,Aucun,2026-05-31 23:48:00
CH-00036,Human,Imaskari,Mulhorand,Large Town,Groupe8_Mulhorand,Desert Thermal Endurance | Open Land Navigation,Sleight of Hand & Cheating | Urban Stealth & Shadowing | Black Market Operations,Laws & Customs of Nations | Trade Routes & Commerce,Smithing & Metallurgy | Cooking (Fine Cuisine) | Masonry,None,Mulhorandi | Untheric,77,293.4,universal_standard,Aucune,0,0,0,,,0,5,Belt (leather) + Belt pouch (large) | Map case + blank regional map | Lamp oil (flacon) x3 | Grappling hook | 10' pole | Crowbar (standard) | Bâton de marche / Walking Staff,Backpack (medium leather) | Tent 2-man leather | Sleeping furs (light) | Blanket (heavy) | Field rations (basic) x7 | Waterskin (1 gal) x2 | Canteen (1 pt) | Lantern (hooded) | Rope (standard 50') | Hammer + 10 pitons | Flint & steel | Tinderbox | Cloak (wool hooded) | Boots (normal leather) | Gloves (leather) | Hat (leather),15.18,NO,None,,5,3,0,1,6,180.0,92.4,1,0,2,0,0,7,0,4,-3,2,Aucun,2026-05-31 23:48:00
CH-00037,Human,Tethyrian,Amn,Major Trade City,Groupe2_Sud_Marchand,,Streetwise (Urban Underworld) | Smuggling Networks | Lockpicking and Trap Disarming | Disguise & Impersonation | Sleight of Hand & Cheating,"Gnomish Culture | Aberration Lore | Festivals, Calendars & Traditions",Accounting & Estate Management,Chessentan,Chessentan | Chondathan | Thorass,154,293.4,universal_standard,Aucune,0,0,0,,,0,5,Belt (leather) + Belt pouch (large) | Map case + blank regional map | Lamp oil (flacon) x3 | Grappling hook | 10' pole | Crowbar (standard) | Bâton de marche / Walking Staff,Backpack (medium leather) | Tent 2-man leather | Sleeping furs (light) | Blanket (heavy) | Field rations (basic) x7 | Waterskin (1 gal) x2 | Canteen (1 pt) | Lantern (hooded) | Rope (standard 50') | Hammer + 10 pitons | Flint & steel | Tinderbox | Cloak (wool hooded) | Boots (normal leather) | Gloves (leather) | Hat (leather),-9.69,YES,Arcanique,Magicien,-2,-3,-8,-2,8,175.6,71.0,1,-1,-3,-6,-5,-3,-6,-8,-5,-5,Aucun,2026-05-31 23:48:00
CH-00038,Human,Tethyrian,Tethyr,Small Town,Groupe2_Sud_Marchand,Plains Tracking | Open Land Navigation,Temple Politics & Religious Intrigue | Forgery of Documents & Seals | Urban Stealth & Shadowing | Criminal Organizations & Syndicates,Major Cities & Regions | Guilds & Organizations | Divine Myths & Legends | Trade Routes & Commerce,Perfumery & Cosmetics | Bookbinding | Sail & Rope Making,Lantanna | Thorass,Chondathan | Lantanna,95,293.4,universal_standard,Aucune,0,0,0,,,0,5,Belt (leather) + Belt pouch (large) | Map case + blank regional map | Lamp oil (flacon) x3 | Grappling hook | 10' pole | Crowbar (standard) | Bâton de marche / Walking Staff,Backpack (medium leather) | Tent 2-man leather | Sleeping furs (light) | Blanket (heavy) | Field rations (basic) x7 | Waterskin (1 gal) x2 | Canteen (1 pt) | Lantern (hooded) | Rope (standard 50') | Hammer + 10 pitons | Flint & steel | Tinderbox | Cloak (wool hooded) | Boots (normal leather) | Gloves (leather) | Hat (leather),-7.91,YES,Arcanique,Magicien,-1,-2,-8,-1,4,178.8,71.0,1,0,0,-8,-5,4,1,-10,-5,-3,Aucun,2026-05-31 23:48:00
CH-00039,Human,Tethyrian,Baldur's Gate,Major Port City,Groupe1_Cote_des_Epees,Coastal Survival | Littoral Foraging,Urban Stealth & Shadowing | Urban Stealth & Shadowing | Guild Knowledge & Politics | Information Brokerage | Criminal Organizations & Syndicates | Temple Politics & Religious Intrigue,History of Netheril | Cultural Interactions | Laws & Customs of Nations | Halfling Culture,Accounting & Estate Management,Elven High Speech | Tethyrian,Chondathan | Cormyrian | Elven High Speech | Tethyrian,229,293.4,universal_standard,Aucune,0,0,0,,,0,110,Belt (leather) + Belt pouch (large) | Map case + blank regional map | Lamp oil (flacon) x3 | Grappling hook | 10' pole | Crowbar (standard) | Bâton de marche / Walking Staff,Backpack (medium leather) | Tent 2-man leather | Sleeping furs (light) | Blanket (heavy) | Field rations (basic) x7 | Waterskin (1 gal) x2 | Canteen (1 pt) | Lantern (hooded) | Rope (standard 50') | Hammer + 10 pitons | Flint & steel | Tinderbox | Cloak (wool hooded) | Boots (normal leather) | Gloves (leather) | Hat (leather),-5.24,YES,Sauvage,Magie Verte,-2,-2,-1,-1,-1,171.0,63.9,0,5,-3,-5,2,-2,7,6,2,-5,Aucun,2026-05-31 23:48:00
CH-00040,Gnome,Rock Gnome,Waterdeep,Small Town,Groupe1_Cote_des_Epees,Oceanic Navigation,Criminal Organizations & Syndicates | Guild Knowledge & Politics | Sleight of Hand & Cheating,Divine Myths & Legends | Major Cities & Regions | Gnomish Culture,Smithing & Metallurgy | Viticulture & Winemaking | Leatherworking & Tanning,Chondathan,Chondathan | Elfique | Gnomish,153,293.4,universal_standard,Aucune,0,0,0,,,0,15,Belt (leather) + Belt pouch (large) | Map case + blank regional map | Lamp oil (flacon) x3 | Grappling hook | 10' pole | Crowbar (standard) | Bâton de marche / Walking Staff,Backpack (medium leather) | Tent 2-man leather | Sleeping furs (light) | Blanket (heavy) | Field rations (basic) x7 | Waterskin (1 gal) x2 | Canteen (1 pt) | Lantern (hooded) | Rope (standard 50') | Hammer + 10 pitons | Flint & steel | Tinderbox | Cloak (wool hooded) | Boots (normal leather) | Gloves (leather) | Hat (leather),-9.88,YES,Arcanique,Magicien,-11,-6,1,-6,-1,127.6,37.7,-6,1,3,-2,2,-8,3,0,5,2,Vision nocturne N1,2026-05-31 23:48:00
CH-00041,Human,Damaran,Moonsea,Military Outpost,Groupe4_Vilhon_Est,Technical Rock Climbing | Mountain Endurance | Primitive Fire Mastery | Advanced Tracking | Complex Terrain Navigation,Streetwise (Urban Underworld) | Streetwise (Urban Underworld),Geography of Faerûn | Nobility & Heraldry | Divine Myths & Legends | Local Folklore & Legends,Masonry,Sembian | Illuskan,Damaran | Illuskan | Sembian,49,293.4,universal_standard,Aucune,0,0,0,,,0,0,Belt (leather) + Belt pouch (large) | Map case + blank regional map | Lamp oil (flacon) x3 | Grappling hook | 10' pole | Crowbar (standard) | Bâton de marche / Walking Staff,Backpack (medium leather) | Tent 2-man leather | Sleeping furs (light) | Blanket (heavy) | Field rations (basic) x7 | Waterskin (1 gal) x2 | Canteen (1 pt) | Lantern (hooded) | Rope (standard 50') | Hammer + 10 pitons | Flint & steel | Tinderbox | Cloak (wool hooded) | Boots (normal leather) | Gloves (leather) | Hat (leather),-7.41,YES,Sauvage,Magie Rouge,0,-3,-5,-3,7,173.8,78.9,0,-5,-1,-6,-2,2,0,-7,-9,-3,Aucun,2026-05-31 23:48:00
CH-00042,Human,Shaaran,The Shaar,Mining Camp,Groupe3_Coeur_Continental,Wild Plant Foraging | Plains Tracking | Open Land Navigation,Urban Stealth & Shadowing,"Cosmology (Weave, Shadow Weave) | Guilds & Organizations | History of the Realms | Major Religions & Deities",Navigation (Land & Sea),Shaaran,Shaaran,48,293.4,universal_standard,Aucune,0,0,0,,,0,0,Belt (leather) + Belt pouch (large) | Map case + blank regional map | Lamp oil (flacon) x3 | Grappling hook | 10' pole | Crowbar (standard) | Bâton de marche / Walking Staff,Backpack (medium leather) | Tent 2-man leather | Sleeping furs (light) | Blanket (heavy) | Field rations (basic) x7 | Waterskin (1 gal) x2 | Canteen (1 pt) | Lantern (hooded) | Rope (standard 50') | Hammer + 10 pitons | Flint & steel | Tinderbox | Cloak (wool hooded) | Boots (normal leather) | Gloves (leather) | Hat (leather),2.64,NO,None,,0,1,-1,2,6,166.4,67.4,0,-4,10,2,-3,-7,5,0,-2,10,Aucun,2026-05-31 23:48:00
CH-00043,Half-elf,Wood Half-elf,High Forest,Forest Village,Groupe3_Coeur_Continental,Wild Plant Foraging | Complex Terrain Navigation | Hermetic Medicine,,Local Folklore & Legends | Astronomy & Star Navigation,Ceramics & Pottery,None,Elfique | Géant,40,293.4,universal_standard,Aucune,0,0,0,,,0,0,Belt (leather) + Belt pouch (large) | Map case + blank regional map | Lamp oil (flacon) x3 | Grappling hook | 10' pole | Crowbar (standard) | Bâton de marche / Walking Staff,Backpack (medium leather) | Tent 2-man leather | Sleeping furs (light) | Blanket (heavy) | Field rations (basic) x7 | Waterskin (1 gal) x2 | Canteen (1 pt) | Lantern (hooded) | Rope (standard 50') | Hammer + 10 pitons | Flint & steel | Tinderbox | Cloak (wool hooded) | Boots (normal leather) | Gloves (leather) | Hat (leather),8.43,NO,None,,3,2,-6,2,6,177.0,74.8,1,7,2,-5,-4,1,2,1,2,0,Méditation + Immunité sommeil + VN (N1),2026-05-31 23:48:00
CH-00044,Human,Tethyrian,Amn,Large Town,Groupe2_Sud_Marchand,Forest Stealth | Wild Plant Foraging | Desert Water Mastery,Streetwise (Urban Underworld) | Urban Observation and Tailing | Guild Knowledge & Politics,"Guilds & Organizations | Cosmology (Weave, Shadow Weave) | Court Etiquette & Protocol",Leatherworking & Tanning | Masonry,Illuskan,Chondathan | Illuskan | Sembian | Tethyrian,112,293.4,universal_standard,Aucune,0,0,0,,,0,5,Belt (leather) + Belt pouch (large) | Map case + blank regional map | Lamp oil (flacon) x3 | Grappling hook | 10' pole | Crowbar (standard) | Bâton de marche / Walking Staff,Backpack (medium leather) | Tent 2-man leather | Sleeping furs (light) | Blanket (heavy) | Field rations (basic) x7 | Waterskin (1 gal) x2 | Canteen (1 pt) | Lantern (hooded) | Rope (standard 50') | Hammer + 10 pitons | Flint & steel | Tinderbox | Cloak (wool hooded) | Boots (normal leather) | Gloves (leather) | Hat (leather),-3.78,YES,Théurgique,Magie Blanche,-4,-2,2,-3,-2,153.7,57.5,-2,4,-5,0,3,3,2,1,5,-5,Aucun,2026-05-31 23:48:00
CH-00045,Human,Turami,Turmish,Logging Camp,Groupe2_Sud_Marchand,Advanced Tracking | Complex Terrain Navigation | Mountain Endurance | Coastal Survival | Littoral Foraging | Dark Water Swimming,Sleight of Hand & Cheating | Urban Observation and Tailing,"Political Currents & Rivalries | Fall of Myth Drannor | Ancient Realms (Netheril, Imaskar...) | Cosmology (Weave, Shadow Weave)",Smithing & Metallurgy,Thorass,Lantanna | Thorass | Turami,66,293.4,universal_standard,Aucune,0,0,0,,,0,20,Belt (leather) + Belt pouch (large) | Map case + blank regional map | Lamp oil (flacon) x3 | Grappling hook | 10' pole | Crowbar (standard) | Bâton de marche / Walking Staff,Backpack (medium leather) | Tent 2-man leather | Sleeping furs (light) | Blanket (heavy) | Field rations (basic) x7 | Waterskin (1 gal) x2 | Canteen (1 pt) | Lantern (hooded) | Rope (standard 50') | Hammer + 10 pitons | Flint & steel | Tinderbox | Cloak (wool hooded) | Boots (normal leather) | Gloves (leather) | Hat (leather),-6.8,YES,Théurgique,Magie Blanche,1,-2,-5,-5,7,156.1,78.9,-2,-3,-2,-6,-2,-1,-4,0,-7,-4,Aucun,2026-05-31 23:48:00
CH-00046,Half-elf,Sun Half-elf,Evermeet,Forest Village,Groupe13_Evermeet,Coastal Survival | Oceanic Navigation | Mountain Endurance | Complex Terrain Navigation | Dark Water Swimming,,Secret Organizations | Dwarven Culture | Legendary Artifacts & Relics | Spellplague & Its Aftermath,Alchemy (Theory & Practice) | Masonry,Chondathan,Chondathan | Elfique,90,293.4,universal_standard,Aucune,0,0,0,,,0,15,Belt (leather) + Belt pouch (large) | Map case + blank regional map | Lamp oil (flacon) x3 | Grappling hook | 10' pole | Crowbar (standard) | Bâton de marche / Walking Staff,Backpack (medium leather) | Tent 2-man leather | Sleeping furs (light) | Blanket (heavy) | Field rations (basic) x7 | Waterskin (1 gal) x2 | Canteen (1 pt) | Lantern (hooded) | Rope (standard 50') | Hammer + 10 pitons | Flint & steel | Tinderbox | Cloak (wool hooded) | Boots (normal leather) | Gloves (leather) | Hat (leather),-2.24,YES,Théurgique,Magie Verte,-2,-2,0,-1,-3,167.8,71.0,0,-7,1,5,-1,4,8,0,-3,2,Méditation + Immunité sommeil + VN (N1),2026-05-31 23:48:00
CH-00047,Human,Illuskan,Spine of the World,Mountain Village,Groupe3_Coeur_Continental,Wetland Tracking | Wild Animal Handling | Deep-Sea Fishing | Storm and Seasickness Mastery,,Astronomy & Star Navigation | Political Currents & Rivalries | Trade Routes & Commerce,Jewelry & Goldsmithing | Cartography | Shipbuilding,Illuskan,Illuskan,28,293.4,universal_standard,Aucune,0,0,0,,,0,5,Belt (leather) + Belt pouch (large) | Map case + blank regional map | Lamp oil (flacon) x3 | Grappling hook | 10' pole | Crowbar (standard) | Bâton de marche / Walking Staff,Backpack (medium leather) | Tent 2-man leather | Sleeping furs (light) | Blanket (heavy) | Field rations (basic) x7 | Waterskin (1 gal) x2 | Canteen (1 pt) | Lantern (hooded) | Rope (standard 50') | Hammer + 10 pitons | Flint & steel | Tinderbox | Cloak (wool hooded) | Boots (normal leather) | Gloves (leather) | Hat (leather),4.34,NO,None,,-2,-1,4,0,9,177.2,71.0,1,-3,0,0,4,0,3,0,-3,0,Aucun,2026-05-31 23:48:00
CH-00048,Dwarf,Gold Dwarf,Great Rift,Isolated Hamlet,Groupe6_Bloc_Nain,Mountain Endurance | Technical Rock Climbing | Underground Navigation | Advanced Tracking,,Major Religions & Deities | History of the Realms | Trade Routes & Commerce | Local Folklore & Legends,Navigation (Land & Sea) | Bone & Ivory Carving,Nain,Infernal | Nain,31,293.4,universal_standard,Aucune,0,0,0,,,0,0,Belt (leather) + Belt pouch (large) | Map case + blank regional map | Lamp oil (flacon) x3 | Grappling hook | 10' pole | Crowbar (standard) | Bâton de marche / Walking Staff,Backpack (medium leather) | Tent 2-man leather | Sleeping furs (light) | Blanket (heavy) | Field rations (basic) x7 | Waterskin (1 gal) x2 | Canteen (1 pt) | Lantern (hooded) | Rope (standard 50') | Hammer + 10 pitons | Flint & steel | Tinderbox | Cloak (wool hooded) | Boots (normal leather) | Gloves (leather) | Hat (leather),-4.17,YES,Arcanique,Magicien,1,-3,0,-10,0,117.2,67.4,-8,-2,-2,-2,2,6,4,3,-3,-3,Vision dans le noir + Robustesse naine,2026-05-31 23:48:00
CH-00049,Human,Damaran,Damara,Military Outpost,Groupe5_Nord_Sauvage,Mountain Endurance | Extreme Cold Resistance | Hermetic Medicine,Temple Politics & Religious Intrigue,Astronomy & Star Navigation | Court Etiquette & Protocol | History of the Realms | Political Currents & Rivalries,Stone & Wood Carving | Accounting & Estate Management,Nar | Thorass,Chondathan | Nar,42,293.4,universal_standard,Aucune,0,0,0,,,0,0,Belt (leather) + Belt pouch (large) | Map case + blank regional map | Lamp oil (flacon) x3 | Grappling hook | 10' pole | Crowbar (standard) | Bâton de marche / Walking Staff,Backpack (medium leather) | Tent 2-man leather | Sleeping furs (light) | Blanket (heavy) | Field rations (basic) x7 | Waterskin (1 gal) x2 | Canteen (1 pt) | Lantern (hooded) | Rope (standard 50') | Hammer + 10 pitons | Flint & steel | Tinderbox | Cloak (wool hooded) | Boots (normal leather) | Gloves (leather) | Hat (leather),1.0,NO,None,,1,0,0,0,11,173.9,74.8,0,-2,5,-5,1,0,-1,-1,-6,3,Aucun,2026-05-31 23:48:00
CH-00050,Halfling,Lightfoot Halfling,Luiren,Farming Hamlet,Groupe3_Coeur_Continental,Advanced Tracking | Plains Tracking | Signaling and Rescue | Wild Plant Foraging | Primitive Fire Mastery | Forest Stealth,,Lost Kingdoms & Cities | History of the Realms | Weave Theory | Ruins & Major Archaeological Sites,Weapons & Armor Smithing | Accounting & Estate Management,Chondathan | Luiren,Chondathan | Luiren,47,293.4,universal_standard,Aucune,0,0,0,,,0,0,Belt (leather) + Belt pouch (large) | Map case + blank regional map | Lamp oil (flacon) x3 | Grappling hook | 10' pole | Crowbar (standard) | Bâton de marche / Walking Staff,Backpack (medium leather) | Tent 2-man leather | Sleeping furs (light) | Blanket (heavy) | Field rations (basic) x7 | Waterskin (1 gal) x2 | Canteen (1 pt) | Lantern (hooded) | Rope (standard 50') | Hammer + 10 pitons | Flint & steel | Tinderbox | Cloak (wool hooded) | Boots (normal leather) | Gloves (leather) | Hat (leather),-7.03,YES,Arcanique,Magicien,-18,-6,3,-2,-12,122.5,23.5,-7,5,11,2,1,0,9,12,15,11,Furtivité,2026-05-31 23:48:00
CH-00051,Human,Damaran,Impiltur,Fishing Village,Groupe3_Coeur_Continental,Storm and Seasickness Mastery | Oceanic Navigation | Deep-Sea Fishing | Complex Terrain Navigation | Littoral Foraging,,"Festivals, Calendars & Traditions | Geography of Faerûn | Nobility & Heraldry | Major Cities & Regions",Carpentry & Woodworking,Chondathan | Thorass,Chondathan | Damaran | Impilturan | Reghed,80,293.4,universal_standard,Aucune,0,0,0,,,0,0,Belt (leather) + Belt pouch (large) | Map case + blank regional map | Lamp oil (flacon) x3 | Grappling hook | 10' pole | Crowbar (standard) | Bâton de marche / Walking Staff,Backpack (medium leather) | Tent 2-man leather | Sleeping furs (light) | Blanket (heavy) | Field rations (basic) x7 | Waterskin (1 gal) x2 | Canteen (1 pt) | Lantern (hooded) | Rope (standard 50') | Hammer + 10 pitons | Flint & steel | Tinderbox | Cloak (wool hooded) | Boots (normal leather) | Gloves (leather) | Hat (leather),-13.05,YES,Théurgique,Magie Verte,-8,-5,-3,-6,1,141.9,49.1,-4,1,-4,0,-2,1,2,-3,4,-4,Aucun,2026-05-31 23:48:00
CH-00052,Dwarf,Shield Dwarf,Ironmaster,Mountain Village,Groupe3_Coeur_Continental,Technical Rock Climbing | Confined Space Stealth | Hermetic Medicine | Field Weapon Maintenance | Underground Navigation | Mountain Endurance,,Geography of Faerûn | Ruins & Major Archaeological Sites | Major Religions & Deities,Jewelry & Goldsmithing | Leatherworking & Tanning | Masonry,Nain,Géant | Illuskan | Nain,38,293.4,universal_standard,Aucune,0,0,0,,,0,0,Belt (leather) + Belt pouch (large) | Map case + blank regional map | Lamp oil (flacon) x3 | Grappling hook | 10' pole | Crowbar (standard) | Bâton de marche / Walking Staff,Backpack (medium leather) | Tent 2-man leather | Sleeping furs (light) | Blanket (heavy) | Field rations (basic) x7 | Waterskin (1 gal) x2 | Canteen (1 pt) | Lantern (hooded) | Rope (standard 50') | Hammer + 10 pitons | Flint & steel | Tinderbox | Cloak (wool hooded) | Boots (normal leather) | Gloves (leather) | Hat (leather),-2.13,YES,Sauvage,Magie Verte,0,-2,1,-6,5,138.9,74.8,-4,-9,0,4,0,-2,-6,-1,-6,1,Vision dans le noir + Robustesse naine,2026-05-31 23:48:00
CH-00053,Halfling,Strongheart Halfling,Cormyr,Rural Village,Groupe3_Coeur_Continental,Wild Plant Foraging | Advanced Tracking | Plains Tracking | Primitive Fire Mastery,Fences and Buyers Network | City Secrets & Hidden Routes,Lost Kingdoms & Cities | Secret Organizations | Nobility & Heraldry,Cabinetmaking & Marquetry,Chondathan,Chondathan | Gnomish | Thorass,85,293.4,universal_standard,Aucune,0,0,0,,,0,0,Belt (leather) + Belt pouch (large) | Map case + blank regional map | Lamp oil (flacon) x3 | Grappling hook | 10' pole | Crowbar (standard) | Bâton de marche / Walking Staff,Backpack (medium leather) | Tent 2-man leather | Sleeping furs (light) | Blanket (heavy) | Field rations (basic) x7 | Waterskin (1 gal) x2 | Canteen (1 pt) | Lantern (hooded) | Rope (standard 50') | Hammer + 10 pitons | Flint & steel | Tinderbox | Cloak (wool hooded) | Boots (normal leather) | Gloves (leather) | Hat (leather),-14.58,YES,Arcanique,Magicien,-14,-6,-5,-4,-5,131.4,30.6,-5,7,2,-3,-4,5,6,14,11,1,Robustesse,2026-05-31 23:48:00
CH-00054,Human,Tethyrian,Amn,Large Town,Groupe2_Sud_Marchand,Desert Thermal Endurance | Forest Stealth | Wild Plant Foraging,Fences and Buyers Network | Fences and Buyers Network | Fences and Buyers Network,Elven Culture | Nobility & Heraldry | Geography of Faerûn | Trade Routes & Commerce,Dyeing & Textile Coloring,Thorass,Chondathan | Illuskan | Thorass,105,293.4,universal_standard,Aucune,0,0,0,,,0,0,Belt (leather) + Belt pouch (large) | Map case + blank regional map | Lamp oil (flacon) x3 | Grappling hook | 10' pole | Crowbar (standard) | Bâton de marche / Walking Staff,Backpack (medium leather) | Tent 2-man leather | Sleeping furs (light) | Blanket (heavy) | Field rations (basic) x7 | Waterskin (1 gal) x2 | Canteen (1 pt) | Lantern (hooded) | Rope (standard 50') | Hammer + 10 pitons | Flint & steel | Tinderbox | Cloak (wool hooded) | Boots (normal leather) | Gloves (leather) | Hat (leather),8.3,NO,None,,3,2,1,0,7,178.4,92.4,1,-4,-2,8,-1,5,0,9,-1,0,Aucun,2026-05-31 23:48:00
CH-00055,Human,Chondathan,Sword Coast,Lake Village,Groupe1_Cote_des_Epees,Technical Rock Climbing | Open Land Navigation | Plains Tracking | Advanced Tracking,High Society Manipulation,Political Currents & Rivalries | Orc & Goblinoid Culture | Fall of Myth Drannor,Navigation (Land & Sea) | Preservation & Salting | Clockmaking & Complex Mechanisms,Elfique,Chondathan | Elfique | Thorass,67,293.4,universal_standard,Aucune,0,0,0,,,0,0,Belt (leather) + Belt pouch (large) | Map case + blank regional map | Lamp oil (flacon) x3 | Grappling hook | 10' pole | Crowbar (standard) | Bâton de marche / Walking Staff,Backpack (medium leather) | Tent 2-man leather | Sleeping furs (light) | Blanket (heavy) | Field rations (basic) x7 | Waterskin (1 gal) x2 | Canteen (1 pt) | Lantern (hooded) | Rope (standard 50') | Hammer + 10 pitons | Flint & steel | Tinderbox | Cloak (wool hooded) | Boots (normal leather) | Gloves (leather) | Hat (leather),5.34,NO,None,,-2,0,4,0,7,173.9,74.8,0,-5,-1,9,2,-2,3,-1,0,2,Aucun,2026-05-31 23:48:00
CH-00056,Human,Chondathan,The Dalelands,Rural Village,Groupe3_Coeur_Continental,Advanced Tracking | Complex Terrain Navigation | Plains Tracking | Forest Stealth | Wild Plant Foraging,City Secrets & Hidden Routes,Guilds & Organizations | History of Magic | Cultural Interactions | Lost Kingdoms & Cities,Navigation (Land & Sea),Cormyrian | Chondathan,Chondathan | Cormyrian | Thorass,57,293.4,universal_standard,Aucune,0,0,0,,,0,0,Belt (leather) + Belt pouch (large) | Map case + blank regional map | Lamp oil (flacon) x3 | Grappling hook | 10' pole | Crowbar (standard) | Bâton de marche / Walking Staff,Backpack (medium leather) | Tent 2-man leather | Sleeping furs (light) | Blanket (heavy) | Field rations (basic) x7 | Waterskin (1 gal) x2 | Canteen (1 pt) | Lantern (hooded) | Rope (standard 50') | Hammer + 10 pitons | Flint & steel | Tinderbox | Cloak (wool hooded) | Boots (normal leather) | Gloves (leather) | Hat (leather),8.26,NO,None,,5,2,-7,0,11,180.1,87.7,1,4,-1,-4,-5,-1,-4,-8,-2,-3,Aucun,2026-05-31 23:48:00
CH-00057,Human,Calishite,Calimshan,Major Port City,Groupe2_Sud_Marchand,,Disguise & Impersonation | Information Brokerage | Streetwise (Urban Underworld) | Urban Stealth & Shadowing,Major Religions & Deities | Legendary Artifacts & Relics | Nobility & Heraldry | Major Cities & Regions,Locksmithing & Mechanisms,Chondathan | Thorass,Calishite | Chondathan | Lantanna,208,293.4,universal_standard,Aucune,0,0,0,,,0,220,Belt (leather) + Belt pouch (large) | Map case + blank regional map | Lamp oil (flacon) x3 | Grappling hook | 10' pole | Crowbar (standard) | Bâton de marche / Walking Staff,Backpack (medium leather) | Tent 2-man leather | Sleeping furs (light) | Blanket (heavy) | Field rations (basic) x7 | Waterskin (1 gal) x2 | Canteen (1 pt) | Lantern (hooded) | Rope (standard 50') | Hammer + 10 pitons | Flint & steel | Tinderbox | Cloak (wool hooded) | Boots (normal leather) | Gloves (leather) | Hat (leather),11.52,NO,None,,0,1,5,1,3,152.2,60.6,-2,4,6,2,4,-3,0,9,5,6,Aucun,2026-05-31 23:48:00
CH-00058,Human,Chondathan,The Dalelands,Rural Village,Groupe3_Coeur_Continental,Complex Terrain Navigation | Open Land Navigation | Advanced Tracking | Plains Tracking | Game Butchering and Preservation | Wild Plant Foraging,Fences and Buyers Network,Gnomish Culture | Secret Organizations | Laws & Customs of Nations | Spellplague & Its Aftermath,Stoneworking | Stone & Wood Carving,Chondathan,Chondathan | Elfique | Illuskan,61,293.4,universal_standard,Aucune,0,0,0,,,0,0,Belt (leather) + Belt pouch (large) | Map case + blank regional map | Lamp oil (flacon) x3 | Grappling hook | 10' pole | Crowbar (standard) | Bâton de marche / Walking Staff,Backpack (medium leather) | Tent 2-man leather | Sleeping furs (light) | Blanket (heavy) | Field rations (basic) x7 | Waterskin (1 gal) x2 | Canteen (1 pt) | Lantern (hooded) | Rope (standard 50') | Hammer + 10 pitons | Flint & steel | Tinderbox | Cloak (wool hooded) | Boots (normal leather) | Gloves (leather) | Hat (leather),5.76,NO,None,,2,2,-3,2,4,177.0,74.8,1,4,2,-1,-3,-1,9,0,2,1,Aucun,2026-05-31 23:48:00
CH-00059,Human,Shaaran,The Shaar,Mining Camp,Groupe3_Coeur_Continental,Forced March Endurance | Plains Tracking | Advanced Tracking | Open Land Navigation,,Nobility & Heraldry | Religious Cults & Orders | History of Imaskar | History of Magic,Candle & Soap Making | Fireworks Making,Shaaran,Shaaran,50,293.4,universal_standard,Aucune,0,0,0,,,0,0,Belt (leather) + Belt pouch (large) | Map case + blank regional map | Lamp oil (flacon) x3 | Grappling hook | 10' pole | Crowbar (standard) | Bâton de marche / Walking Staff,Backpack (medium leather) | Tent 2-man leather | Sleeping furs (light) | Blanket (heavy) | Field rations (basic) x7 | Waterskin (1 gal) x2 | Canteen (1 pt) | Lantern (hooded) | Rope (standard 50') | Hammer + 10 pitons | Flint & steel | Tinderbox | Cloak (wool hooded) | Boots (normal leather) | Gloves (leather) | Hat (leather),13.16,NO,None,,5,1,2,0,7,183.2,92.4,2,4,-4,-8,6,5,8,1,-5,-7,Aucun,2026-05-31 23:48:00
CH-00060,Human,Chondathan,Vilhon Reach,Major Port City,Groupe4_Vilhon_Est,Open Land Navigation | Plains Tracking | Deep-Sea Fishing,Urban Stealth & Shadowing | Criminal Organizations & Syndicates | Sleight of Hand & Cheating | Urban Observation and Tailing,Gnomish Culture | Geography of Faerûn | Lost Kingdoms & Cities,Shipbuilding | Heraldry & Lineage | Cabinetmaking & Marquetry,Illuskan,Chondathan | Cormyrian | Illuskan,122,293.4,universal_standard,Aucune,0,0,0,,,0,10,Belt (leather) + Belt pouch (large) | Map case + blank regional map | Lamp oil (flacon) x3 | Grappling hook | 10' pole | Crowbar (standard) | Bâton de marche / Walking Staff,Backpack (medium leather) | Tent 2-man leather | Sleeping furs (light) | Blanket (heavy) | Field rations (basic) x7 | Waterskin (1 gal) x2 | Canteen (1 pt) | Lantern (hooded) | Rope (standard 50') | Hammer + 10 pitons | Flint & steel | Tinderbox | Cloak (wool hooded) | Boots (normal leather) | Gloves (leather) | Hat (leather),-3.24,YES,Théurgique,Magie Blanche,-2,-1,-2,1,2,187.0,71.0,2,-3,2,-1,-2,-4,2,-9,-4,1,Aucun,2026-05-31 23:48:00
CH-00061,Half-elf,Moon Half-elf,Sembia,Major Trade City,Groupe2_Sud_Marchand,,Noble Houses & Court Intrigue | Streetwise (Urban Underworld) | Fences and Buyers Network | Fences and Buyers Network,Dwarven Culture | Magical Schools & Traditions | Political Currents & Rivalries | Religious Cults & Orders,Weaving & Spinning | Papermaking & Ink Making | Cooking (Fine Cuisine),Chondathan | Thorass,Chondathan | Cormyrian | Elfique,200,293.4,universal_standard,Aucune,0,0,0,,,0,140,Belt (leather) + Belt pouch (large) | Map case + blank regional map | Lamp oil (flacon) x3 | Grappling hook | 10' pole | Crowbar (standard) | Bâton de marche / Walking Staff,Backpack (medium leather) | Tent 2-man leather | Sleeping furs (light) | Blanket (heavy) | Field rations (basic) x7 | Waterskin (1 gal) x2 | Canteen (1 pt) | Lantern (hooded) | Rope (standard 50') | Hammer + 10 pitons | Flint & steel | Tinderbox | Cloak (wool hooded) | Boots (normal leather) | Gloves (leather) | Hat (leather),16.8,NO,None,,0,2,5,2,-2,163.5,63.9,-1,4,4,7,2,3,4,3,8,6,Méditation + Immunité sommeil + VN (N1),2026-05-31 23:48:00
CH-00062,Half-orc,Half-Orc,Spine of the World,Remote Trading Post,Groupe3_Coeur_Continental,Hermetic Medicine | Arctic Hunting | Weather Reading | Mountain Endurance | Dark Water Swimming | Snow and Ice Shelter Building,Streetwise (Urban Underworld),Lost Kingdoms & Cities | Court Etiquette & Protocol | Major Religions & Deities,Herbalism & Potion Brewing,Nain,Illuskan | Nain | Orc,32,293.4,universal_standard,Aucune,0,0,0,,,0,0,Belt (leather) + Belt pouch (large) | Map case + blank regional map | Lamp oil (flacon) x3 | Grappling hook | 10' pole | Crowbar (standard) | Bâton de marche / Walking Staff,Backpack (medium leather) | Tent 2-man leather | Sleeping furs (light) | Blanket (heavy) | Field rations (basic) x7 | Waterskin (1 gal) x2 | Canteen (1 pt) | Lantern (hooded) | Rope (standard 50') | Hammer + 10 pitons | Flint & steel | Tinderbox | Cloak (wool hooded) | Boots (normal leather) | Gloves (leather) | Hat (leather),8.56,NO,None,,6,0,-5,-4,12,170.3,108.2,0,-7,-4,-3,-3,9,4,-3,-12,-5,Force brutale + Vision dans le noir N1,2026-05-31 23:48:00
CH-00063,Human,Calishite,Calimshan,Large Town,Groupe2_Sud_Marchand,Desert Water Mastery | Desert Thermal Endurance | Wild Plant Foraging,Noble Houses & Court Intrigue | Fences and Buyers Network | Fences and Buyers Network,"Secret Organizations | Festivals, Calendars & Traditions",Weapons & Armor Smithing | Smithing & Metallurgy | Carpentry & Woodworking,Lantanna,Calishite | Chondathan | Halruaan | Lantanna,138,293.4,universal_standard,Aucune,0,0,0,,,0,20,Belt (leather) + Belt pouch (large) | Map case + blank regional map | Lamp oil (flacon) x3 | Grappling hook | 10' pole | Crowbar (standard) | Bâton de marche / Walking Staff,Backpack (medium leather) | Tent 2-man leather | Sleeping furs (light) | Blanket (heavy) | Field rations (basic) x7 | Waterskin (1 gal) x2 | Canteen (1 pt) | Lantern (hooded) | Rope (standard 50') | Hammer + 10 pitons | Flint & steel | Tinderbox | Cloak (wool hooded) | Boots (normal leather) | Gloves (leather) | Hat (leather),28.1,NO,None,,4,4,3,5,-2,170.9,71.0,0,2,15,0,0,1,-1,8,1,15,Aucun,2026-05-31 23:48:00
CH-00064,Human,Chondathan,Chondath,Small Town,Groupe4_Vilhon_Est,Coastal Survival | Advanced Tracking | Open Land Navigation | Littoral Foraging,Urban Observation and Tailing | Lockpicking and Trap Disarming | Smuggling Networks | Disguise & Impersonation,Major Cities & Regions | Local Folklore & Legends | Gnomish Culture,Alchemy (Theory & Practice),Chondathan,Chessentan | Chondathan | Cormyrian | Infernal,74,293.4,universal_standard,Aucune,0,0,0,,,0,0,Belt (leather) + Belt pouch (large) | Map case + blank regional map | Lamp oil (flacon) x3 | Grappling hook | 10' pole | Crowbar (standard) | Bâton de marche / Walking Staff,Backpack (medium leather) | Tent 2-man leather | Sleeping furs (light) | Blanket (heavy) | Field rations (basic) x7 | Waterskin (1 gal) x2 | Canteen (1 pt) | Lantern (hooded) | Rope (standard 50') | Hammer + 10 pitons | Flint & steel | Tinderbox | Cloak (wool hooded) | Boots (normal leather) | Gloves (leather) | Hat (leather),9.3,NO,None,,1,2,1,3,5,183.6,71.0,2,7,0,1,1,3,-2,-1,6,0,Aucun,2026-05-31 23:48:00
CH-00065,Human,Calishite,Calimshan,Major Port City,Groupe2_Sud_Marchand,,Urban Stealth & Shadowing | Streetwise (Urban Underworld) | Urban Stealth & Shadowing | Guild Knowledge & Politics,Elven Culture | Political Currents & Rivalries | Trade Routes & Commerce,Glassworking | Jewelry & Goldsmithing | Herbalism & Potion Brewing,Chondathan,Chondathan | Mulhorandi | Thorass,214,293.4,universal_standard,Aucune,0,0,0,,,0,280,Belt (leather) + Belt pouch (large) | Map case + blank regional map | Lamp oil (flacon) x3 | Grappling hook | 10' pole | Crowbar (standard) | Bâton de marche / Walking Staff,Backpack (medium leather) | Tent 2-man leather | Sleeping furs (light) | Blanket (heavy) | Field rations (basic) x7 | Waterskin (1 gal) x2 | Canteen (1 pt) | Lantern (hooded) | Rope (standard 50') | Hammer + 10 pitons | Flint & steel | Tinderbox | Cloak (wool hooded) | Boots (normal leather) | Gloves (leather) | Hat (leather),6.66,NO,None,,1,1,3,0,9,159.0,71.0,-1,1,2,4,2,6,-9,7,3,3,Aucun,2026-05-31 23:48:00
CH-00066,Dwarf,Gold Dwarf,Great Rift,Dwarven Fortress,Groupe6_Bloc_Nain,Wild Plant Foraging,Temple Politics & Religious Intrigue | Streetwise (Urban Underworld) | Criminal Organizations & Syndicates | City Secrets & Hidden Routes | Streetwise (Urban Underworld),"Trade Routes & Commerce | Spellplague & Its Aftermath | Cosmology (Weave, Shadow Weave) | Religious Cults & Orders",Masonry,Nain,Infernal | Nain,55,293.4,universal_standard,Aucune,0,0,0,,,0,0,Belt (leather) + Belt pouch (large) | Map case + blank regional map | Lamp oil (flacon) x3 | Grappling hook | 10' pole | Crowbar (standard) | Bâton de marche / Walking Staff,Backpack (medium leather) | Tent 2-man leather | Sleeping furs (light) | Blanket (heavy) | Field rations (basic) x7 | Waterskin (1 gal) x2 | Canteen (1 pt) | Lantern (hooded) | Rope (standard 50') | Hammer + 10 pitons | Flint & steel | Tinderbox | Cloak (wool hooded) | Boots (normal leather) | Gloves (leather) | Hat (leather),20.78,NO,None,,8,3,-2,-4,4,128.0,78.9,-6,3,6,0,-3,-5,-4,0,1,6,Vision dans le noir + Robustesse naine,2026-05-31 23:48:00
CH-00067,Human,Mulan,Unther,Frontier Colony,Groupe12_Old_Empires,Marsh Disease Resistance | Wild Plant Foraging | Marsh Movement | Technical Rock Climbing | Complex Terrain Navigation,,Divine Myths & Legends | Ruins & Major Archaeological Sites | Dragon Lore | Genasi & Elemental Peoples,Smithing & Metallurgy | Viticulture & Winemaking,Mulhorandi,Chessentan | Mulhorandi | Untheric,58,293.4,universal_standard,Aucune,0,0,0,,,0,10,Belt (leather) + Belt pouch (large) | Map case + blank regional map | Lamp oil (flacon) x3 | Grappling hook | 10' pole | Crowbar (standard) | Bâton de marche / Walking Staff,Backpack (medium leather) | Tent 2-man leather | Sleeping furs (light) | Blanket (heavy) | Field rations (basic) x7 | Waterskin (1 gal) x2 | Canteen (1 pt) | Lantern (hooded) | Rope (standard 50') | Hammer + 10 pitons | Flint & steel | Tinderbox | Cloak (wool hooded) | Boots (normal leather) | Gloves (leather) | Hat (leather),-8.41,YES,Arcanique,Magicien,-5,-3,-1,-3,-1,157.9,57.5,-2,2,-4,0,0,-3,7,2,3,-4,Aucun,2026-05-31 23:48:00
CH-00068,Human,Tethyrian,Tethyr,Mountain Village,Groupe2_Sud_Marchand,Weather Reading | Desert Water Mastery | Advanced Tracking | Plains Tracking | Wild Plant Foraging,Disguise & Impersonation,"Cosmology (Weave, Shadow Weave) | Laws & Customs of Nations | Dragon Lore | Aberration Lore",Taxidermy,Chondathan,Chondathan | Halruaan,69,293.4,universal_standard,Aucune,0,0,0,,,0,0,Belt (leather) + Belt pouch (large) | Map case + blank regional map | Lamp oil (flacon) x3 | Grappling hook | 10' pole | Crowbar (standard) | Bâton de marche / Walking Staff,Backpack (medium leather) | Tent 2-man leather | Sleeping furs (light) | Blanket (heavy) | Field rations (basic) x7 | Waterskin (1 gal) x2 | Canteen (1 pt) | Lantern (hooded) | Rope (standard 50') | Hammer + 10 pitons | Flint & steel | Tinderbox | Cloak (wool hooded) | Boots (normal leather) | Gloves (leather) | Hat (leather),32.34,NO,None,,9,5,-6,3,3,189.8,102.7,2,9,-3,1,-5,5,-9,0,4,-3,Aucun,2026-05-31 23:48:00
CH-00069,Half-elf,Moon Half-elf,Waterdeep,Major Port City,Groupe1_Cote_des_Epees,,Urban Stealth & Shadowing | City Secrets & Hidden Routes | Lockpicking and Trap Disarming | Urban Observation and Tailing | Guild Knowledge & Politics,Fey & Feywild Knowledge | Trade Routes & Commerce | Major Religions & Deities | Weave Theory,Accounting & Estate Management,Illuskan | Elfique,Elfique | Illuskan,249,293.4,universal_standard,Aucune,0,0,0,,,0,140,Belt (leather) + Belt pouch (large) | Map case + blank regional map | Lamp oil (flacon) x3 | Grappling hook | 10' pole | Crowbar (standard) | Bâton de marche / Walking Staff,Backpack (medium leather) | Tent 2-man leather | Sleeping furs (light) | Blanket (heavy) | Field rations (basic) x7 | Waterskin (1 gal) x2 | Canteen (1 pt) | Lantern (hooded) | Rope (standard 50') | Hammer + 10 pitons | Flint & steel | Tinderbox | Cloak (wool hooded) | Boots (normal leather) | Gloves (leather) | Hat (leather),34.96,NO,None,,5,4,5,4,-4,190.2,83.2,2,9,1,-2,6,-2,8,8,4,0,Méditation + Immunité sommeil + VN (N1),2026-05-31 23:48:00
CH-00070,Human,Damaran,Damara,Fortified City,Groupe5_Nord_Sauvage,Complex Terrain Navigation | Hermetic Medicine | Technical Rock Climbing,Urban Stealth & Shadowing | City Secrets & Hidden Routes | Sleight of Hand & Cheating,Local Folklore & Legends | Laws & Customs of Nations | History of the Realms,Stone & Wood Carving | Smithing & Metallurgy,Chondathan,Chondathan,69,293.4,universal_standard,Aucune,0,0,0,,,0,0,Belt (leather) + Belt pouch (large) | Map case + blank regional map | Lamp oil (flacon) x3 | Grappling hook | 10' pole | Crowbar (standard) | Bâton de marche / Walking Staff,Backpack (medium leather) | Tent 2-man leather | Sleeping furs (light) | Blanket (heavy) | Field rations (basic) x7 | Waterskin (1 gal) x2 | Canteen (1 pt) | Lantern (hooded) | Rope (standard 50') | Hammer + 10 pitons | Flint & steel | Tinderbox | Cloak (wool hooded) | Boots (normal leather) | Gloves (leather) | Hat (leather),3.96,NO,None,,4,-1,-1,-1,17,184.9,92.4,2,-3,0,-11,3,5,-5,-6,-12,-4,Aucun,2026-05-31 23:48:00
CH-00071,Human,Ffolk,Moonshae Isles,Fishing Village,Groupe11_Moonshae,River Crossing | Snow and Ice Shelter Building | Oceanic Navigation | Battlefield Riding | Storm and Seasickness Mastery | Coastal Survival,Urban Observation and Tailing,Geography of Faerûn | Divine Myths & Legends | Laws & Customs of Nations | Legendary Artifacts & Relics,Weaving & Spinning | Carpentry & Woodworking | Beekeeping,Ffolk | Illuskan,Ffolk | Illuskan | Sossrim,43,293.4,universal_standard,Aucune,0,0,0,,,0,0,Belt (leather) + Belt pouch (large) | Map case + blank regional map | Lamp oil (flacon) x3 | Grappling hook | 10' pole | Crowbar (standard) | Bâton de marche / Walking Staff,Backpack (medium leather) | Tent 2-man leather | Sleeping furs (light) | Blanket (heavy) | Field rations (basic) x7 | Waterskin (1 gal) x2 | Canteen (1 pt) | Lantern (hooded) | Rope (standard 50') | Hammer + 10 pitons | Flint & steel | Tinderbox | Cloak (wool hooded) | Boots (normal leather) | Gloves (leather) | Hat (leather),7.96,NO,None,,1,0,4,0,7,181.9,78.9,1,-3,2,0,4,6,3,2,-4,2,Aucun,2026-05-31 23:48:00
CH-00072,Dwarf,Shield Dwarf,Citadel Adbar,Mountain Village,Groupe6_Bloc_Nain,Complex Terrain Navigation | Mountain Endurance | Technical Rock Climbing,Guild Knowledge & Politics,Divine Myths & Legends | History of Imaskar | Fall of Myth Drannor,Cooking (Fine Cuisine) | Cartography | Stone & Wood Carving,Nain,Nain | Thorass,32,293.4,universal_standard,Aucune,0,0,0,,,0,0,Belt (leather) + Belt pouch (large) | Map case + blank regional map | Lamp oil (flacon) x3 | Grappling hook | 10' pole | Crowbar (standard) | Bâton de marche / Walking Staff,Backpack (medium leather) | Tent 2-man leather | Sleeping furs (light) | Blanket (heavy) | Field rations (basic) x7 | Waterskin (1 gal) x2 | Canteen (1 pt) | Lantern (hooded) | Rope (standard 50') | Hammer + 10 pitons | Flint & steel | Tinderbox | Cloak (wool hooded) | Boots (normal leather) | Gloves (leather) | Hat (leather),-8.86,YES,Théurgique,Magie Blanche,-2,-4,-5,-6,7,151.9,74.8,-2,-10,-4,3,-5,-1,-3,-4,-7,-3,Vision dans le noir + Robustesse naine,2026-05-31 23:48:00
CH-00073,Human,Chondathan,Chondath,Small Town,Groupe4_Vilhon_Est,Littoral Foraging | Dark Water Swimming | Open Land Navigation | Coastal Survival,Urban Stealth & Shadowing | Information Brokerage | Urban Observation and Tailing | Information Brokerage,Major Religions & Deities | Astronomy & Star Navigation | Local Folklore & Legends | Court Etiquette & Protocol,Dyeing & Textile Coloring | Cooking (Fine Cuisine),Infernal | Thorass,Chondathan | Infernal,91,293.4,universal_standard,Aucune,0,0,0,,,0,25,Belt (leather) + Belt pouch (large) | Map case + blank regional map | Lamp oil (flacon) x3 | Grappling hook | 10' pole | Crowbar (standard) | Bâton de marche / Walking Staff,Backpack (medium leather) | Tent 2-man leather | Sleeping furs (light) | Blanket (heavy) | Field rations (basic) x7 | Waterskin (1 gal) x2 | Canteen (1 pt) | Lantern (hooded) | Rope (standard 50') | Hammer + 10 pitons | Flint & steel | Tinderbox | Cloak (wool hooded) | Boots (normal leather) | Gloves (leather) | Hat (leather),5.9,NO,None,,5,-1,-1,-2,18,191.4,108.2,2,-8,-1,-8,2,4,-4,2,-16,-4,Aucun,2026-05-31 23:48:00
CH-00074,Human,Chondathan,Sembia,Large Town,Groupe2_Sud_Marchand,Forced March Endurance | Wild Plant Foraging | Plains Tracking | Open Land Navigation,Disguise & Impersonation | Urban Observation and Tailing | Streetwise (Urban Underworld) | Black Market Operations,Nobility & Heraldry | Trade Routes & Commerce | Orc & Goblinoid Culture | History of the Realms,Accounting & Estate Management,Illuskan | Chondathan,Chondathan | Cormyrian | Illuskan,191,293.4,universal_standard,Aucune,0,0,0,,,0,50,Belt (leather) + Belt pouch (large) | Map case + blank regional map | Lamp oil (flacon) x3 | Grappling hook | 10' pole | Crowbar (standard) | Bâton de marche / Walking Staff,Backpack (medium leather) | Tent 2-man leather | Sleeping furs (light) | Blanket (heavy) | Field rations (basic) x7 | Waterskin (1 gal) x2 | Canteen (1 pt) | Lantern (hooded) | Rope (standard 50') | Hammer + 10 pitons | Flint & steel | Tinderbox | Cloak (wool hooded) | Boots (normal leather) | Gloves (leather) | Hat (leather),-3.62,YES,Théurgique,Magie Blanche,-1,-1,0,-2,4,169.2,78.9,0,-5,-3,3,0,-5,-2,-9,-4,-2,Aucun,2026-05-31 23:48:00
CH-00075,Halfling,Strongheart Halfling,Cormyr,Fortified City,Groupe3_Coeur_Continental,Advanced Tracking | Plains Tracking | Forest Stealth | Primitive Fire Mastery,Streetwise (Urban Underworld) | Urban Stealth & Shadowing | Urban Stealth & Shadowing | Black Market Operations,Trade Routes & Commerce | History of the Realms | Gnomish Culture | Fall of Myth Drannor,Accounting & Estate Management,Damaran | Thorass,Chondathan | Cormyrian | Damaran,143,293.4,universal_standard,Aucune,0,0,0,,,0,10,Belt (leather) + Belt pouch (large) | Map case + blank regional map | Lamp oil (flacon) x3 | Grappling hook | 10' pole | Crowbar (standard) | Bâton de marche / Walking Staff,Backpack (medium leather) | Tent 2-man leather | Sleeping furs (light) | Blanket (heavy) | Field rations (basic) x7 | Waterskin (1 gal) x2 | Canteen (1 pt) | Lantern (hooded) | Rope (standard 50') | Hammer + 10 pitons | Flint & steel | Tinderbox | Cloak (wool hooded) | Boots (normal leather) | Gloves (leather) | Hat (leather),-3.19,YES,Théurgique,Magie Blanche,-18,-6,5,-4,-12,114.0,23.5,-8,6,3,10,2,2,2,4,21,6,Robustesse,2026-05-31 23:48:00
CH-00076,Human,Tethyrian,Western Heartlands,Small Town,Groupe3_Coeur_Continental,Forest Stealth,Heraldry & Lineage Recognition | Poison Lore & Subtle Application,"Local Folklore & Legends | Religious Cults & Orders | Political Currents & Rivalries | Festivals, Calendars & Traditions",Viticulture & Winemaking,Tethyrian | Thorass,Chondathan | Sembian | Tethyrian,73,293.4,universal_standard,Aucune,0,0,0,,,0,15,Belt (leather) + Belt pouch (large) | Map case + blank regional map | Lamp oil (flacon) x3 | Grappling hook | 10' pole | Crowbar (standard) | Bâton de marche / Walking Staff,Backpack (medium leather) | Tent 2-man leather | Sleeping furs (light) | Blanket (heavy) | Field rations (basic) x7 | Waterskin (1 gal) x2 | Canteen (1 pt) | Lantern (hooded) | Rope (standard 50') | Hammer + 10 pitons | Flint & steel | Tinderbox | Cloak (wool hooded) | Boots (normal leather) | Gloves (leather) | Hat (leather),-0.62,NO,None,,-2,1,-1,1,6,159.3,57.5,-1,6,4,0,-1,3,-3,3,6,4,Aucun,2026-05-31 23:48:00
CH-00077,Human,Tethyrian,Amn,Major Trade City,Groupe2_Sud_Marchand,Wild Plant Foraging | Advanced Tracking | Desert Thermal Endurance,Heraldry & Lineage Recognition | Criminal Organizations & Syndicates | Urban Stealth & Shadowing | Streetwise (Urban Underworld),"Ancient Realms (Netheril, Imaskar...) | Religious Cults & Orders | Local Folklore & Legends | Ruins & Major Archaeological Sites",Cooking (Fine Cuisine) | Locksmithing & Mechanisms,Tethyrian | Chondathan,Chessentan | Chondathan | Tethyrian,167,293.4,universal_standard,Aucune,0,0,0,,,0,45,Belt (leather) + Belt pouch (large) | Map case + blank regional map | Lamp oil (flacon) x3 | Grappling hook | 10' pole | Crowbar (standard) | Bâton de marche / Walking Staff,Backpack (medium leather) | Tent 2-man leather | Sleeping furs (light) | Blanket (heavy) | Field rations (basic) x7 | Waterskin (1 gal) x2 | Canteen (1 pt) | Lantern (hooded) | Rope (standard 50') | Hammer + 10 pitons | Flint & steel | Tinderbox | Cloak (wool hooded) | Boots (normal leather) | Gloves (leather) | Hat (leather),-6.48,YES,Théurgique,Magie Blanche,-3,-3,0,-3,3,159.2,63.9,-1,-3,2,-5,2,-3,3,0,-5,0,Aucun,2026-05-31 23:48:00
CH-00078,Human,Chondathan,Sword Coast,Major Port City,Groupe1_Cote_des_Epees,Open Land Navigation | Plains Tracking,Poison Lore & Subtle Application | Urban Stealth & Shadowing | Streetwise (Urban Underworld) | City Secrets & Hidden Routes | Forgery of Documents & Seals | Smuggling Networks,Major Cities & Regions | Genasi & Elemental Peoples | Political Currents & Rivalries | History of the Realms,Poison Lore & Application | Weaving & Spinning,Chessentan | Chondathan,Chessentan | Chondathan | Turmish,117,293.4,universal_standard,Aucune,0,0,0,,,0,5,Belt (leather) + Belt pouch (large) | Map case + blank regional map | Lamp oil (flacon) x3 | Grappling hook | 10' pole | Crowbar (standard) | Bâton de marche / Walking Staff,Backpack (medium leather) | Tent 2-man leather | Sleeping furs (light) | Blanket (heavy) | Field rations (basic) x7 | Waterskin (1 gal) x2 | Canteen (1 pt) | Lantern (hooded) | Rope (standard 50') | Hammer + 10 pitons | Flint & steel | Tinderbox | Cloak (wool hooded) | Boots (normal leather) | Gloves (leather) | Hat (leather),14.98,NO,None,,3,3,3,1,-1,159.0,71.0,-1,9,-1,2,3,7,7,4,8,-1,Aucun,2026-05-31 23:48:00
CH-00079,Human,Tethyrian,Baldur's Gate,Large Town,Groupe1_Cote_des_Epees,Advanced Tracking | Storm and Seasickness Mastery,Streetwise (Urban Underworld) | Urban Stealth & Shadowing | Sleight of Hand & Cheating,Ruins & Major Archaeological Sites | Political Currents & Rivalries,Weapons & Armor Smithing | Masonry | Sail & Rope Making,Tethyrian,Chondathan | Illuskan | Tethyrian,171,293.4,universal_standard,Aucune,0,0,0,,,0,10,Belt (leather) + Belt pouch (large) | Map case + blank regional map | Lamp oil (flacon) x3 | Grappling hook | 10' pole | Crowbar (standard) | Bâton de marche / Walking Staff,Backpack (medium leather) | Tent 2-man leather | Sleeping furs (light) | Blanket (heavy) | Field rations (basic) x7 | Waterskin (1 gal) x2 | Canteen (1 pt) | Lantern (hooded) | Rope (standard 50') | Hammer + 10 pitons | Flint & steel | Tinderbox | Cloak (wool hooded) | Boots (normal leather) | Gloves (leather) | Hat (leather),-8.1,YES,Théurgique,Magie Verte,-2,-3,-3,-3,4,171.0,67.4,0,1,-3,-9,1,-6,6,0,-5,-6,Aucun,2026-05-31 23:48:00
CH-00080,Human,Tethyrian,Tethyr,Fortified City,Groupe2_Sud_Marchand,Open Land Navigation | Weather Reading | Wild Plant Foraging | Forest Stealth,Information Brokerage | Disguise & Impersonation,Local Folklore & Legends | Secret Organizations | Geography of Faerûn | Spellplague & Its Aftermath,Masonry | Carpentry & Woodworking,Chondathan | Thorass,Chondathan | Cormyrian | Lantanna | Tethyrian,104,293.4,universal_standard,Aucune,0,0,0,,,0,5,Belt (leather) + Belt pouch (large) | Map case + blank regional map | Lamp oil (flacon) x3 | Grappling hook | 10' pole | Crowbar (standard) | Bâton de marche / Walking Staff,Backpack (medium leather) | Tent 2-man leather | Sleeping furs (light) | Blanket (heavy) | Field rations (basic) x7 | Waterskin (1 gal) x2 | Canteen (1 pt) | Lantern (hooded) | Rope (standard 50') | Hammer + 10 pitons | Flint & steel | Tinderbox | Cloak (wool hooded) | Boots (normal leather) | Gloves (leather) | Hat (leather),-4.86,YES,Théurgique,Magie Blanche,-2,-2,-2,0,5,178.8,71.0,1,-3,2,-4,-1,-3,-2,-6,-5,0,Aucun,2026-05-31 23:48:00
CH-00081,Human,Chondathan,Western Heartlands,Isolated Farmstead,Groupe3_Coeur_Continental,Deep-Sea Fishing | Plains Tracking | Total Darkness Navigation | Advanced Tracking | Open Land Navigation | Battlefield Riding,,"Major Cities & Regions | Festivals, Calendars & Traditions | Ancient Realms (Netheril, Imaskar...)",Cooking (Fine Cuisine),Chondathan,Chondathan | Illuskan | Turmish,50,293.4,universal_standard,Aucune,0,0,0,,,0,0,Belt (leather) + Belt pouch (large) | Map case + blank regional map | Lamp oil (flacon) x3 | Grappling hook | 10' pole | Crowbar (standard) | Bâton de marche / Walking Staff,Backpack (medium leather) | Tent 2-man leather | Sleeping furs (light) | Blanket (heavy) | Field rations (basic) x7 | Waterskin (1 gal) x2 | Canteen (1 pt) | Lantern (hooded) | Rope (standard 50') | Hammer + 10 pitons | Flint & steel | Tinderbox | Cloak (wool hooded) | Boots (normal leather) | Gloves (leather) | Hat (leather),-7.42,YES,Théurgique,Magie Verte,-2,-3,-1,-4,5,156.3,63.9,-2,3,-5,-5,2,-2,-4,-3,0,-7,Aucun,2026-05-31 23:48:00
CH-00082,Human,Uthgardt,Spine of the World,Farming Hamlet,Groupe3_Coeur_Continental,Plains Tracking | Battlefield Riding | Field Weapon Maintenance | Advanced Tracking | Marsh Disease Resistance,,Religious Cults & Orders | Fall of Myth Drannor | Local Folklore & Legends,Masonry,Uthgardt,Géant | Illuskan | Uthgardt,17,293.4,universal_standard,Aucune,0,0,0,,,0,2,Belt (leather) + Belt pouch (large) | Map case + blank regional map | Lamp oil (flacon) x3 | Grappling hook | 10' pole | Crowbar (standard) | Bâton de marche / Walking Staff,Backpack (medium leather) | Tent 2-man leather | Sleeping furs (light) | Blanket (heavy) | Field rations (basic) x7 | Waterskin (1 gal) x2 | Canteen (1 pt) | Lantern (hooded) | Rope (standard 50') | Hammer + 10 pitons | Flint & steel | Tinderbox | Cloak (wool hooded) | Boots (normal leather) | Gloves (leather) | Hat (leather),3.6,NO,None,,1,0,1,1,11,178.6,78.9,1,-4,3,0,1,-2,-2,4,-5,3,Aucun,2026-05-31 23:48:00
CH-00083,Human,Calishite,Calimshan,Metropolis,Groupe2_Sud_Marchand,Wild Plant Foraging,Criminal Organizations & Syndicates | Noble Houses & Court Intrigue | Lockpicking and Trap Disarming | Sleight of Hand & Cheating | Lockpicking and Trap Disarming | Streetwise (Urban Underworld),Court Etiquette & Protocol | Spellplague & Its Aftermath | Local Folklore & Legends | Nobility & Heraldry,Jewelry & Goldsmithing,Chondathan | Thorass,Chondathan | Infernal | Mulhorandi,212,293.4,universal_standard,Aucune,0,0,0,,,0,260,Belt (leather) + Belt pouch (large) | Map case + blank regional map | Lamp oil (flacon) x3 | Grappling hook | 10' pole | Crowbar (standard) | Bâton de marche / Walking Staff,Backpack (medium leather) | Tent 2-man leather | Sleeping furs (light) | Blanket (heavy) | Field rations (basic) x7 | Waterskin (1 gal) x2 | Canteen (1 pt) | Lantern (hooded) | Rope (standard 50') | Hammer + 10 pitons | Flint & steel | Tinderbox | Cloak (wool hooded) | Boots (normal leather) | Gloves (leather) | Hat (leather),8.9,NO,None,,-2,0,5,1,1,165.0,60.6,-1,1,4,5,3,2,5,4,5,5,Aucun,2026-05-31 23:48:00
CH-00084,Human,Damaran,Moonsea,Small Town,Groupe4_Vilhon_Est,Technical Rock Climbing | Mountain Endurance | Complex Terrain Navigation,Black Market Operations | Criminal Organizations & Syndicates | Urban Stealth & Shadowing | City Secrets & Hidden Routes,Elven Culture | Trade Routes & Commerce | Major Cities & Regions,Cabinetmaking & Marquetry | Cartography | Herbalism & Potion Brewing,Thorass,Chondathan | Druidic | Thorass,74,293.4,universal_standard,Aucune,0,0,0,,,0,0,Belt (leather) + Belt pouch (large) | Map case + blank regional map | Lamp oil (flacon) x3 | Grappling hook | 10' pole | Crowbar (standard) | Bâton de marche / Walking Staff,Backpack (medium leather) | Tent 2-man leather | Sleeping furs (light) | Blanket (heavy) | Field rations (basic) x7 | Waterskin (1 gal) x2 | Canteen (1 pt) | Lantern (hooded) | Rope (standard 50') | Hammer + 10 pitons | Flint & steel | Tinderbox | Cloak (wool hooded) | Boots (normal leather) | Gloves (leather) | Hat (leather),2.64,NO,None,,1,0,2,-1,13,170.7,78.9,0,-2,0,-1,3,2,-5,-3,-4,-1,Aucun,2026-05-31 23:48:00
CH-00085,Human,Turami,Chondath,Fishing Village,Groupe4_Vilhon_Est,Littoral Foraging | River Crossing | Oceanic Navigation,Black Market Operations,"Orc & Goblinoid Culture | Court Etiquette & Protocol | Gnomish Culture | Festivals, Calendars & Traditions",Accounting & Estate Management,Infernal | Turami,Infernal | Turami,54,293.4,universal_standard,Aucune,0,0,0,,,0,0,Belt (leather) + Belt pouch (large) | Map case + blank regional map | Lamp oil (flacon) x3 | Grappling hook | 10' pole | Crowbar (standard) | Bâton de marche / Walking Staff,Backpack (medium leather) | Tent 2-man leather | Sleeping furs (light) | Blanket (heavy) | Field rations (basic) x7 | Waterskin (1 gal) x2 | Canteen (1 pt) | Lantern (hooded) | Rope (standard 50') | Hammer + 10 pitons | Flint & steel | Tinderbox | Cloak (wool hooded) | Boots (normal leather) | Gloves (leather) | Hat (leather),1.0,NO,None,,1,0,0,0,10,164.8,71.0,-1,0,4,-1,0,1,-2,8,-1,3,Aucun,2026-05-31 23:48:00
CH-00086,Human,Chondathan,Sembia,Smuggler's Port,Groupe2_Sud_Marchand,Forced March Endurance | Open Land Navigation | Weather Reading | Wild Plant Foraging | Advanced Tracking,Urban Stealth & Shadowing,Laws & Customs of Nations | Court Etiquette & Protocol | Gnomish Culture | Guilds & Organizations,Viticulture & Winemaking | Architecture,Turmish | Chondathan,Chondathan | Thorass | Turmish,160,293.4,universal_standard,Aucune,0,0,0,,,0,15,Belt (leather) + Belt pouch (large) | Map case + blank regional map | Lamp oil (flacon) x3 | Grappling hook | 10' pole | Crowbar (standard) | Bâton de marche / Walking Staff,Backpack (medium leather) | Tent 2-man leather | Sleeping furs (light) | Blanket (heavy) | Field rations (basic) x7 | Waterskin (1 gal) x2 | Canteen (1 pt) | Lantern (hooded) | Rope (standard 50') | Hammer + 10 pitons | Flint & steel | Tinderbox | Cloak (wool hooded) | Boots (normal leather) | Gloves (leather) | Hat (leather),35.1,NO,None,,6,5,1,6,-5,193.4,92.4,3,2,4,9,-2,2,4,13,4,7,Aucun,2026-05-31 23:48:00
CH-00087,Human,Rashemi,Rashemen,Forest Village,Groupe10_Rashemen,Wild Plant Foraging | Complex Terrain Navigation | Marsh Movement,Urban Stealth & Shadowing,Astronomy & Star Navigation | Guilds & Organizations | Political Currents & Rivalries | Local Folklore & Legends,Beekeeping | Rare Dye Making | Poison Lore & Application,Rashemi,Rashemi | Thayan,45,293.4,universal_standard,Aucune,0,0,0,,,0,0,Belt (leather) + Belt pouch (large) | Map case + blank regional map | Lamp oil (flacon) x3 | Grappling hook | 10' pole | Crowbar (standard) | Bâton de marche / Walking Staff,Backpack (medium leather) | Tent 2-man leather | Sleeping furs (light) | Blanket (heavy) | Field rations (basic) x7 | Waterskin (1 gal) x2 | Canteen (1 pt) | Lantern (hooded) | Rope (standard 50') | Hammer + 10 pitons | Flint & steel | Tinderbox | Cloak (wool hooded) | Boots (normal leather) | Gloves (leather) | Hat (leather),13.62,NO,None,,4,3,1,1,4,176.9,87.7,1,3,-3,5,0,8,2,3,3,-2,Aucun,2026-05-31 23:48:00
CH-00088,Human,Rashemi,Aglarond,Logging Camp,Groupe4_Vilhon_Est,Shelter Construction | Advanced Tracking | Marsh Movement,Disguise & Impersonation | Criminal Organizations & Syndicates,History of Magic | Astronomy & Star Navigation,Masonry | Carpentry & Woodworking,None,Aglarondan | Mulhorandi | Rashemi,49,293.4,universal_standard,Aucune,0,0,0,,,0,0,Belt (leather) + Belt pouch (large) | Map case + blank regional map | Lamp oil (flacon) x3 | Grappling hook | 10' pole | Crowbar (standard) | Bâton de marche / Walking Staff,Backpack (medium leather) | Tent 2-man leather | Sleeping furs (light) | Blanket (heavy) | Field rations (basic) x7 | Waterskin (1 gal) x2 | Canteen (1 pt) | Lantern (hooded) | Rope (standard 50') | Hammer + 10 pitons | Flint & steel | Tinderbox | Cloak (wool hooded) | Boots (normal leather) | Gloves (leather) | Hat (leather),-3.16,YES,Arcanique,Magicien,1,-1,-3,-1,3,183.4,83.2,2,-2,-4,-1,-1,-2,2,-7,-4,-5,Aucun,2026-05-31 23:48:00
CH-00089,Human,Tethyrian,Baldur's Gate,Small Town,Groupe1_Cote_des_Epees,Storm and Seasickness Mastery,Streetwise (Urban Underworld) | Fences and Buyers Network | Guild Knowledge & Politics,"Ancient Realms (Netheril, Imaskar...) | Political Currents & Rivalries | Lost Kingdoms & Cities",Locksmithing & Mechanisms | Masonry,Sembian,Chondathan | Sembian | Tethyrian,157,293.4,universal_standard,Aucune,0,0,0,,,0,35,Belt (leather) + Belt pouch (large) | Map case + blank regional map | Lamp oil (flacon) x3 | Grappling hook | 10' pole | Crowbar (standard) | Bâton de marche / Walking Staff,Backpack (medium leather) | Tent 2-man leather | Sleeping furs (light) | Blanket (heavy) | Field rations (basic) x7 | Waterskin (1 gal) x2 | Canteen (1 pt) | Lantern (hooded) | Rope (standard 50') | Hammer + 10 pitons | Flint & steel | Tinderbox | Cloak (wool hooded) | Boots (normal leather) | Gloves (leather) | Hat (leather),4.64,NO,None,,1,1,2,0,7,166.2,74.8,0,0,2,1,2,9,0,4,0,2,Aucun,2026-05-31 23:48:00
CH-00090,Elf,Wood Elf,Cormanthor,Elven Enclave,Groupe3_Coeur_Continental,Forest Stealth | Wild Plant Foraging | Shelter Construction,Disguise & Impersonation | Urban Stealth & Shadowing | Urban Observation and Tailing | Urban Observation and Tailing | Disguise & Impersonation,Trade Routes & Commerce | Spellplague & Its Aftermath | Local Folklore & Legends | Laws & Customs of Nations,Carpentry & Woodworking | Herbalism & Potion Brewing | Smithing & Metallurgy,Sylvestre,Druidic | Elfique | Sylvestre,45,293.4,universal_standard,Aucune,0,0,0,,,0,0,Belt (leather) + Belt pouch (large) | Map case + blank regional map | Lamp oil (flacon) x3 | Grappling hook | 10' pole | Crowbar (standard) | Bâton de marche / Walking Staff,Backpack (medium leather) | Tent 2-man leather | Sleeping furs (light) | Blanket (heavy) | Field rations (basic) x7 | Waterskin (1 gal) x2 | Canteen (1 pt) | Lantern (hooded) | Rope (standard 50') | Hammer + 10 pitons | Flint & steel | Tinderbox | Cloak (wool hooded) | Boots (normal leather) | Gloves (leather) | Hat (leather),-9.18,YES,Théurgique,Magie Blanche,-8,-5,-3,-4,2,151.1,49.1,-2,-2,0,-4,-1,2,2,1,-1,-2,Transe + Immunité sommeil + VN (N2),2026-05-31 23:48:00
CH-00091,Dwarf,Gold Dwarf,Great Rift,Mountain Village,Groupe6_Bloc_Nain,Advanced Tracking | Wild Plant Foraging | Underground Navigation | Complex Terrain Navigation | Technical Rock Climbing,Urban Stealth & Shadowing,Fey & Feywild Knowledge | Local Folklore & Legends,Animal Husbandry & Training | Preservation & Salting | Navigation (Land & Sea),Nain,Nain,42,293.4,universal_standard,Aucune,0,0,0,,,0,0,Belt (leather) + Belt pouch (large) | Map case + blank regional map | Lamp oil (flacon) x3 | Grappling hook | 10' pole | Crowbar (standard) | Bâton de marche / Walking Staff,Backpack (medium leather) | Tent 2-man leather | Sleeping furs (light) | Blanket (heavy) | Field rations (basic) x7 | Waterskin (1 gal) x2 | Canteen (1 pt) | Lantern (hooded) | Rope (standard 50') | Hammer + 10 pitons | Flint & steel | Tinderbox | Cloak (wool hooded) | Boots (normal leather) | Gloves (leather) | Hat (leather),-4.53,YES,Théurgique,Magie Verte,1,-2,-2,-8,-2,119.3,63.9,-7,-1,0,1,-2,2,5,-9,0,0,Vision dans le noir + Robustesse naine,2026-05-31 23:48:00
CH-00092,Dwarf,Shield Dwarf,Silver Marches (Luruar),Remote Trading Post,Groupe7_Marches_Argent,Advanced Tracking | Underground Navigation | Complex Terrain Navigation | Wild Plant Foraging,,History of Imaskar | Spellplague & Its Aftermath | History of the Realms | Laws & Customs of Nations,Navigation (Land & Sea) | Glassworking,Illuskan,Géant | Illuskan | Nain,36,293.4,universal_standard,Aucune,0,0,0,,,0,0,Belt (leather) + Belt pouch (large) | Map case + blank regional map | Lamp oil (flacon) x3 | Grappling hook | 10' pole | Crowbar (standard) | Bâton de marche / Walking Staff,Backpack (medium leather) | Tent 2-man leather | Sleeping furs (light) | Blanket (heavy) | Field rations (basic) x7 | Waterskin (1 gal) x2 | Canteen (1 pt) | Lantern (hooded) | Rope (standard 50') | Hammer + 10 pitons | Flint & steel | Tinderbox | Cloak (wool hooded) | Boots (normal leather) | Gloves (leather) | Hat (leather),-5.75,YES,Arcanique,Magicien,-1,-2,-2,-6,-2,124.8,63.9,-6,-7,3,6,-4,2,4,-8,-2,5,Vision dans le noir + Robustesse naine,2026-05-31 23:48:00
CH-00093,Human,Damaran,The Cold Lands,Logging Camp,Groupe3_Coeur_Continental,Extreme Cold Resistance | Technical Rock Climbing | Complex Terrain Navigation | Mountain Endurance,Disguise & Impersonation,"History of Imaskar | Dwarven Culture | Laws & Customs of Nations | Festivals, Calendars & Traditions",Glassworking | Leatherworking & Tanning | Accounting & Estate Management,Chondathan | Thorass,Chondathan,19,293.4,universal_standard,Aucune,0,0,0,,,0,0,Belt (leather) + Belt pouch (large) | Map case + blank regional map | Lamp oil (flacon) x3 | Grappling hook | 10' pole | Crowbar (standard) | Bâton de marche / Walking Staff,Backpack (medium leather) | Tent 2-man leather | Sleeping furs (light) | Blanket (heavy) | Field rations (basic) x7 | Waterskin (1 gal) x2 | Canteen (1 pt) | Lantern (hooded) | Rope (standard 50') | Hammer + 10 pitons | Flint & steel | Tinderbox | Cloak (wool hooded) | Boots (normal leather) | Gloves (leather) | Hat (leather),14.8,NO,None,,5,2,2,0,8,173.7,87.7,0,-1,4,-2,2,4,-3,-1,-4,3,Aucun,2026-05-31 23:48:00
CH-00094,Human,Chondathan,Vilhon Reach,Large Town,Groupe4_Vilhon_Est,Plains Tracking | Battlefield Riding | Open Land Navigation,Streetwise (Urban Underworld) | Guild Knowledge & Politics | Urban Stealth & Shadowing | Black Market Operations,Political Currents & Rivalries | History of Netheril | History of Magic,Stone & Wood Carving | Weapons & Armor Smithing,Chondathan,Chondathan | Cormyrian | Thorass,109,293.4,universal_standard,Aucune,0,0,0,,,0,0,Belt (leather) + Belt pouch (large) | Map case + blank regional map | Lamp oil (flacon) x3 | Grappling hook | 10' pole | Crowbar (standard) | Bâton de marche / Walking Staff,Backpack (medium leather) | Tent 2-man leather | Sleeping furs (light) | Blanket (heavy) | Field rations (basic) x7 | Waterskin (1 gal) x2 | Canteen (1 pt) | Lantern (hooded) | Rope (standard 50') | Hammer + 10 pitons | Flint & steel | Tinderbox | Cloak (wool hooded) | Boots (normal leather) | Gloves (leather) | Hat (leather),22.29,NO,None,,6,4,-2,3,2,181.7,87.7,1,4,4,-1,-2,-5,2,4,0,3,Aucun,2026-05-31 23:48:00
CH-00095,Dwarf,Shield Dwarf,Citadel Adbar,Mountain Village,Groupe6_Bloc_Nain,Complex Terrain Navigation | Extreme Cold Resistance | Underground Navigation | Hermetic Medicine | Mountain Endurance,,"Major Religions & Deities | Halfling Culture | Cosmology (Weave, Shadow Weave)",Dyeing & Textile Coloring,Nain,Nain,37,293.4,universal_standard,Aucune,0,0,0,,,0,0,Belt (leather) + Belt pouch (large) | Map case + blank regional map | Lamp oil (flacon) x3 | Grappling hook | 10' pole | Crowbar (standard) | Bâton de marche / Walking Staff,Backpack (medium leather) | Tent 2-man leather | Sleeping furs (light) | Blanket (heavy) | Field rations (basic) x7 | Waterskin (1 gal) x2 | Canteen (1 pt) | Lantern (hooded) | Rope (standard 50') | Hammer + 10 pitons | Flint & steel | Tinderbox | Cloak (wool hooded) | Boots (normal leather) | Gloves (leather) | Hat (leather),9.78,NO,None,,3,2,2,-3,1,127.1,63.9,-6,5,4,4,0,7,2,5,7,5,Vision dans le noir + Robustesse naine,2026-05-31 23:48:00
CH-00096,Human,Tethyrian,Western Heartlands,Remote Trading Post,Groupe3_Coeur_Continental,Plains Tracking | Forest Stealth | Advanced Tracking | Total Darkness Navigation | Extreme Cold Resistance,,History of Netheril | Nobility & Heraldry | Weave Theory,Bone & Ivory Carving | Carpentry & Woodworking,Tethyrian,Illuskan | Sembian | Tethyrian,52,293.4,universal_standard,Aucune,0,0,0,,,0,20,Belt (leather) + Belt pouch (large) | Map case + blank regional map | Lamp oil (flacon) x3 | Grappling hook | 10' pole | Crowbar (standard) | Bâton de marche / Walking Staff,Backpack (medium leather) | Tent 2-man leather | Sleeping furs (light) | Blanket (heavy) | Field rations (basic) x7 | Waterskin (1 gal) x2 | Canteen (1 pt) | Lantern (hooded) | Rope (standard 50') | Hammer + 10 pitons | Flint & steel | Tinderbox | Cloak (wool hooded) | Boots (normal leather) | Gloves (leather) | Hat (leather),5.04,NO,None,,1,1,-2,3,9,185.3,71.0,2,3,5,-4,-1,-5,-1,4,0,3,Aucun,2026-05-31 23:48:00
CH-00097,Human,Calishite,Amn,Major Trade City,Groupe2_Sud_Marchand,,Fences and Buyers Network | Guild Knowledge & Politics | Disguise & Impersonation | Urban Stealth & Shadowing,Halfling Culture | Geography of Faerûn | Major Cities & Regions | Dragon Lore,Beekeeping,Calishite | Thorass,Calishite | Lantanna,134,293.4,universal_standard,Aucune,0,0,0,,,0,0,Belt (leather) + Belt pouch (large) | Map case + blank regional map | Lamp oil (flacon) x3 | Grappling hook | 10' pole | Crowbar (standard) | Bâton de marche / Walking Staff,Backpack (medium leather) | Tent 2-man leather | Sleeping furs (light) | Blanket (heavy) | Field rations (basic) x7 | Waterskin (1 gal) x2 | Canteen (1 pt) | Lantern (hooded) | Rope (standard 50') | Hammer + 10 pitons | Flint & steel | Tinderbox | Cloak (wool hooded) | Boots (normal leather) | Gloves (leather) | Hat (leather),-3.16,YES,Théurgique,Magie Blanche,-1,0,-3,0,-3,163.5,63.9,-1,5,0,1,-3,-1,2,6,5,0,Aucun,2026-05-31 23:48:00
CH-00098,Human,Mulan,Inner Sea (Sea of Fallen Stars),Lake Village,Groupe3_Coeur_Continental,Weather Reading | Trapping and Snaring | Desert Thermal Endurance | Marsh Disease Resistance | Marsh Movement | Wild Plant Foraging,,"Secret Organizations | History of Magic | Festivals, Calendars & Traditions | History of the Realms",Accounting & Estate Management | Animal Husbandry & Training,Chessentan | Mulhorandi,Chessentan | Chondathan | Mulhorandi,50,293.4,universal_standard,Aucune,0,0,0,,,0,0,Belt (leather) + Belt pouch (large) | Map case + blank regional map | Lamp oil (flacon) x3 | Grappling hook | 10' pole | Crowbar (standard) | Bâton de marche / Walking Staff,Backpack (medium leather) | Tent 2-man leather | Sleeping furs (light) | Blanket (heavy) | Field rations (basic) x7 | Waterskin (1 gal) x2 | Canteen (1 pt) | Lantern (hooded) | Rope (standard 50') | Hammer + 10 pitons | Flint & steel | Tinderbox | Cloak (wool hooded) | Boots (normal leather) | Gloves (leather) | Hat (leather),-1.0,NO,None,,-1,0,1,-1,7,162.0,63.9,-1,7,-3,1,2,-1,1,2,7,-3,Aucun,2026-05-31 23:48:00
CH-00099,Human,Calishite,Calimshan,Major Trade City,Groupe2_Sud_Marchand,Wild Plant Foraging | Desert Water Mastery,Guild Knowledge & Politics | Information Brokerage | Urban Observation and Tailing | City Secrets & Hidden Routes | Lockpicking and Trap Disarming | Forgery of Documents & Seals,Local Folklore & Legends | History of the Realms | Court Etiquette & Protocol,Carpentry & Woodworking | Rare Dye Making,Halruaan,Halruaan | Mulhorandi,155,293.4,universal_standard,Aucune,0,0,0,,,0,15,Belt (leather) + Belt pouch (large) | Map case + blank regional map | Lamp oil (flacon) x3 | Grappling hook | 10' pole | Crowbar (standard) | Bâton de marche / Walking Staff,Backpack (medium leather) | Tent 2-man leather | Sleeping furs (light) | Blanket (heavy) | Field rations (basic) x7 | Waterskin (1 gal) x2 | Canteen (1 pt) | Lantern (hooded) | Rope (standard 50') | Hammer + 10 pitons | Flint & steel | Tinderbox | Cloak (wool hooded) | Boots (normal leather) | Gloves (leather) | Hat (leather),4.07,NO,None,,-7,-3,6,-3,8,160.7,60.6,-1,-6,-6,10,4,5,-1,-1,2,-3,Aucun,2026-05-31 23:48:00
CH-00100,Human,Chondathan,Vilhon Reach,Large Town,Groupe4_Vilhon_Est,Open Land Navigation,Streetwise (Urban Underworld) | City Secrets & Hidden Routes | Guild Knowledge & Politics,Trade Routes & Commerce | Geography of Faerûn | Magical Schools & Traditions,Glassworking | Bookbinding | Locksmithing & Mechanisms,Thorass,Chondathan | Cormyrian,110,293.4,universal_standard,Aucune,0,0,0,,,0,0,Belt (leather) + Belt pouch (large) | Map case + blank regional map | Lamp oil (flacon) x3 | Grappling hook | 10' pole | Crowbar (standard) | Bâton de marche / Walking Staff,Backpack (medium leather) | Tent 2-man leather | Sleeping furs (light) | Blanket (heavy) | Field rations (basic) x7 | Waterskin (1 gal) x2 | Canteen (1 pt) | Lantern (hooded) | Rope (standard 50') | Hammer + 10 pitons | Flint & steel | Tinderbox | Cloak (wool hooded) | Boots (normal leather) | Gloves (leather) | Hat (leather),-6.25,YES,Théurgique,Magie Verte,-3,-1,-5,0,2,172.6,63.9,0,0,0,3,-6,-6,-3,-4,2,1,Aucun,2026-05-31 23:48:00
