ID,Race,Ethnicity,Origin_Region,Settlement_Type,Equipment_Group,Outdoor_Skills,Urban_Skills,Knowledge,Craft,Literacy,Spoken_Languages,Starting_Capital,Starting_Equipment_Cost_BP,Starting_Equipment_Kit_Type,Post_Kit_Tier,Post_Kit_Tier_Name,Post_Kit_Purchases,Post_Kit_Total_Spent_BP,Final_Pocket_Money_BP,Armes_et_Armures,Autre_Equipement,Combat_Points,Magic,Magic_Type,Magic_Subtype,Grappling,Melee,Projectiles,Fencing,Skill_Modifier,Height_cm,Weight_kg,Size_Score,Balance,Quickness,Coordination,Precision,Endurance,Vigilance,Beauty,Stealth,Speed,Special,Generation_Date
CH-00001,Human,Calishite,Calimshan,Metropolis,Groupe2_Sud_Marchand,Open Land Navigation,Black Market Operations | Streetwise (Urban Underworld) | Streetwise (Urban Underworld) | Urban Observation and Tailing | Criminal Organizations & Syndicates | Black Market Operations,Gnomish Culture | Ruins & Major Archaeological Sites | Geography of Faerûn | Laws & Customs of Nations,Stone & Wood Carving | Candle & Soap Making | Lens Making & Optics,Chondathan | Mulhorandi,Chondathan | Halruaan | Mulhorandi | Tashalan,4479,293.4,universal_standard,3,Wealthy,Destrier (quality) | Simple Breastplate | Longbow | Rouncey | Quiver,4290.0,189,Belt (leather) + Belt pouch (large) | Map case + blank regional map | Lamp oil (flacon) x3 | Grappling hook | 10' pole | Crowbar (standard) | Bâton de marche / Walking Staff | Destrier (quality) | Simple Breastplate | Longbow | Quiver,Backpack (medium leather) | Tent 2-man leather | Sleeping furs (light) | Blanket (heavy) | Field rations (basic) x7 | Waterskin (1 gal) x2 | Canteen (1 pt) | Lantern (hooded) | Rope (standard 50') | Hammer + 10 pitons | Flint & steel | Tinderbox | Cloak (wool hooded) | Boots (normal leather) | Gloves (leather) | Hat (leather) | Rouncey,2.64,NO,None,,1,0,2,-1,8,152.1,67.4,-2,0,6,-4,3,-1,0,-4,-2,4,Aucun,2026-05-28 13:35:34
CH-00002,Human,Illuskan,Neverwinter,Small Town,Groupe1_Cote_des_Epees,Oceanic Navigation | Deep-Sea Fishing,Temple Politics & Religious Intrigue | Lockpicking and Trap Disarming | Guild Knowledge & Politics,"History of the Realms | Religious Cults & Orders | Cosmology (Weave, Shadow Weave) | Major Cities & Regions",Smithing & Metallurgy | Cabinetmaking & Marquetry,Illuskan,Illuskan,750,293.4,universal_standard,1,Modest,Plackart,400.0,350,Belt (leather) + Belt pouch (large) | Map case + blank regional map | Lamp oil (flacon) x3 | Grappling hook | 10' pole | Crowbar (standard) | Bâton de marche / Walking Staff | Plackart,Backpack (medium leather) | Tent 2-man leather | Sleeping furs (light) | Blanket (heavy) | Field rations (basic) x7 | Waterskin (1 gal) x2 | Canteen (1 pt) | Lantern (hooded) | Rope (standard 50') | Hammer + 10 pitons | Flint & steel | Tinderbox | Cloak (wool hooded) | Boots (normal leather) | Gloves (leather) | Hat (leather),2.18,NO,None,,4,-1,-3,-2,14,200.2,108.2,3,-5,-5,-8,1,-2,9,-9,-13,-8,Aucun,2026-05-28 13:35:34
CH-00003,Dwarf,Shield Dwarf,Citadel Adbar,Underdark City,Groupe6_Bloc_Nain,Technical Rock Climbing | Mountain Endurance | Hermetic Medicine,Guild Knowledge & Politics | Urban Stealth & Shadowing | Disguise & Impersonation | Streetwise (Urban Underworld) | Disguise & Impersonation | Temple Politics & Religious Intrigue,Geography of Faerûn | Major Religions & Deities | Fall of Myth Drannor | Court Etiquette & Protocol,Masonry,Undercommon | Nain,Nain | Undercommon,1035,293.4,universal_standard,1,Modest,Padded Jack,850.0,185,Belt (leather) + Belt pouch (large) | Map case + blank regional map | Lamp oil (flacon) x3 | Grappling hook | 10' pole | Crowbar (standard) | Bâton de marche / Walking Staff | Padded Jack,Backpack (medium leather) | Tent 2-man leather | Sleeping furs (light) | Blanket (heavy) | Field rations (basic) x7 | Waterskin (1 gal) x2 | Canteen (1 pt) | Lantern (hooded) | Rope (standard 50') | Hammer + 10 pitons | Flint & steel | Tinderbox | Cloak (wool hooded) | Boots (normal leather) | Gloves (leather) | Hat (leather),2.48,NO,None,,2,0,0,-3,9,136.5,71.0,-4,-6,9,1,-2,7,-4,4,-5,9,Vision dans le noir + Robustesse naine,2026-05-28 13:35:34
CH-00004,Human,Chondathan,Chondath,Small Town,Groupe4_Vilhon_Est,Littoral Foraging | Oceanic Navigation | Coastal Survival,Urban Observation and Tailing | Streetwise (Urban Underworld) | Lockpicking and Trap Disarming | Information Brokerage,Ruins & Major Archaeological Sites | Court Etiquette & Protocol | Laws & Customs of Nations,Carpentry & Woodworking,Turmish,Chondathan | Turmish,1795,293.4,universal_standard,2,Comfortable,Kettle hat | Mace | Pike,1060.0,735,Belt (leather) + Belt pouch (large) | Map case + blank regional map | Lamp oil (flacon) x3 | Grappling hook | 10' pole | Crowbar (standard) | Bâton de marche / Walking Staff | Mace | Pike,Backpack (medium leather) | Tent 2-man leather | Sleeping furs (light) | Blanket (heavy) | Field rations (basic) x7 | Waterskin (1 gal) x2 | Canteen (1 pt) | Lantern (hooded) | Rope (standard 50') | Hammer + 10 pitons | Flint & steel | Tinderbox | Cloak (wool hooded) | Boots (normal leather) | Gloves (leather) | Hat (leather) | Kettle hat,24.25,NO,None,,2,3,6,3,-1,185.2,78.9,2,3,0,6,4,3,3,8,5,2,Aucun,2026-05-28 13:35:34
CH-00005,Human,Chondathan,Western Heartlands,Rural Village,Groupe3_Coeur_Continental,Complex Terrain Navigation | Marsh Disease Resistance | Open Land Navigation | Advanced Tracking | Plains Tracking | Total Darkness Navigation,,"Laws & Customs of Nations | Nobility & Heraldry | Lost Kingdoms & Cities | Cosmology (Weave, Shadow Weave)",Clockmaking & Complex Mechanisms | Viticulture & Winemaking | Navigation (Land & Sea),Turmish | Chondathan,Chondathan | Elfique | Turmish,864,293.4,universal_standard,0,None,Buckler,220.0,644,Belt (leather) + Belt pouch (large) | Map case + blank regional map | Lamp oil (flacon) x3 | Grappling hook | 10' pole | Crowbar (standard) | Bâton de marche / Walking Staff | Buckler,Backpack (medium leather) | Tent 2-man leather | Sleeping furs (light) | Blanket (heavy) | Field rations (basic) x7 | Waterskin (1 gal) x2 | Canteen (1 pt) | Lantern (hooded) | Rope (standard 50') | Hammer + 10 pitons | Flint & steel | Tinderbox | Cloak (wool hooded) | Boots (normal leather) | Gloves (leather) | Hat (leather),-3.24,YES,Théurgique,Magie Blanche,-4,-2,2,-2,0,162.1,60.6,-1,0,-1,0,3,-2,1,2,1,-1,Aucun,2026-05-28 13:35:34
CH-00006,Human,Damaran,Silver Marches (Luruar),Isolated Hamlet,Groupe7_Marches_Argent,Mountain Endurance | Technical Rock Climbing | Complex Terrain Navigation,,Local Folklore & Legends | Major Religions & Deities | Political Currents & Rivalries | Court Etiquette & Protocol,Smithing & Metallurgy | Masonry,Damaran | Thorass,Damaran | Reghed,541,293.4,universal_standard,0,None,"Backpack (medium leather) | Lancet, bleeding",6.0,535,"Belt (leather) + Belt pouch (large) | Map case + blank regional map | Lamp oil (flacon) x3 | Grappling hook | 10' pole | Crowbar (standard) | Bâton de marche / Walking Staff | Lancet, bleeding",Backpack (medium leather) | Tent 2-man leather | Sleeping furs (light) | Blanket (heavy) | Field rations (basic) x7 | Waterskin (1 gal) x2 | Canteen (1 pt) | Lantern (hooded) | Rope (standard 50') | Hammer + 10 pitons | Flint & steel | Tinderbox | Cloak (wool hooded) | Boots (normal leather) | Gloves (leather) | Hat (leather) | Backpack (medium leather),7.28,NO,None,,2,1,2,1,7,167.7,78.9,0,-4,4,5,0,6,-2,2,-2,5,Aucun,2026-05-28 13:35:34
CH-00007,Human,Tethyrian,Tethyr,Large Town,Groupe2_Sud_Marchand,Desert Water Mastery | Plains Tracking,Guild Knowledge & Politics | Sleight of Hand & Cheating | Lockpicking and Trap Disarming,Major Cities & Regions | History of the Realms | Geography of Faerûn,Accounting & Estate Management | Sail & Rope Making,Chondathan,Chondathan | Halruaan,2171,293.4,universal_standard,2,Comfortable,Destrier | Tassets longs | Buckler,2000.0,171,Belt (leather) + Belt pouch (large) | Map case + blank regional map | Lamp oil (flacon) x3 | Grappling hook | 10' pole | Crowbar (standard) | Bâton de marche / Walking Staff | Destrier | Tassets longs | Buckler,Backpack (medium leather) | Tent 2-man leather | Sleeping furs (light) | Blanket (heavy) | Field rations (basic) x7 | Waterskin (1 gal) x2 | Canteen (1 pt) | Lantern (hooded) | Rope (standard 50') | Hammer + 10 pitons | Flint & steel | Tinderbox | Cloak (wool hooded) | Boots (normal leather) | Gloves (leather) | Hat (leather),-1.22,NO,None,,-4,-2,3,-2,12,171.0,67.4,0,0,-7,5,3,-1,-3,-2,3,-6,Aucun,2026-05-28 13:35:34
CH-00008,Human,Chondathan,Chondath,Large Town,Groupe4_Vilhon_Est,Dark Water Swimming | River Crossing,Urban Stealth & Shadowing | City Secrets & Hidden Routes | Fences and Buyers Network | Poison Lore & Subtle Application,"Dwarven Culture | Major Cities & Regions | Court Etiquette & Protocol | Festivals, Calendars & Traditions",Carpentry & Woodworking | Glassworking | Weapons & Armor Smithing,Chondathan,Chondathan | Illuskan | Infernal,1970,293.4,universal_standard,1,Modest,Tassets | Tassets longs,730.0,1240,Belt (leather) + Belt pouch (large) | Map case + blank regional map | Lamp oil (flacon) x3 | Grappling hook | 10' pole | Crowbar (standard) | Bâton de marche / Walking Staff | Tassets | Tassets longs,Backpack (medium leather) | Tent 2-man leather | Sleeping furs (light) | Blanket (heavy) | Field rations (basic) x7 | Waterskin (1 gal) x2 | Canteen (1 pt) | Lantern (hooded) | Rope (standard 50') | Hammer + 10 pitons | Flint & steel | Tinderbox | Cloak (wool hooded) | Boots (normal leather) | Gloves (leather) | Hat (leather),-1.0,NO,None,,0,0,-1,0,10,173.9,74.8,0,-2,1,2,-1,-8,2,1,-1,1,Aucun,2026-05-28 13:35:34
CH-00009,Human,Tethyrian,Amn,Large Town,Groupe2_Sud_Marchand,Wild Plant Foraging | Advanced Tracking | Forest Stealth,Black Market Operations | Urban Observation and Tailing | Lockpicking and Trap Disarming,Nobility & Heraldry | Ruins & Major Archaeological Sites | Fall of Myth Drannor | Magical Schools & Traditions,Rare Dye Making,Tethyrian | Chessentan,Chessentan | Tethyrian,2116,293.4,universal_standard,2,Comfortable,Light Crossbow | Plackart | Ranseur | Quiver,1490.0,626,Belt (leather) + Belt pouch (large) | Map case + blank regional map | Lamp oil (flacon) x3 | Grappling hook | 10' pole | Crowbar (standard) | Bâton de marche / Walking Staff | Light Crossbow | Plackart | Ranseur | Quiver,Backpack (medium leather) | Tent 2-man leather | Sleeping furs (light) | Blanket (heavy) | Field rations (basic) x7 | Waterskin (1 gal) x2 | Canteen (1 pt) | Lantern (hooded) | Rope (standard 50') | Hammer + 10 pitons | Flint & steel | Tinderbox | Cloak (wool hooded) | Boots (normal leather) | Gloves (leather) | Hat (leather),-5.26,YES,Arcanique,Magicien,0,-2,-1,-4,5,172.2,83.2,0,-4,-7,1,1,0,-1,4,-5,-7,Aucun,2026-05-28 13:35:34
CH-00010,Human,Tethyrian,Amn,Major Trade City,Groupe2_Sud_Marchand,Forest Stealth | Desert Water Mastery,Forgery of Documents & Seals | Smuggling Networks | Lockpicking and Trap Disarming | Urban Observation and Tailing | Noble Houses & Court Intrigue | Urban Stealth & Shadowing,Guilds & Organizations | Geography of Faerûn | Religious Cults & Orders | Trade Routes & Commerce,Accounting & Estate Management | Heraldry & Lineage | Jewelry & Goldsmithing,Chondathan | Chessentan,Chessentan | Chondathan,3589,293.4,universal_standard,1,Modest,Bevor | Plate chanfron,415.0,3174,Belt (leather) + Belt pouch (large) | Map case + blank regional map | Lamp oil (flacon) x3 | Grappling hook | 10' pole | Crowbar (standard) | Bâton de marche / Walking Staff | Bevor | Plate chanfron,Backpack (medium leather) | Tent 2-man leather | Sleeping furs (light) | Blanket (heavy) | Field rations (basic) x7 | Waterskin (1 gal) x2 | Canteen (1 pt) | Lantern (hooded) | Rope (standard 50') | Hammer + 10 pitons | Flint & steel | Tinderbox | Cloak (wool hooded) | Boots (normal leather) | Gloves (leather) | Hat (leather),-1.51,NO,None,,1,1,-6,0,6,161.8,74.8,-1,-2,1,8,-8,9,2,2,2,3,Aucun,2026-05-28 13:35:34
CH-00011,Gnome,Rock Gnome,Waterdeep,Military Outpost,Groupe1_Cote_des_Epees,Littoral Foraging | Underground Navigation | Technical Rock Climbing | Deep-Sea Fishing,Disguise & Impersonation | Urban Stealth & Shadowing,Laws & Customs of Nations | Spellplague & Its Aftermath | Divine Myths & Legends | Secret Organizations,Architecture,Gnomish,Chondathan | Druidic | Gnomish | Thorass,3184,293.4,universal_standard,3,Wealthy,Longbow | Maille collerette ou manches | Rouncey | Destrier | Tassets | Buckler | Quiver,2880.0,304,Belt (leather) + Belt pouch (large) | Map case + blank regional map | Lamp oil (flacon) x3 | Grappling hook | 10' pole | Crowbar (standard) | Bâton de marche / Walking Staff | Longbow | Maille collerette ou manches | Destrier | Tassets | Buckler | Quiver,Backpack (medium leather) | Tent 2-man leather | Sleeping furs (light) | Blanket (heavy) | Field rations (basic) x7 | Waterskin (1 gal) x2 | Canteen (1 pt) | Lantern (hooded) | Rope (standard 50') | Hammer + 10 pitons | Flint & steel | Tinderbox | Cloak (wool hooded) | Boots (normal leather) | Gloves (leather) | Hat (leather) | Rouncey,10.41,NO,None,,-12,-3,8,-2,-4,118.0,29.0,-7,10,7,5,5,0,-1,5,19,8,Vision nocturne N1,2026-05-28 13:35:34
CH-00012,Human,Tethyrian,Amn,Rural Village,Groupe2_Sud_Marchand,Desert Water Mastery | Forest Stealth | Desert Thermal Endurance | Open Land Navigation | Field Weapon Maintenance | Advanced Tracking,Streetwise (Urban Underworld) | Urban Observation and Tailing,Laws & Customs of Nations | Lost Kingdoms & Cities,Weapons & Armor Smithing | Beekeeping,Thorass,Chessentan | Chondathan | Cormyrian | Thorass,1730,293.4,universal_standard,2,Comfortable,Close Helmet (Maximilian) | Courser,1595.0,135,Belt (leather) + Belt pouch (large) | Map case + blank regional map | Lamp oil (flacon) x3 | Grappling hook | 10' pole | Crowbar (standard) | Bâton de marche / Walking Staff | Close Helmet (Maximilian),Backpack (medium leather) | Tent 2-man leather | Sleeping furs (light) | Blanket (heavy) | Field rations (basic) x7 | Waterskin (1 gal) x2 | Canteen (1 pt) | Lantern (hooded) | Rope (standard 50') | Hammer + 10 pitons | Flint & steel | Tinderbox | Cloak (wool hooded) | Boots (normal leather) | Gloves (leather) | Hat (leather) | Courser,-7.44,YES,Arcanique,Magicien,-3,-4,0,-4,9,170.8,74.8,0,-5,-7,-2,3,-3,-7,0,-6,-8,Aucun,2026-05-28 13:35:34
CH-00013,Human,Chondathan,The Dalelands,Rural Village,Groupe3_Coeur_Continental,Open Land Navigation | Complex Terrain Navigation | Forest Stealth | Plains Tracking | Wild Plant Foraging | Advanced Tracking,,Geography of Faerûn | Dragon Lore | Magical Schools & Traditions | Fall of Myth Drannor,Masonry | Bookbinding,Cormyrian | Chondathan,Chondathan | Cormyrian | Illuskan,1036,293.4,universal_standard,1,Modest,Chain crinet | Grappling hook | Buckler,637.0,399,Belt (leather) + Belt pouch (large) | Map case + blank regional map | Lamp oil (flacon) x3 | Grappling hook | 10' pole | Crowbar (standard) | Bâton de marche / Walking Staff | Chain crinet | Grappling hook | Buckler,Backpack (medium leather) | Tent 2-man leather | Sleeping furs (light) | Blanket (heavy) | Field rations (basic) x7 | Waterskin (1 gal) x2 | Canteen (1 pt) | Lantern (hooded) | Rope (standard 50') | Hammer + 10 pitons | Flint & steel | Tinderbox | Cloak (wool hooded) | Boots (normal leather) | Gloves (leather) | Hat (leather),10.56,NO,None,,2,2,2,2,3,180.2,78.9,1,0,3,2,1,4,8,6,0,3,Aucun,2026-05-28 13:35:34
CH-00014,Human,Illuskan,Luskan,Major Port City,Groupe1_Cote_des_Epees,,Urban Stealth & Shadowing | High Society Manipulation | Urban Stealth & Shadowing | Urban Observation and Tailing | Noble Houses & Court Intrigue | Guild Knowledge & Politics,Major Cities & Regions | Ruins & Major Archaeological Sites | Genasi & Elemental Peoples | Guilds & Organizations,Candle & Soap Making | Clockmaking & Complex Mechanisms,Illuskan | Thorass,Géant | Illuskan | Northlander,1587,293.4,universal_standard,1,Modest,Close Helmet (Maximilian) | Gorget (élevé),900.0,687,Belt (leather) + Belt pouch (large) | Map case + blank regional map | Lamp oil (flacon) x3 | Grappling hook | 10' pole | Crowbar (standard) | Bâton de marche / Walking Staff | Close Helmet (Maximilian) | Gorget (élevé),Backpack (medium leather) | Tent 2-man leather | Sleeping furs (light) | Blanket (heavy) | Field rations (basic) x7 | Waterskin (1 gal) x2 | Canteen (1 pt) | Lantern (hooded) | Rope (standard 50') | Hammer + 10 pitons | Flint & steel | Tinderbox | Cloak (wool hooded) | Boots (normal leather) | Gloves (leather) | Hat (leather),-12.1,YES,Théurgique,Magie Verte,-4,-4,-9,-3,4,175.6,71.0,1,-3,-7,-3,-6,7,7,-13,-5,-8,Aucun,2026-05-28 13:35:34
CH-00015,Human,Chondathan,Vilhon Reach,Fishing Village,Groupe4_Vilhon_Est,Shelter Construction | Advanced Tracking | Weather Reading | Rope Making and Knot Mastery | Game Butchering and Preservation | Open Land Navigation,,Dragon Lore | Nobility & Heraldry | Laws & Customs of Nations,Masonry | Cooking (Fine Cuisine) | Alchemy (Theory & Practice),Illuskan,Chondathan | Cormyrian | Illuskan,1201,293.4,universal_standard,0,None,Buckler,220.0,981,Belt (leather) + Belt pouch (large) | Map case + blank regional map | Lamp oil (flacon) x3 | Grappling hook | 10' pole | Crowbar (standard) | Bâton de marche / Walking Staff | Buckler,Backpack (medium leather) | Tent 2-man leather | Sleeping furs (light) | Blanket (heavy) | Field rations (basic) x7 | Waterskin (1 gal) x2 | Canteen (1 pt) | Lantern (hooded) | Rope (standard 50') | Hammer + 10 pitons | Flint & steel | Tinderbox | Cloak (wool hooded) | Boots (normal leather) | Gloves (leather) | Hat (leather),-2.62,YES,Arcanique,Magicien,-2,-1,1,-1,-4,160.6,63.9,-1,1,-1,1,1,0,9,2,2,-1,Aucun,2026-05-28 13:35:34
CH-00016,Human,Chultan,Dambrath,Forest Village,Groupe3_Coeur_Continental,Marsh Disease Resistance | Coastal Survival | Marsh Movement | Advanced Tracking | Wild Plant Foraging,,Dwarven Culture | Geography of Faerûn | Major Religions & Deities,Heraldry & Lineage | Navigation (Land & Sea) | Taxidermy,Chultan,Chondathan | Chultan | Tashalan,600,293.4,universal_standard,1,Modest,"Rouncey | Lancet, bleeding",452.0,148,"Belt (leather) + Belt pouch (large) | Map case + blank regional map | Lamp oil (flacon) x3 | Grappling hook | 10' pole | Crowbar (standard) | Bâton de marche / Walking Staff | Lancet, bleeding",Backpack (medium leather) | Tent 2-man leather | Sleeping furs (light) | Blanket (heavy) | Field rations (basic) x7 | Waterskin (1 gal) x2 | Canteen (1 pt) | Lantern (hooded) | Rope (standard 50') | Hammer + 10 pitons | Flint & steel | Tinderbox | Cloak (wool hooded) | Boots (normal leather) | Gloves (leather) | Hat (leather) | Rouncey,12.24,NO,None,,4,2,0,2,9,200.4,97.4,3,-1,-2,2,0,7,-4,-1,-3,-2,Aucun,2026-05-28 13:35:34
CH-00017,Human,Chondathan,Vilhon Reach,Major Port City,Groupe4_Vilhon_Est,Plains Tracking | Forced March Endurance | Open Land Navigation,Streetwise (Urban Underworld) | Criminal Organizations & Syndicates | Black Market Operations | City Secrets & Hidden Routes,Nobility & Heraldry | Court Etiquette & Protocol | Religious Cults & Orders | Gnomish Culture,Weaving & Spinning | Mosaic & Fresco Art,Chessentan | Chondathan,Chessentan | Chondathan,2822,293.4,universal_standard,3,Wealthy,War Hammer | Normal shield | Reinforced Gambeson | Destrier,2405.0,417,Belt (leather) + Belt pouch (large) | Map case + blank regional map | Lamp oil (flacon) x3 | Grappling hook | 10' pole | Crowbar (standard) | Bâton de marche / Walking Staff | Normal shield | Reinforced Gambeson | Destrier,Backpack (medium leather) | Tent 2-man leather | Sleeping furs (light) | Blanket (heavy) | Field rations (basic) x7 | Waterskin (1 gal) x2 | Canteen (1 pt) | Lantern (hooded) | Rope (standard 50') | Hammer + 10 pitons | Flint & steel | Tinderbox | Cloak (wool hooded) | Boots (normal leather) | Gloves (leather) | Hat (leather) | War Hammer,-9.51,YES,Sauvage,Magie Rouge,-5,-4,-2,-3,3,160.7,57.5,-1,3,-4,-6,1,0,1,0,0,-6,Aucun,2026-05-28 13:35:34
CH-00018,Human,Tethyrian,Tethyr,Isolated Farmstead,Groupe2_Sud_Marchand,Weather Reading | Wild Plant Foraging | Plains Tracking | Forest Stealth,Guild Knowledge & Politics,"Geography of Faerûn | History of the Realms | Festivals, Calendars & Traditions | Laws & Customs of Nations",Masonry | Bone & Ivory Carving,Thorass,Chondathan | Lantanna | Tethyrian | Thorass,1425,293.4,universal_standard,2,Comfortable,Partisan | Sallet ou Armet (classique) | Buckler,1290.0,135,Belt (leather) + Belt pouch (large) | Map case + blank regional map | Lamp oil (flacon) x3 | Grappling hook | 10' pole | Crowbar (standard) | Bâton de marche / Walking Staff | Partisan | Sallet ou Armet (classique) | Buckler,Backpack (medium leather) | Tent 2-man leather | Sleeping furs (light) | Blanket (heavy) | Field rations (basic) x7 | Waterskin (1 gal) x2 | Canteen (1 pt) | Lantern (hooded) | Rope (standard 50') | Hammer + 10 pitons | Flint & steel | Tinderbox | Cloak (wool hooded) | Boots (normal leather) | Gloves (leather) | Hat (leather),47.88,NO,None,,9,6,4,4,-5,181.6,92.4,1,7,9,-4,4,2,2,4,0,7,Aucun,2026-05-28 13:35:34
CH-00019,Human,Calishite,Calimshan,Major Port City,Groupe2_Sud_Marchand,,Temple Politics & Religious Intrigue | Urban Stealth & Shadowing | City Secrets & Hidden Routes | Information Brokerage | Sleight of Hand & Cheating | City Secrets & Hidden Routes,Dwarven Culture | Guilds & Organizations | Political Currents & Rivalries,Weaving & Spinning | Mosaic & Fresco Art,Halruaan,Calishite | Halruaan | Thorass,3964,293.4,universal_standard,2,Comfortable,"Lamp oil | Camel, riding | Waterskin (5 gal) | Haubergeon / Collerette",2008.0,1956,Belt (leather) + Belt pouch (large) | Map case + blank regional map | Lamp oil (flacon) x3 | Grappling hook | 10' pole | Crowbar (standard) | Bâton de marche / Walking Staff | Lamp oil | Haubergeon / Collerette,"Backpack (medium leather) | Tent 2-man leather | Sleeping furs (light) | Blanket (heavy) | Field rations (basic) x7 | Waterskin (1 gal) x2 | Canteen (1 pt) | Lantern (hooded) | Rope (standard 50') | Hammer + 10 pitons | Flint & steel | Tinderbox | Cloak (wool hooded) | Boots (normal leather) | Gloves (leather) | Hat (leather) | Camel, riding | Waterskin (5 gal)",-5.78,YES,Théurgique,Magie Verte,-1,-2,-1,-3,0,156.3,63.9,-2,5,-3,-5,2,-1,4,-2,2,-5,Aucun,2026-05-28 13:35:34
CH-00020,Human,Calishite,Calimshan,Metropolis,Groupe2_Sud_Marchand,Wild Plant Foraging,Urban Stealth & Shadowing | Forgery of Documents & Seals | Sleight of Hand & Cheating | City Secrets & Hidden Routes | Fences and Buyers Network,"History of the Realms | Court Etiquette & Protocol | Religious Cults & Orders | Cosmology (Weave, Shadow Weave)",Papermaking & Ink Making | Smithing & Metallurgy | Bone & Ivory Carving,Thorass,Calishite | Chondathan | Thorass,4170,293.4,universal_standard,1,Modest,"Cloak (hooded wool) | Main-gauche | Hook, steel",857.0,3313,"Belt (leather) + Belt pouch (large) | Map case + blank regional map | Lamp oil (flacon) x3 | Grappling hook | 10' pole | Crowbar (standard) | Bâton de marche / Walking Staff | Main-gauche | Hook, steel",Backpack (medium leather) | Tent 2-man leather | Sleeping furs (light) | Blanket (heavy) | Field rations (basic) x7 | Waterskin (1 gal) x2 | Canteen (1 pt) | Lantern (hooded) | Rope (standard 50') | Hammer + 10 pitons | Flint & steel | Tinderbox | Cloak (wool hooded) | Boots (normal leather) | Gloves (leather) | Hat (leather) | Cloak (hooded wool),6.68,NO,None,,3,1,-2,2,11,178.6,83.2,1,-6,10,-3,-3,2,-5,3,-9,9,Aucun,2026-05-28 13:35:34
CH-00021,Human,Illuskan,Sword Coast,Smuggler's Port,Groupe1_Cote_des_Epees,Oceanic Navigation | Complex Terrain Navigation | Total Darkness Navigation | Deep-Sea Fishing,Urban Observation and Tailing,History of the Realms | Political Currents & Rivalries | Fey & Feywild Knowledge | Major Cities & Regions,Musical Instrument Making | Weaving & Spinning | Papermaking & Ink Making,Thorass,Chondathan | Illuskan | Northlander | Vaasan,1738,293.4,universal_standard,2,Comfortable,Sidesword | Mail voiders (paire) | Ranseur | Buckler,1570.0,168,Belt (leather) + Belt pouch (large) | Map case + blank regional map | Lamp oil (flacon) x3 | Grappling hook | 10' pole | Crowbar (standard) | Bâton de marche / Walking Staff | Sidesword | Mail voiders (paire) | Ranseur | Buckler,Backpack (medium leather) | Tent 2-man leather | Sleeping furs (light) | Blanket (heavy) | Field rations (basic) x7 | Waterskin (1 gal) x2 | Canteen (1 pt) | Lantern (hooded) | Rope (standard 50') | Hammer + 10 pitons | Flint & steel | Tinderbox | Cloak (wool hooded) | Boots (normal leather) | Gloves (leather) | Hat (leather),1.42,NO,None,,3,0,-2,-2,12,180.1,87.7,1,2,-6,-3,1,7,-1,7,-3,-7,Aucun,2026-05-28 13:35:34
CH-00022,Human,Calishite,Calimshan,Caravan Oasis,Groupe2_Sud_Marchand,Desert Thermal Endurance | Plains Tracking | Open Land Navigation | Rope Making and Knot Mastery | Wild Plant Foraging,,Fall of Myth Drannor | Nobility & Heraldry | Political Currents & Rivalries | Secret Organizations,Jewelry & Goldsmithing | Smithing & Metallurgy | Perfumery & Cosmetics,Calishite | Lantanna,Calishite | Chondathan | Lantanna | Tashalan,2517,293.4,universal_standard,3,Wealthy,Main-gauche | Palfrey | Sidesword | Kettle hat | Military Fork,2300.0,217,Belt (leather) + Belt pouch (large) | Map case + blank regional map | Lamp oil (flacon) x3 | Grappling hook | 10' pole | Crowbar (standard) | Bâton de marche / Walking Staff | Main-gauche | Sidesword | Military Fork,Backpack (medium leather) | Tent 2-man leather | Sleeping furs (light) | Blanket (heavy) | Field rations (basic) x7 | Waterskin (1 gal) x2 | Canteen (1 pt) | Lantern (hooded) | Rope (standard 50') | Hammer + 10 pitons | Flint & steel | Tinderbox | Cloak (wool hooded) | Boots (normal leather) | Gloves (leather) | Hat (leather) | Palfrey | Kettle hat,16.9,NO,None,,2,3,2,4,1,183.5,78.9,2,0,5,5,0,1,3,1,2,6,Aucun,2026-05-28 13:35:34
CH-00023,Human,Calishite,Calimshan,Major Trade City,Groupe2_Sud_Marchand,,Black Market Operations | Black Market Operations | Lockpicking and Trap Disarming,"Laws & Customs of Nations | Nobility & Heraldry | Cosmology (Weave, Shadow Weave) | Court Etiquette & Protocol",Carpentry & Woodworking,Lantanna | Thorass,Calishite | Chondathan | Lantanna,3847,293.4,universal_standard,3,Wealthy,Destrier (quality) | Compass | Palfrey,3585.0,262,Belt (leather) + Belt pouch (large) | Map case + blank regional map | Lamp oil (flacon) x3 | Grappling hook | 10' pole | Crowbar (standard) | Bâton de marche / Walking Staff | Destrier (quality) | Compass,Backpack (medium leather) | Tent 2-man leather | Sleeping furs (light) | Blanket (heavy) | Field rations (basic) x7 | Waterskin (1 gal) x2 | Canteen (1 pt) | Lantern (hooded) | Rope (standard 50') | Hammer + 10 pitons | Flint & steel | Tinderbox | Cloak (wool hooded) | Boots (normal leather) | Gloves (leather) | Hat (leather) | Palfrey,2.04,NO,None,,-2,0,3,-1,5,156.3,63.9,-2,0,-1,9,1,4,-1,6,6,2,Aucun,2026-05-28 13:35:34
CH-00024,Dwarf,Gold Dwarf,Great Rift,Isolated Hamlet,Groupe6_Bloc_Nain,Technical Rock Climbing | Underground Navigation | Wild Plant Foraging | Complex Terrain Navigation,Heraldry & Lineage Recognition,Dwarven Culture | Laws & Customs of Nations | Genasi & Elemental Peoples,Smithing & Metallurgy | Weaving & Spinning,Nain,Chondathan | Nain | Undercommon,638,293.4,universal_standard,1,Modest,Tassets longs | Buckler,540.0,98,Belt (leather) + Belt pouch (large) | Map case + blank regional map | Lamp oil (flacon) x3 | Grappling hook | 10' pole | Crowbar (standard) | Bâton de marche / Walking Staff | Tassets longs | Buckler,Backpack (medium leather) | Tent 2-man leather | Sleeping furs (light) | Blanket (heavy) | Field rations (basic) x7 | Waterskin (1 gal) x2 | Canteen (1 pt) | Lantern (hooded) | Rope (standard 50') | Hammer + 10 pitons | Flint & steel | Tinderbox | Cloak (wool hooded) | Boots (normal leather) | Gloves (leather) | Hat (leather),-0.9,NO,None,,1,-1,1,-7,5,116.2,60.6,-8,-1,5,1,0,-2,7,0,1,5,Vision dans le noir + Robustesse naine,2026-05-28 13:35:34
CH-00025,Human,Chondathan,Western Heartlands,Small Town,Groupe3_Coeur_Continental,Plains Tracking,Guild Knowledge & Politics | Guild Knowledge & Politics | Smuggling Networks,Magical Schools & Traditions | Cultural Interactions,Dyeing & Textile Coloring,Chondathan,Chondathan | Turmish,1172,293.4,universal_standard,1,Modest,Crowbar (heavy) | Gourdin / Cudgel | Courser,688.0,484,Belt (leather) + Belt pouch (large) | Map case + blank regional map | Lamp oil (flacon) x3 | Grappling hook | 10' pole | Crowbar (standard) | Bâton de marche / Walking Staff | Crowbar (heavy) | Gourdin / Cudgel,Backpack (medium leather) | Tent 2-man leather | Sleeping furs (light) | Blanket (heavy) | Field rations (basic) x7 | Waterskin (1 gal) x2 | Canteen (1 pt) | Lantern (hooded) | Rope (standard 50') | Hammer + 10 pitons | Flint & steel | Tinderbox | Cloak (wool hooded) | Boots (normal leather) | Gloves (leather) | Hat (leather) | Courser,1.0,NO,None,,1,0,0,0,10,174.0,71.0,0,3,3,-5,2,-4,1,1,-1,1,Aucun,2026-05-28 13:35:34
CH-00026,Human,Rashemi,Rashemen,Mountain Village,Groupe10_Rashemen,Forest Stealth | Complex Terrain Navigation | Advanced Tracking | Marsh Movement | Hermetic Medicine,City Secrets & Hidden Routes,Trade Routes & Commerce | History of Magic | Orc & Goblinoid Culture | History of the Realms,Smithing & Metallurgy | Alchemy (Theory & Practice) | Cabinetmaking & Marquetry,Chondathan,Chondathan | Rashemi,784,293.4,universal_standard,1,Modest,Gorget (élevé),375.0,409,Belt (leather) + Belt pouch (large) | Map case + blank regional map | Lamp oil (flacon) x3 | Grappling hook | 10' pole | Crowbar (standard) | Bâton de marche / Walking Staff | Gorget (élevé),Backpack (medium leather) | Tent 2-man leather | Sleeping furs (light) | Blanket (heavy) | Field rations (basic) x7 | Waterskin (1 gal) x2 | Canteen (1 pt) | Lantern (hooded) | Rope (standard 50') | Hammer + 10 pitons | Flint & steel | Tinderbox | Cloak (wool hooded) | Boots (normal leather) | Gloves (leather) | Hat (leather),-6.67,YES,Arcanique,Magicien,0,-1,-6,-3,3,169.2,78.9,0,4,-11,2,-4,-3,2,1,3,-11,Aucun,2026-05-28 13:35:34
CH-00027,Human,Damaran,Moonsea,Military Outpost,Groupe4_Vilhon_Est,Mountain Endurance | Primitive Fire Mastery | Wild Animal Handling | Advanced Tracking | Technical Rock Climbing,,Religious Cults & Orders | History of the Realms | Major Cities & Regions | Local Folklore & Legends,Viticulture & Winemaking | Bone & Ivory Carving,Chondathan | Thorass,Chondathan | Druidic | Nar,1101,293.4,universal_standard,2,Comfortable,Cuisses (renforcées) | Rouncey,960.0,141,Belt (leather) + Belt pouch (large) | Map case + blank regional map | Lamp oil (flacon) x3 | Grappling hook | 10' pole | Crowbar (standard) | Bâton de marche / Walking Staff | Cuisses (renforcées),Backpack (medium leather) | Tent 2-man leather | Sleeping furs (light) | Blanket (heavy) | Field rations (basic) x7 | Waterskin (1 gal) x2 | Canteen (1 pt) | Lantern (hooded) | Rope (standard 50') | Hammer + 10 pitons | Flint & steel | Tinderbox | Cloak (wool hooded) | Boots (normal leather) | Gloves (leather) | Hat (leather) | Rouncey,35.8,NO,None,,8,5,-2,5,-2,189.8,102.7,2,-3,9,4,-5,2,3,2,-4,10,Aucun,2026-05-28 13:35:34
CH-00028,Human,Ffolk,Moonshae Isles,Major Port City,Groupe11_Moonshae,Storm and Seasickness Mastery,Smuggling Networks | City Secrets & Hidden Routes | Streetwise (Urban Underworld) | Fences and Buyers Network,Trade Routes & Commerce | Weave Theory | Astronomy & Star Navigation | Political Currents & Rivalries,Lens Making & Optics,Illuskan,Chondathan | Illuskan | Moonshae,1380,293.4,universal_standard,1,Modest,Tent 2-man leather | Cutlass,870.0,510,Belt (leather) + Belt pouch (large) | Map case + blank regional map | Lamp oil (flacon) x3 | Grappling hook | 10' pole | Crowbar (standard) | Bâton de marche / Walking Staff | Cutlass,Backpack (medium leather) | Tent 2-man leather | Sleeping furs (light) | Blanket (heavy) | Field rations (basic) x7 | Waterskin (1 gal) x2 | Canteen (1 pt) | Lantern (hooded) | Rope (standard 50') | Hammer + 10 pitons | Flint & steel | Tinderbox | Cloak (wool hooded) | Boots (normal leather) | Gloves (leather) | Hat (leather) | Tent 2-man leather,-4.86,YES,Théurgique,Magie Blanche,-2,-2,0,-2,3,162.0,67.4,-1,-3,0,0,0,-4,-2,2,-2,0,Aucun,2026-05-28 13:35:34
CH-00029,Human,Chondathan,The Dalelands,Forest Village,Groupe3_Coeur_Continental,Advanced Tracking | Total Darkness Navigation | Complex Terrain Navigation | Plains Tracking | Forest Stealth | Open Land Navigation,,"Cosmology (Weave, Shadow Weave) | Laws & Customs of Nations",Leatherworking & Tanning | Masonry,Sembian,Chondathan | Sembian,962,293.4,universal_standard,1,Modest,Sallet ou Armet (classique),825.0,137,Belt (leather) + Belt pouch (large) | Map case + blank regional map | Lamp oil (flacon) x3 | Grappling hook | 10' pole | Crowbar (standard) | Bâton de marche / Walking Staff | Sallet ou Armet (classique),Backpack (medium leather) | Tent 2-man leather | Sleeping furs (light) | Blanket (heavy) | Field rations (basic) x7 | Waterskin (1 gal) x2 | Canteen (1 pt) | Lantern (hooded) | Rope (standard 50') | Hammer + 10 pitons | Flint & steel | Tinderbox | Cloak (wool hooded) | Boots (normal leather) | Gloves (leather) | Hat (leather),-2.62,YES,Théurgique,Magie Verte,-1,-2,0,0,2,178.8,71.0,1,-4,4,-5,1,-3,4,3,-7,2,Aucun,2026-05-28 13:35:34
CH-00030,Human,Tethyrian,Amn,Isolated Farmstead,Groupe2_Sud_Marchand,Advanced Tracking | Desert Thermal Endurance | Open Land Navigation | Desert Water Mastery,City Secrets & Hidden Routes,Trade Routes & Commerce | Halfling Culture | History of the Realms,Navigation (Land & Sea) | Smithing & Metallurgy | Cooking (Fine Cuisine),Elfique,Elfique | Sembian | Tethyrian,1708,293.4,universal_standard,2,Comfortable,Mail voiders (paire) | Palfrey | Bec de Corbin | Buckler,1640.0,68,Belt (leather) + Belt pouch (large) | Map case + blank regional map | Lamp oil (flacon) x3 | Grappling hook | 10' pole | Crowbar (standard) | Bâton de marche / Walking Staff | Mail voiders (paire) | Bec de Corbin | Buckler,Backpack (medium leather) | Tent 2-man leather | Sleeping furs (light) | Blanket (heavy) | Field rations (basic) x7 | Waterskin (1 gal) x2 | Canteen (1 pt) | Lantern (hooded) | Rope (standard 50') | Hammer + 10 pitons | Flint & steel | Tinderbox | Cloak (wool hooded) | Boots (normal leather) | Gloves (leather) | Hat (leather) | Palfrey,2.8,NO,None,,-3,-1,4,-1,6,155.0,60.6,-2,-2,3,7,2,3,-1,1,4,5,Aucun,2026-05-28 13:35:34
CH-00031,Human,Shaaran,The Shaar,Mining Camp,Groupe3_Coeur_Continental,Wild Plant Foraging | Plains Tracking | Forced March Endurance | Advanced Tracking,Streetwise (Urban Underworld),Spellplague & Its Aftermath | Elven Culture,Sail & Rope Making | Architecture | Animal Husbandry & Training,None,Shaaran | Yuan-ti,941,293.4,universal_standard,1,Modest,Flanged Mace,550.0,391,Belt (leather) + Belt pouch (large) | Map case + blank regional map | Lamp oil (flacon) x3 | Grappling hook | 10' pole | Crowbar (standard) | Bâton de marche / Walking Staff | Flanged Mace,Backpack (medium leather) | Tent 2-man leather | Sleeping furs (light) | Blanket (heavy) | Field rations (basic) x7 | Waterskin (1 gal) x2 | Canteen (1 pt) | Lantern (hooded) | Rope (standard 50') | Hammer + 10 pitons | Flint & steel | Tinderbox | Cloak (wool hooded) | Boots (normal leather) | Gloves (leather) | Hat (leather),-4.16,YES,Théurgique,Magie Blanche,0,-1,-3,-1,4,181.9,78.9,1,0,-3,-2,-1,2,-2,-1,-3,-4,Aucun,2026-05-28 13:35:34
CH-00032,Dwarf,Shield Dwarf,Silver Marches (Luruar),Forest Village,Groupe7_Marches_Argent,Underground Navigation | Mountain Endurance | Forced March Endurance | Complex Terrain Navigation | Technical Rock Climbing | Wild Plant Foraging,,Genasi & Elemental Peoples | Aberration Lore,Glassworking | Cartography | Musical Instrument Making,None,Illuskan | Nain,667,293.4,universal_standard,0,None,Boots (fine leather) | Buckler,240.0,427,Belt (leather) + Belt pouch (large) | Map case + blank regional map | Lamp oil (flacon) x3 | Grappling hook | 10' pole | Crowbar (standard) | Bâton de marche / Walking Staff | Buckler,Backpack (medium leather) | Tent 2-man leather | Sleeping furs (light) | Blanket (heavy) | Field rations (basic) x7 | Waterskin (1 gal) x2 | Canteen (1 pt) | Lantern (hooded) | Rope (standard 50') | Hammer + 10 pitons | Flint & steel | Tinderbox | Cloak (wool hooded) | Boots (normal leather) | Gloves (leather) | Hat (leather) | Boots (fine leather),15.56,NO,None,,5,3,1,-2,1,146.5,78.9,-3,4,0,4,0,-1,6,-1,4,1,Vision dans le noir + Robustesse naine,2026-05-28 13:35:34
CH-00033,Human,Illuskan,Luskan,Smuggler's Port,Groupe1_Cote_des_Epees,Storm and Seasickness Mastery | Oceanic Navigation | Deep-Sea Fishing,,Political Currents & Rivalries | Weave Theory | History of Netheril | Fall of Myth Drannor,Leatherworking & Tanning | Weapons & Armor Smithing,Illuskan | Thorass,Chondathan | Illuskan,1106,293.4,universal_standard,1,Modest,Pike,400.0,706,Belt (leather) + Belt pouch (large) | Map case + blank regional map | Lamp oil (flacon) x3 | Grappling hook | 10' pole | Crowbar (standard) | Bâton de marche / Walking Staff | Pike,Backpack (medium leather) | Tent 2-man leather | Sleeping furs (light) | Blanket (heavy) | Field rations (basic) x7 | Waterskin (1 gal) x2 | Canteen (1 pt) | Lantern (hooded) | Rope (standard 50') | Hammer + 10 pitons | Flint & steel | Tinderbox | Cloak (wool hooded) | Boots (normal leather) | Gloves (leather) | Hat (leather),3.0,NO,None,,1,1,1,0,4,161.8,74.8,-1,-3,4,4,-1,8,7,2,-1,5,Aucun,2026-05-28 13:35:34
CH-00034,Human,Rashemi,Rashemen,Nomad Camp,Groupe10_Rashemen,Forest Stealth | Wild Plant Foraging | Hermetic Medicine | Advanced Tracking,,Ruins & Major Archaeological Sites | Secret Organizations | Geography of Faerûn | Magical Schools & Traditions,Cabinetmaking & Marquetry | Poison Lore & Application,Rashemi,Rashemi,815,293.4,universal_standard,1,Modest,"Courser | Lancet, bleeding",622.0,193,"Belt (leather) + Belt pouch (large) | Map case + blank regional map | Lamp oil (flacon) x3 | Grappling hook | 10' pole | Crowbar (standard) | Bâton de marche / Walking Staff | Lancet, bleeding",Backpack (medium leather) | Tent 2-man leather | Sleeping furs (light) | Blanket (heavy) | Field rations (basic) x7 | Waterskin (1 gal) x2 | Canteen (1 pt) | Lantern (hooded) | Rope (standard 50') | Hammer + 10 pitons | Flint & steel | Tinderbox | Cloak (wool hooded) | Boots (normal leather) | Gloves (leather) | Hat (leather) | Courser,-9.6,YES,Arcanique,Magicien,-4,-3,-3,-4,5,157.7,67.4,-2,-8,-3,5,-4,3,-4,4,-3,-2,Aucun,2026-05-28 13:35:34
CH-00035,Human,Tethyrian,Sword Coast,Major Port City,Groupe1_Cote_des_Epees,Advanced Tracking | Wild Plant Foraging | Battlefield Riding,Fences and Buyers Network | Noble Houses & Court Intrigue | Disguise & Impersonation | Criminal Organizations & Syndicates,Geography of Faerûn | Divine Myths & Legends | Major Cities & Regions | Trade Routes & Commerce,Leatherworking & Tanning | Calligraphy & Illumination,Chondathan | Thorass,Chondathan | Thorass,1943,293.4,universal_standard,2,Comfortable,Pike | Tassets longs | Burgonet (Maximilian),1270.0,673,Belt (leather) + Belt pouch (large) | Map case + blank regional map | Lamp oil (flacon) x3 | Grappling hook | 10' pole | Crowbar (standard) | Bâton de marche / Walking Staff | Pike | Tassets longs | Burgonet (Maximilian),Backpack (medium leather) | Tent 2-man leather | Sleeping furs (light) | Blanket (heavy) | Field rations (basic) x7 | Waterskin (1 gal) x2 | Canteen (1 pt) | Lantern (hooded) | Rope (standard 50') | Hammer + 10 pitons | Flint & steel | Tinderbox | Cloak (wool hooded) | Boots (normal leather) | Gloves (leather) | Hat (leather),-2.64,YES,Arcanique,Magicien,0,0,-4,0,3,174.0,71.0,0,2,0,-2,-3,-9,-3,-1,0,-1,Aucun,2026-05-28 13:35:34
CH-00036,Dwarf,Gold Dwarf,Great Rift,Dwarven Fortress,Groupe6_Bloc_Nain,,Forgery of Documents & Seals | Temple Politics & Religious Intrigue | Urban Stealth & Shadowing | Smuggling Networks | Streetwise (Urban Underworld),"Ancient Realms (Netheril, Imaskar...) | Astronomy & Star Navigation | History of the Realms | Ruins & Major Archaeological Sites",Animal Husbandry & Training | Herbalism & Potion Brewing | Calligraphy & Illumination,Nain,Géant | Nain | Undercommon,951,293.4,universal_standard,1,Modest,Close Helmet (Maximilian) | Buckler,870.0,81,Belt (leather) + Belt pouch (large) | Map case + blank regional map | Lamp oil (flacon) x3 | Grappling hook | 10' pole | Crowbar (standard) | Bâton de marche / Walking Staff | Close Helmet (Maximilian) | Buckler,Backpack (medium leather) | Tent 2-man leather | Sleeping furs (light) | Blanket (heavy) | Field rations (basic) x7 | Waterskin (1 gal) x2 | Canteen (1 pt) | Lantern (hooded) | Rope (standard 50') | Hammer + 10 pitons | Flint & steel | Tinderbox | Cloak (wool hooded) | Boots (normal leather) | Gloves (leather) | Hat (leather),-0.16,NO,None,,0,-3,3,-9,13,120.4,63.9,-7,-4,1,-4,5,2,-5,3,-5,-1,Vision dans le noir + Robustesse naine,2026-05-28 13:35:34
CH-00037,Half-elf,Moon Half-elf,Baldur's Gate,Fishing Village,Groupe1_Cote_des_Epees,Complex Terrain Navigation | Forest Stealth | Dark Water Swimming,Sleight of Hand & Cheating,Fall of Myth Drannor | Major Religions & Deities | Laws & Customs of Nations | Guilds & Organizations,Architecture,Thorass | Chondathan,Chondathan | Thorass,2347,293.4,universal_standard,2,Comfortable,Courser | Cuisses (renforcées) | Falchion | Maul,1860.0,487,Belt (leather) + Belt pouch (large) | Map case + blank regional map | Lamp oil (flacon) x3 | Grappling hook | 10' pole | Crowbar (standard) | Bâton de marche / Walking Staff | Cuisses (renforcées) | Falchion | Maul,Backpack (medium leather) | Tent 2-man leather | Sleeping furs (light) | Blanket (heavy) | Field rations (basic) x7 | Waterskin (1 gal) x2 | Canteen (1 pt) | Lantern (hooded) | Rope (standard 50') | Hammer + 10 pitons | Flint & steel | Tinderbox | Cloak (wool hooded) | Boots (normal leather) | Gloves (leather) | Hat (leather) | Courser,79.29,NO,None,,10,7,9,7,-12,193.3,102.7,3,5,9,1,7,-6,-2,4,1,9,Méditation + Immunité sommeil + VN (N1),2026-05-28 13:35:34
CH-00038,Human,Tethyrian,Tethyr,Mountain Village,Groupe2_Sud_Marchand,Forest Stealth | Weather Reading | Wild Plant Foraging | Advanced Tracking | Plains Tracking,,History of Magic | Nobility & Heraldry | Religious Cults & Orders | Gnomish Culture,Weapons & Armor Smithing | Brewing & Distilling | Stoneworking,Elfique | Thorass,Chondathan | Elfique,1757,293.4,universal_standard,2,Comfortable,Turban / Keffieh | Destrier | Buckler,1528.0,229,Belt (leather) + Belt pouch (large) | Map case + blank regional map | Lamp oil (flacon) x3 | Grappling hook | 10' pole | Crowbar (standard) | Bâton de marche / Walking Staff | Turban / Keffieh | Destrier | Buckler,Backpack (medium leather) | Tent 2-man leather | Sleeping furs (light) | Blanket (heavy) | Field rations (basic) x7 | Waterskin (1 gal) x2 | Canteen (1 pt) | Lantern (hooded) | Rope (standard 50') | Hammer + 10 pitons | Flint & steel | Tinderbox | Cloak (wool hooded) | Boots (normal leather) | Gloves (leather) | Hat (leather),1.0,NO,None,,0,1,0,0,7,166.4,67.4,0,6,-4,4,0,2,-1,7,7,-3,Aucun,2026-05-28 13:35:34
CH-00039,Human,Chondathan,Vilhon Reach,Major Port City,Groupe4_Vilhon_Est,Coastal Survival | Advanced Tracking | Open Land Navigation,Streetwise (Urban Underworld) | City Secrets & Hidden Routes | Guild Knowledge & Politics | Criminal Organizations & Syndicates | Criminal Organizations & Syndicates,History of the Realms | History of Imaskar | Halfling Culture | Political Currents & Rivalries,Cartography | Locksmithing & Mechanisms | Smithing & Metallurgy,Turmish | Thorass,Chondathan | Cormyrian | Turmish,3034,293.4,universal_standard,2,Comfortable,Heavy Crossbow | Estoc | Tassets | Quiver,1940.0,1094,Belt (leather) + Belt pouch (large) | Map case + blank regional map | Lamp oil (flacon) x3 | Grappling hook | 10' pole | Crowbar (standard) | Bâton de marche / Walking Staff | Heavy Crossbow | Estoc | Tassets | Quiver,Backpack (medium leather) | Tent 2-man leather | Sleeping furs (light) | Blanket (heavy) | Field rations (basic) x7 | Waterskin (1 gal) x2 | Canteen (1 pt) | Lantern (hooded) | Rope (standard 50') | Hammer + 10 pitons | Flint & steel | Tinderbox | Cloak (wool hooded) | Boots (normal leather) | Gloves (leather) | Hat (leather),0.38,NO,None,,0,1,-2,1,7,181.9,74.8,1,3,-2,2,-2,6,4,4,3,-2,Aucun,2026-05-28 13:35:34
CH-00040,Human,Tethyrian,Tethyr,Fortified City,Groupe2_Sud_Marchand,Plains Tracking | Weather Reading,Disguise & Impersonation | Black Market Operations,Major Cities & Regions | Genasi & Elemental Peoples | Orc & Goblinoid Culture | Magical Schools & Traditions,Brewing & Distilling | Leatherworking & Tanning,Chondathan | Thorass,Chondathan,1860,293.4,universal_standard,2,Comfortable,Destrier | Gorget (élevé) | Buckler,1770.0,90,Belt (leather) + Belt pouch (large) | Map case + blank regional map | Lamp oil (flacon) x3 | Grappling hook | 10' pole | Crowbar (standard) | Bâton de marche / Walking Staff | Destrier | Gorget (élevé) | Buckler,Backpack (medium leather) | Tent 2-man leather | Sleeping furs (light) | Blanket (heavy) | Field rations (basic) x7 | Waterskin (1 gal) x2 | Canteen (1 pt) | Lantern (hooded) | Rope (standard 50') | Hammer + 10 pitons | Flint & steel | Tinderbox | Cloak (wool hooded) | Boots (normal leather) | Gloves (leather) | Hat (leather),10.96,NO,None,,-1,2,3,3,2,162.2,57.5,-1,6,6,3,1,-2,-1,5,8,7,Aucun,2026-05-28 13:35:34
CH-00041,Human,Calishite,Calimshan,Metropolis,Groupe2_Sud_Marchand,Open Land Navigation,Information Brokerage | Fences and Buyers Network | Noble Houses & Court Intrigue | Heraldry & Lineage Recognition | Urban Stealth & Shadowing,"Orc & Goblinoid Culture | Trade Routes & Commerce | Secret Organizations | Ancient Realms (Netheril, Imaskar...)",Musical Instrument Making,Tashalan | Thorass,Calishite | Chondathan | Tashalan,4842,293.4,universal_standard,3,Wealthy,"Courser | Destrier | Camel, riding",3420.0,1422,Belt (leather) + Belt pouch (large) | Map case + blank regional map | Lamp oil (flacon) x3 | Grappling hook | 10' pole | Crowbar (standard) | Bâton de marche / Walking Staff | Destrier,"Backpack (medium leather) | Tent 2-man leather | Sleeping furs (light) | Blanket (heavy) | Field rations (basic) x7 | Waterskin (1 gal) x2 | Canteen (1 pt) | Lantern (hooded) | Rope (standard 50') | Hammer + 10 pitons | Flint & steel | Tinderbox | Cloak (wool hooded) | Boots (normal leather) | Gloves (leather) | Hat (leather) | Courser | Camel, riding",8.3,NO,None,,3,2,0,1,5,170.7,78.9,0,3,1,0,0,5,2,5,1,1,Aucun,2026-05-28 13:35:34
CH-00042,Halfling,Lightfoot Halfling,The Dalelands,Logging Camp,Groupe3_Coeur_Continental,Advanced Tracking | Wild Plant Foraging | Complex Terrain Navigation | Forest Stealth | Plains Tracking,Sleight of Hand & Cheating,"Cosmology (Weave, Shadow Weave) | Gnomish Culture | Major Religions & Deities",Cabinetmaking & Marquetry | Leatherworking & Tanning,Chondathan,Chondathan,1129,293.4,universal_standard,1,Modest,"Palfrey | Lancet, bleeding",572.0,557,"Belt (leather) + Belt pouch (large) | Map case + blank regional map | Lamp oil (flacon) x3 | Grappling hook | 10' pole | Crowbar (standard) | Bâton de marche / Walking Staff | Lancet, bleeding",Backpack (medium leather) | Tent 2-man leather | Sleeping furs (light) | Blanket (heavy) | Field rations (basic) x7 | Waterskin (1 gal) x2 | Canteen (1 pt) | Lantern (hooded) | Rope (standard 50') | Hammer + 10 pitons | Flint & steel | Tinderbox | Cloak (wool hooded) | Boots (normal leather) | Gloves (leather) | Hat (leather) | Palfrey,-7.28,YES,Théurgique,Magie Blanche,-17,-6,3,-3,-8,119.3,23.5,-7,11,3,3,2,6,-5,11,21,4,Furtivité,2026-05-28 13:35:34
CH-00043,Human,Tethyrian,Amn,Caravan Oasis,Groupe2_Sud_Marchand,Advanced Tracking | Desert Thermal Endurance | Wild Plant Foraging | Open Land Navigation | Desert Water Mastery | Forest Stealth,Forgery of Documents & Seals,Magical Schools & Traditions | Divine Myths & Legends | Court Etiquette & Protocol | Geography of Faerûn,Masonry | Herbalism & Potion Brewing,Elfique | Thorass,Chondathan | Elfique | Tethyrian,1906,293.4,universal_standard,2,Comfortable,Maille collerette ou manches | Kettle hat | Bec de Corbin,1410.0,496,Belt (leather) + Belt pouch (large) | Map case + blank regional map | Lamp oil (flacon) x3 | Grappling hook | 10' pole | Crowbar (standard) | Bâton de marche / Walking Staff | Maille collerette ou manches | Bec de Corbin,Backpack (medium leather) | Tent 2-man leather | Sleeping furs (light) | Blanket (heavy) | Field rations (basic) x7 | Waterskin (1 gal) x2 | Canteen (1 pt) | Lantern (hooded) | Rope (standard 50') | Hammer + 10 pitons | Flint & steel | Tinderbox | Cloak (wool hooded) | Boots (normal leather) | Gloves (leather) | Hat (leather) | Kettle hat,-2.0,NO,None,,-1,0,-1,0,11,169.4,71.0,0,-2,2,1,-1,-2,-2,-2,-1,2,Aucun,2026-05-28 13:35:34
CH-00044,Human,Raumviran,Aglarond,Farming Hamlet,Groupe4_Vilhon_Est,Wild Plant Foraging | Marsh Movement | Snow and Ice Shelter Building | Mountain Endurance | Advanced Tracking,Lockpicking and Trap Disarming | Sleight of Hand & Cheating,Religious Cults & Orders | Ruins & Major Archaeological Sites | Secret Organizations | Major Religions & Deities,Dyeing & Textile Coloring | Carpentry & Woodworking | Masonry,Raumviran | Sylvestre,Aglarondan | Raumviran | Sylvestre | Thorass,865,293.4,universal_standard,0,None,Crowbar (heavy),8.0,857,Belt (leather) + Belt pouch (large) | Map case + blank regional map | Lamp oil (flacon) x3 | Grappling hook | 10' pole | Crowbar (standard) | Bâton de marche / Walking Staff | Crowbar (heavy),Backpack (medium leather) | Tent 2-man leather | Sleeping furs (light) | Blanket (heavy) | Field rations (basic) x7 | Waterskin (1 gal) x2 | Canteen (1 pt) | Lantern (hooded) | Rope (standard 50') | Hammer + 10 pitons | Flint & steel | Tinderbox | Cloak (wool hooded) | Boots (normal leather) | Gloves (leather) | Hat (leather),8.83,NO,None,,-4,-2,7,-3,8,153.6,60.6,-2,1,-5,4,7,8,-5,-1,4,-4,Aucun,2026-05-28 13:35:34
CH-00045,Human,Tethyrian,Baldur's Gate,Major Port City,Groupe1_Cote_des_Epees,Forest Stealth,Forgery of Documents & Seals | Urban Stealth & Shadowing | Streetwise (Urban Underworld) | Criminal Organizations & Syndicates,Trade Routes & Commerce | Guilds & Organizations | Weave Theory | Gnomish Culture,Masonry,Tethyrian | Thorass,Chondathan | Cormyrian | Tethyrian,4648,293.4,universal_standard,1,Modest,Flanged Mace | Cloak (wool),559.0,4089,Belt (leather) + Belt pouch (large) | Map case + blank regional map | Lamp oil (flacon) x3 | Grappling hook | 10' pole | Crowbar (standard) | Bâton de marche / Walking Staff | Flanged Mace,Backpack (medium leather) | Tent 2-man leather | Sleeping furs (light) | Blanket (heavy) | Field rations (basic) x7 | Waterskin (1 gal) x2 | Canteen (1 pt) | Lantern (hooded) | Rope (standard 50') | Hammer + 10 pitons | Flint & steel | Tinderbox | Cloak (wool hooded) | Boots (normal leather) | Gloves (leather) | Hat (leather) | Cloak (wool),-3.49,YES,Arcanique,Magicien,-6,-2,2,-1,2,158.0,54.6,-2,-2,3,3,1,-3,-7,6,2,4,Aucun,2026-05-28 13:35:34
CH-00046,Human,Tethyrian,Sword Coast,Fishing Village,Groupe1_Cote_des_Epees,Dark Water Swimming | Forest Stealth | Advanced Tracking | Wild Plant Foraging | Extreme Cold Resistance,,Fall of Myth Drannor | Dwarven Culture | Local Folklore & Legends,Brewing & Distilling | Cooking (Fine Cuisine) | Sail & Rope Making,Chondathan,Chondathan,1032,293.4,universal_standard,1,Modest,Sallet ou Armet (classique) | Tassets longs,870.0,162,Belt (leather) + Belt pouch (large) | Map case + blank regional map | Lamp oil (flacon) x3 | Grappling hook | 10' pole | Crowbar (standard) | Bâton de marche / Walking Staff | Sallet ou Armet (classique) | Tassets longs,Backpack (medium leather) | Tent 2-man leather | Sleeping furs (light) | Blanket (heavy) | Field rations (basic) x7 | Waterskin (1 gal) x2 | Canteen (1 pt) | Lantern (hooded) | Rope (standard 50') | Hammer + 10 pitons | Flint & steel | Tinderbox | Cloak (wool hooded) | Boots (normal leather) | Gloves (leather) | Hat (leather),6.96,NO,None,,0,0,0,4,12,193.7,78.9,3,-7,9,-1,-1,4,-8,0,-8,8,Aucun,2026-05-28 13:35:34
CH-00047,Human,Calishite,Calimshan,Major Port City,Groupe2_Sud_Marchand,Wild Plant Foraging,Noble Houses & Court Intrigue | Black Market Operations | Guild Knowledge & Politics | City Secrets & Hidden Routes | Guild Knowledge & Politics | Criminal Organizations & Syndicates,Religious Cults & Orders | Political Currents & Rivalries | Divine Myths & Legends | Legendary Artifacts & Relics,Cooking (Fine Cuisine) | Dyeing & Textile Coloring,Calishite,Calishite | Halruaan,3635,293.4,universal_standard,3,Wealthy,Gauntlets (renforcés) | Light Crossbow | Rouncey | Destrier | Plackart | Quiver,3160.0,475,Belt (leather) + Belt pouch (large) | Map case + blank regional map | Lamp oil (flacon) x3 | Grappling hook | 10' pole | Crowbar (standard) | Bâton de marche / Walking Staff | Gauntlets (renforcés) | Light Crossbow | Destrier | Plackart | Quiver,Backpack (medium leather) | Tent 2-man leather | Sleeping furs (light) | Blanket (heavy) | Field rations (basic) x7 | Waterskin (1 gal) x2 | Canteen (1 pt) | Lantern (hooded) | Rope (standard 50') | Hammer + 10 pitons | Flint & steel | Tinderbox | Cloak (wool hooded) | Boots (normal leather) | Gloves (leather) | Hat (leather) | Rouncey,2.04,NO,None,,-2,-1,3,0,6,151.0,54.6,-2,4,6,-2,3,-3,0,4,4,5,Aucun,2026-05-28 13:35:34
CH-00048,Human,Chondathan,The Dalelands,Forest Village,Groupe3_Coeur_Continental,Forest Stealth | Wild Plant Foraging | Open Land Navigation | Complex Terrain Navigation,Streetwise (Urban Underworld),Geography of Faerûn | Religious Cults & Orders,Leatherworking & Tanning | Viticulture & Winemaking,Thorass,Chondathan | Druidic | Thorass,1006,293.4,universal_standard,1,Modest,Palfrey | Buckler,790.0,216,Belt (leather) + Belt pouch (large) | Map case + blank regional map | Lamp oil (flacon) x3 | Grappling hook | 10' pole | Crowbar (standard) | Bâton de marche / Walking Staff | Buckler,Backpack (medium leather) | Tent 2-man leather | Sleeping furs (light) | Blanket (heavy) | Field rations (basic) x7 | Waterskin (1 gal) x2 | Canteen (1 pt) | Lantern (hooded) | Rope (standard 50') | Hammer + 10 pitons | Flint & steel | Tinderbox | Cloak (wool hooded) | Boots (normal leather) | Gloves (leather) | Hat (leather) | Palfrey,-1.0,NO,None,,-1,0,0,0,6,155.0,57.5,-2,4,7,-3,0,-1,3,-1,3,6,Aucun,2026-05-28 13:35:34
CH-00049,Human,Chultan,Chult,Remote Trading Post,Groupe3_Coeur_Continental,Wild Plant Foraging | Forest Stealth | Marsh Movement | Advanced Tracking,,Major Religions & Deities | Orc & Goblinoid Culture | Major Cities & Regions | Astronomy & Star Navigation,Weaving & Spinning,Chultan,Chultan,886,293.4,universal_standard,1,Modest,Falchion,450.0,436,Belt (leather) + Belt pouch (large) | Map case + blank regional map | Lamp oil (flacon) x3 | Grappling hook | 10' pole | Crowbar (standard) | Bâton de marche / Walking Staff | Falchion,Backpack (medium leather) | Tent 2-man leather | Sleeping furs (light) | Blanket (heavy) | Field rations (basic) x7 | Waterskin (1 gal) x2 | Canteen (1 pt) | Lantern (hooded) | Rope (standard 50') | Hammer + 10 pitons | Flint & steel | Tinderbox | Cloak (wool hooded) | Boots (normal leather) | Gloves (leather) | Hat (leather),-6.94,YES,Arcanique,Magicien,-3,-2,-1,-3,2,163.5,67.4,-1,-1,-4,2,0,4,1,-5,0,-4,Aucun,2026-05-28 13:35:34
CH-00050,Human,Turami,Chessenta,Rural Village,Groupe2_Sud_Marchand,Complex Terrain Navigation | Advanced Tracking | Coastal Survival | Technical Rock Climbing | Mountain Endurance,,"Orc & Goblinoid Culture | Festivals, Calendars & Traditions | Local Folklore & Legends | History of the Realms",Carpentry & Woodworking | Weapons & Armor Smithing | Clockmaking & Complex Mechanisms,Turami | Chessentan,Chessentan | Chondathan | Turami,1483,293.4,universal_standard,1,Modest,Sallet ou Armet (classique),550.0,933,Belt (leather) + Belt pouch (large) | Map case + blank regional map | Lamp oil (flacon) x3 | Grappling hook | 10' pole | Crowbar (standard) | Bâton de marche / Walking Staff | Sallet ou Armet (classique),Backpack (medium leather) | Tent 2-man leather | Sleeping furs (light) | Blanket (heavy) | Field rations (basic) x7 | Waterskin (1 gal) x2 | Canteen (1 pt) | Lantern (hooded) | Rope (standard 50') | Hammer + 10 pitons | Flint & steel | Tinderbox | Cloak (wool hooded) | Boots (normal leather) | Gloves (leather) | Hat (leather),9.46,NO,None,,4,3,-3,0,6,173.8,78.9,0,10,-4,-1,-1,-6,2,3,6,-5,Aucun,2026-05-28 13:35:34
CH-00051,Human,Chondathan,Chondath,Small Town,Groupe4_Vilhon_Est,Dark Water Swimming,Disguise & Impersonation | Streetwise (Urban Underworld) | Streetwise (Urban Underworld),Halfling Culture | Major Religions & Deities | History of Imaskar | Major Cities & Regions,Cooking (Fine Cuisine) | Locksmithing & Mechanisms,Chondathan,Chondathan | Turmish,1328,293.4,universal_standard,1,Modest,Leather chanfron | Light Crossbow | Quiver,650.0,678,Belt (leather) + Belt pouch (large) | Map case + blank regional map | Lamp oil (flacon) x3 | Grappling hook | 10' pole | Crowbar (standard) | Bâton de marche / Walking Staff | Leather chanfron | Light Crossbow | Quiver,Backpack (medium leather) | Tent 2-man leather | Sleeping furs (light) | Blanket (heavy) | Field rations (basic) x7 | Waterskin (1 gal) x2 | Canteen (1 pt) | Lantern (hooded) | Rope (standard 50') | Hammer + 10 pitons | Flint & steel | Tinderbox | Cloak (wool hooded) | Boots (normal leather) | Gloves (leather) | Hat (leather),10.16,NO,None,,5,2,-1,-1,8,181.5,97.4,1,2,-7,3,0,-3,3,-1,0,-6,Aucun,2026-05-28 13:35:34
CH-00052,Human,Illuskan,Icewind Dale,Isolated Hamlet,Groupe5_Nord_Sauvage,Deep-Sea Fishing | Storm and Seasickness Mastery | Oceanic Navigation,Urban Observation and Tailing,Geography of Faerûn | Halfling Culture | Weave Theory | Aberration Lore,Carpentry & Woodworking,Northlander | Thorass,Illuskan | Northlander,380,293.4,universal_standard,0,None,"Lancet, bleeding",2.0,378,"Belt (leather) + Belt pouch (large) | Map case + blank regional map | Lamp oil (flacon) x3 | Grappling hook | 10' pole | Crowbar (standard) | Bâton de marche / Walking Staff | Lancet, bleeding",Backpack (medium leather) | Tent 2-man leather | Sleeping furs (light) | Blanket (heavy) | Field rations (basic) x7 | Waterskin (1 gal) x2 | Canteen (1 pt) | Lantern (hooded) | Rope (standard 50') | Hammer + 10 pitons | Flint & steel | Tinderbox | Cloak (wool hooded) | Boots (normal leather) | Gloves (leather) | Hat (leather),-3.09,YES,Arcanique,Magicien,1,-1,-5,0,2,177.0,78.9,1,-3,1,-2,-4,-2,2,-7,-5,0,Aucun,2026-05-28 13:35:34
CH-00053,Human,Calishite,Calimshan,Major Port City,Groupe2_Sud_Marchand,Plains Tracking,Criminal Organizations & Syndicates | Urban Observation and Tailing | Noble Houses & Court Intrigue | Fences and Buyers Network | City Secrets & Hidden Routes,"Trade Routes & Commerce | Cosmology (Weave, Shadow Weave) | History of Imaskar | Major Cities & Regions",Glassworking,Tashalan | Mulhorandi,Chondathan | Mulhorandi | Tashalan,3221,293.4,universal_standard,2,Comfortable,Poleaxe | Palfrey | Lucerne Hammer | Cloak (soie légère),1935.0,1286,Belt (leather) + Belt pouch (large) | Map case + blank regional map | Lamp oil (flacon) x3 | Grappling hook | 10' pole | Crowbar (standard) | Bâton de marche / Walking Staff | Poleaxe,Backpack (medium leather) | Tent 2-man leather | Sleeping furs (light) | Blanket (heavy) | Field rations (basic) x7 | Waterskin (1 gal) x2 | Canteen (1 pt) | Lantern (hooded) | Rope (standard 50') | Hammer + 10 pitons | Flint & steel | Tinderbox | Cloak (wool hooded) | Boots (normal leather) | Gloves (leather) | Hat (leather) | Palfrey | Lucerne Hammer | Cloak (soie légère),23.24,NO,None,,3,4,3,4,0,178.6,78.9,1,3,3,10,0,2,-3,8,7,6,Aucun,2026-05-28 13:35:34
CH-00054,Human,Tethyrian,The Dalelands,Rural Village,Groupe3_Coeur_Continental,Complex Terrain Navigation | Advanced Tracking | Forest Stealth | Shelter Construction | Wild Plant Foraging | Underground Navigation,,Major Cities & Regions | Weave Theory | Magical Schools & Traditions | Dragon Lore,Animal Husbandry & Training | Exotic Herbalism | Smithing & Metallurgy,Tethyrian | Thorass,Chondathan | Druidic | Sembian | Tethyrian,1198,293.4,universal_standard,2,Comfortable,Burgonet (Maximilian),1100.0,98,Belt (leather) + Belt pouch (large) | Map case + blank regional map | Lamp oil (flacon) x3 | Grappling hook | 10' pole | Crowbar (standard) | Bâton de marche / Walking Staff | Burgonet (Maximilian),Backpack (medium leather) | Tent 2-man leather | Sleeping furs (light) | Blanket (heavy) | Field rations (basic) x7 | Waterskin (1 gal) x2 | Canteen (1 pt) | Lantern (hooded) | Rope (standard 50') | Hammer + 10 pitons | Flint & steel | Tinderbox | Cloak (wool hooded) | Boots (normal leather) | Gloves (leather) | Hat (leather),2.64,NO,None,,1,0,2,-1,6,160.4,74.8,-1,0,-1,3,2,10,2,6,1,0,Aucun,2026-05-28 13:35:34
CH-00055,Human,Talfir,Western Heartlands,Large Town,Groupe3_Coeur_Continental,Field Weapon Maintenance,Urban Observation and Tailing | Streetwise (Urban Underworld),Religious Cults & Orders | Laws & Customs of Nations | Cultural Interactions,Navigation (Land & Sea) | High Court Intrigue & Politics,Chondathan,Chondathan | Elfique | Talfir,1377,293.4,universal_standard,1,Modest,Military Fork | Buckler,700.0,677,Belt (leather) + Belt pouch (large) | Map case + blank regional map | Lamp oil (flacon) x3 | Grappling hook | 10' pole | Crowbar (standard) | Bâton de marche / Walking Staff | Military Fork | Buckler,Backpack (medium leather) | Tent 2-man leather | Sleeping furs (light) | Blanket (heavy) | Field rations (basic) x7 | Waterskin (1 gal) x2 | Canteen (1 pt) | Lantern (hooded) | Rope (standard 50') | Hammer + 10 pitons | Flint & steel | Tinderbox | Cloak (wool hooded) | Boots (normal leather) | Gloves (leather) | Hat (leather),0.42,NO,None,,-2,-1,3,-2,5,149.5,60.6,-3,1,0,4,2,8,2,-4,4,1,Aucun,2026-05-28 13:35:34
CH-00056,Human,Mulan,Mulhorand,Large Town,Groupe8_Mulhorand,Marsh Movement,Fences and Buyers Network | Streetwise (Urban Underworld) | Forgery of Documents & Seals,Political Currents & Rivalries | Trade Routes & Commerce | Court Etiquette & Protocol | Lost Kingdoms & Cities,Carpentry & Woodworking | Masonry,Untheric | Mulhorandi,Mulhorandi | Untheric,1750,293.4,universal_standard,2,Comfortable,Palfrey | Sallet ou Armet (classique),1395.0,355,Belt (leather) + Belt pouch (large) | Map case + blank regional map | Lamp oil (flacon) x3 | Grappling hook | 10' pole | Crowbar (standard) | Bâton de marche / Walking Staff | Sallet ou Armet (classique),Backpack (medium leather) | Tent 2-man leather | Sleeping furs (light) | Blanket (heavy) | Field rations (basic) x7 | Waterskin (1 gal) x2 | Canteen (1 pt) | Lantern (hooded) | Rope (standard 50') | Hammer + 10 pitons | Flint & steel | Tinderbox | Cloak (wool hooded) | Boots (normal leather) | Gloves (leather) | Hat (leather) | Palfrey,1.02,NO,None,,-2,0,2,0,7,162.0,67.4,-1,-4,3,7,0,5,-1,7,1,5,Aucun,2026-05-28 13:35:34
CH-00057,Human,Rashemi,Rashemen,Nomad Camp,Groupe10_Rashemen,Complex Terrain Navigation | Marsh Movement | Forest Stealth | Advanced Tracking | Wild Plant Foraging | Confined Space Stealth,,Laws & Customs of Nations | Major Religions & Deities | Weave Theory | Major Cities & Regions,Navigation (Land & Sea),Chondathan | Rashemi,Chondathan | Rashemi,972,293.4,universal_standard,1,Modest,Bevor | Mail coif,780.0,192,Belt (leather) + Belt pouch (large) | Map case + blank regional map | Lamp oil (flacon) x3 | Grappling hook | 10' pole | Crowbar (standard) | Bâton de marche / Walking Staff | Bevor | Mail coif,Backpack (medium leather) | Tent 2-man leather | Sleeping furs (light) | Blanket (heavy) | Field rations (basic) x7 | Waterskin (1 gal) x2 | Canteen (1 pt) | Lantern (hooded) | Rope (standard 50') | Hammer + 10 pitons | Flint & steel | Tinderbox | Cloak (wool hooded) | Boots (normal leather) | Gloves (leather) | Hat (leather),-0.45,NO,None,,2,0,-5,0,12,190.1,87.7,2,-1,-3,-1,-4,2,0,3,-4,-4,Aucun,2026-05-28 13:35:34
CH-00058,Human,Illuskan,Luskan,Fishing Village,Groupe1_Cote_des_Epees,Island Navigation | Complex Terrain Navigation | Storm and Seasickness Mastery | Oceanic Navigation,,Major Cities & Regions | Ruins & Major Archaeological Sites | Local Folklore & Legends,Sail & Rope Making | Weapons & Armor Smithing | Weaving & Spinning,Illuskan,Illuskan,766,293.4,universal_standard,1,Modest,Rouncey | Gorget (élevé),700.0,66,Belt (leather) + Belt pouch (large) | Map case + blank regional map | Lamp oil (flacon) x3 | Grappling hook | 10' pole | Crowbar (standard) | Bâton de marche / Walking Staff | Gorget (élevé),Backpack (medium leather) | Tent 2-man leather | Sleeping furs (light) | Blanket (heavy) | Field rations (basic) x7 | Waterskin (1 gal) x2 | Canteen (1 pt) | Lantern (hooded) | Rope (standard 50') | Hammer + 10 pitons | Flint & steel | Tinderbox | Cloak (wool hooded) | Boots (normal leather) | Gloves (leather) | Hat (leather) | Rouncey,-9.57,YES,Sauvage,Magie Verte,-3,-3,-5,-3,3,172.5,67.4,0,-1,-3,-4,-3,1,4,-5,-3,-5,Aucun,2026-05-28 13:35:34
CH-00059,Human,Calishite,Calimshan,Major Port City,Groupe2_Sud_Marchand,Wild Plant Foraging | Open Land Navigation,Black Market Operations | Streetwise (Urban Underworld) | Fences and Buyers Network | Heraldry & Lineage Recognition | Urban Stealth & Shadowing,Halfling Culture | Trade Routes & Commerce | Major Religions & Deities | Fall of Myth Drannor,Embroidery & Fine Sewing | Jewelry & Goldsmithing | Shipbuilding,Calishite | Thorass,Calishite | Chondathan | Tashalan | Thorass,4137,293.4,universal_standard,3,Wealthy,Courser | Rouncey | Lockpicks (fine) | Crossbow | Palfrey | Buckler | Quiver,2825.0,1312,Belt (leather) + Belt pouch (large) | Map case + blank regional map | Lamp oil (flacon) x3 | Grappling hook | 10' pole | Crowbar (standard) | Bâton de marche / Walking Staff | Lockpicks (fine) | Crossbow | Buckler | Quiver,Backpack (medium leather) | Tent 2-man leather | Sleeping furs (light) | Blanket (heavy) | Field rations (basic) x7 | Waterskin (1 gal) x2 | Canteen (1 pt) | Lantern (hooded) | Rope (standard 50') | Hammer + 10 pitons | Flint & steel | Tinderbox | Cloak (wool hooded) | Boots (normal leather) | Gloves (leather) | Hat (leather) | Courser | Rouncey | Palfrey,-1.6,NO,None,,-2,-1,2,-2,10,148.2,60.6,-3,-6,9,2,0,9,-7,-8,-3,9,Aucun,2026-05-28 13:35:34
CH-00060,Human,Tethyrian,Tethyr,Isolated Farmstead,Groupe2_Sud_Marchand,Forest Stealth | Wild Plant Foraging | Desert Water Mastery | Plains Tracking | Advanced Tracking,,"Trade Routes & Commerce | Orc & Goblinoid Culture | History of the Realms | Festivals, Calendars & Traditions",Cooking (Fine Cuisine),Illuskan | Thorass,Chondathan | Elfique | Illuskan | Tethyrian,1625,293.4,universal_standard,1,Modest,Morning Star | Mail coif,720.0,905,Belt (leather) + Belt pouch (large) | Map case + blank regional map | Lamp oil (flacon) x3 | Grappling hook | 10' pole | Crowbar (standard) | Bâton de marche / Walking Staff | Morning Star | Mail coif,Backpack (medium leather) | Tent 2-man leather | Sleeping furs (light) | Blanket (heavy) | Field rations (basic) x7 | Waterskin (1 gal) x2 | Canteen (1 pt) | Lantern (hooded) | Rope (standard 50') | Hammer + 10 pitons | Flint & steel | Tinderbox | Cloak (wool hooded) | Boots (normal leather) | Gloves (leather) | Hat (leather),-5.88,YES,Théurgique,Magie Blanche,-2,0,-4,-2,-3,143.0,57.5,-4,2,4,3,-5,2,1,6,5,5,Aucun,2026-05-28 13:35:34
CH-00061,Human,Uthgardt,Spine of the World,Mountain Village,Groupe3_Coeur_Continental,Technical Rock Climbing | Wild Animal Handling | Plains Tracking | River Crossing | Advanced Tracking | Forest Stealth,Streetwise (Urban Underworld),Ruins & Major Archaeological Sites | Local Folklore & Legends | Trade Routes & Commerce | Aberration Lore,Smithing & Metallurgy,Illuskan,Illuskan | Northlander | Reghed | Uthgardt,539,293.4,universal_standard,1,Modest,Voulge,480.0,59,Belt (leather) + Belt pouch (large) | Map case + blank regional map | Lamp oil (flacon) x3 | Grappling hook | 10' pole | Crowbar (standard) | Bâton de marche / Walking Staff | Voulge,Backpack (medium leather) | Tent 2-man leather | Sleeping furs (light) | Blanket (heavy) | Field rations (basic) x7 | Waterskin (1 gal) x2 | Canteen (1 pt) | Lantern (hooded) | Rope (standard 50') | Hammer + 10 pitons | Flint & steel | Tinderbox | Cloak (wool hooded) | Boots (normal leather) | Gloves (leather) | Hat (leather),0.48,NO,None,,3,-1,-3,-2,17,184.8,102.7,2,-9,-3,-3,-1,4,-3,-3,-13,-4,Aucun,2026-05-28 13:35:34
CH-00062,Dwarf,Gold Dwarf,Great Rift,Isolated Hamlet,Groupe6_Bloc_Nain,Wild Plant Foraging | Mountain Endurance | Technical Rock Climbing | Underground Navigation | Advanced Tracking | Complex Terrain Navigation,Guild Knowledge & Politics,Religious Cults & Orders | History of the Realms | Trade Routes & Commerce,Masonry | Jewelry & Goldsmithing,Chondathan,Chondathan | Nain,709,293.4,universal_standard,1,Modest,Fauld | Kettle hat,600.0,109,Belt (leather) + Belt pouch (large) | Map case + blank regional map | Lamp oil (flacon) x3 | Grappling hook | 10' pole | Crowbar (standard) | Bâton de marche / Walking Staff | Fauld,Backpack (medium leather) | Tent 2-man leather | Sleeping furs (light) | Blanket (heavy) | Field rations (basic) x7 | Waterskin (1 gal) x2 | Canteen (1 pt) | Lantern (hooded) | Rope (standard 50') | Hammer + 10 pitons | Flint & steel | Tinderbox | Cloak (wool hooded) | Boots (normal leather) | Gloves (leather) | Hat (leather) | Kettle hat,-6.68,YES,Arcanique,Magicien,-2,-3,-1,-7,0,117.4,51.8,-8,1,7,-6,0,8,-4,-3,0,5,Vision dans le noir + Robustesse naine,2026-05-28 13:35:34
CH-00063,Human,Chondathan,Western Heartlands,Large Town,Groupe3_Coeur_Continental,Plains Tracking | Advanced Tracking | Open Land Navigation | Island Navigation,City Secrets & Hidden Routes | Disguise & Impersonation | Guild Knowledge & Politics,Major Cities & Regions | Gnomish Culture | Laws & Customs of Nations | Political Currents & Rivalries,Navigation (Land & Sea) | Leatherworking & Tanning | Architecture,Chondathan | Thorass,Chondathan | Elfique,1340,293.4,universal_standard,1,Modest,Morning Star | Tassets,875.0,465,Belt (leather) + Belt pouch (large) | Map case + blank regional map | Lamp oil (flacon) x3 | Grappling hook | 10' pole | Crowbar (standard) | Bâton de marche / Walking Staff | Morning Star | Tassets,Backpack (medium leather) | Tent 2-man leather | Sleeping furs (light) | Blanket (heavy) | Field rations (basic) x7 | Waterskin (1 gal) x2 | Canteen (1 pt) | Lantern (hooded) | Rope (standard 50') | Hammer + 10 pitons | Flint & steel | Tinderbox | Cloak (wool hooded) | Boots (normal leather) | Gloves (leather) | Hat (leather),7.34,NO,None,,4,1,-2,1,5,181.8,83.2,1,3,1,-4,0,2,8,-1,-2,-1,Aucun,2026-05-28 13:35:34
CH-00064,Human,Tethyrian,Baldur's Gate,Large Town,Groupe1_Cote_des_Epees,Storm and Seasickness Mastery | Wild Plant Foraging | Oceanic Navigation | Forest Stealth,Urban Observation and Tailing | Urban Observation and Tailing | Streetwise (Urban Underworld),Ruins & Major Archaeological Sites | Trade Routes & Commerce | Dwarven Culture,Accounting & Estate Management | Smithing & Metallurgy | Cabinetmaking & Marquetry,Illuskan,Chondathan | Illuskan,2937,293.4,universal_standard,0,None,"Lancet, bleeding",2.0,2935,"Belt (leather) + Belt pouch (large) | Map case + blank regional map | Lamp oil (flacon) x3 | Grappling hook | 10' pole | Crowbar (standard) | Bâton de marche / Walking Staff | Lancet, bleeding",Backpack (medium leather) | Tent 2-man leather | Sleeping furs (light) | Blanket (heavy) | Field rations (basic) x7 | Waterskin (1 gal) x2 | Canteen (1 pt) | Lantern (hooded) | Rope (standard 50') | Hammer + 10 pitons | Flint & steel | Tinderbox | Cloak (wool hooded) | Boots (normal leather) | Gloves (leather) | Hat (leather),3.0,NO,None,,1,1,1,0,5,172.4,71.0,0,3,1,-1,2,2,6,13,1,0,Aucun,2026-05-28 13:35:34
CH-00065,Human,Chondathan,Western Heartlands,Small Town,Groupe3_Coeur_Continental,Plains Tracking | Open Land Navigation,Forgery of Documents & Seals | Urban Observation and Tailing | Urban Observation and Tailing | Urban Stealth & Shadowing,Legendary Artifacts & Relics | Political Currents & Rivalries,Weapons & Armor Smithing | Carpentry & Woodworking,Chondathan,Chondathan | Tethyrian | Thorass,1181,293.4,universal_standard,2,Comfortable,"Rouncey | Palfrey | Lancet, bleeding",1022.0,159,"Belt (leather) + Belt pouch (large) | Map case + blank regional map | Lamp oil (flacon) x3 | Grappling hook | 10' pole | Crowbar (standard) | Bâton de marche / Walking Staff | Lancet, bleeding",Backpack (medium leather) | Tent 2-man leather | Sleeping furs (light) | Blanket (heavy) | Field rations (basic) x7 | Waterskin (1 gal) x2 | Canteen (1 pt) | Lantern (hooded) | Rope (standard 50') | Hammer + 10 pitons | Flint & steel | Tinderbox | Cloak (wool hooded) | Boots (normal leather) | Gloves (leather) | Hat (leather) | Rouncey | Palfrey,-1.16,NO,None,,-1,1,-3,1,7,168.0,67.4,0,6,-5,6,-4,3,-1,0,8,-3,Aucun,2026-05-28 13:35:34
CH-00066,Human,Damaran,Moonsea,Military Outpost,Groupe4_Vilhon_Est,Mountain Endurance | Primitive Fire Mastery | Technical Rock Climbing | Complex Terrain Navigation | Advanced Tracking,Urban Observation and Tailing,Guilds & Organizations | Lost Kingdoms & Cities | History of the Realms | Laws & Customs of Nations,Viticulture & Winemaking | Weapons & Armor Smithing | Smithing & Metallurgy,Illuskan | Chondathan,Chondathan | Damaran | Illuskan,1421,293.4,universal_standard,1,Modest,"Tent 8-man leather | Lancet, bleeding",752.0,669,"Belt (leather) + Belt pouch (large) | Map case + blank regional map | Lamp oil (flacon) x3 | Grappling hook | 10' pole | Crowbar (standard) | Bâton de marche / Walking Staff | Lancet, bleeding",Backpack (medium leather) | Tent 2-man leather | Sleeping furs (light) | Blanket (heavy) | Field rations (basic) x7 | Waterskin (1 gal) x2 | Canteen (1 pt) | Lantern (hooded) | Rope (standard 50') | Hammer + 10 pitons | Flint & steel | Tinderbox | Cloak (wool hooded) | Boots (normal leather) | Gloves (leather) | Hat (leather) | Tent 8-man leather,-1.62,NO,None,,1,0,-2,-1,15,175.3,87.7,1,-5,-3,3,-2,-6,-4,0,-5,-2,Aucun,2026-05-28 13:35:34
CH-00067,Human,Durpari,Mulhorand,Large Town,Groupe8_Mulhorand,Desert Thermal Endurance,Temple Politics & Religious Intrigue | Disguise & Impersonation | Urban Stealth & Shadowing,Nobility & Heraldry | Orc & Goblinoid Culture | Secret Organizations,Rare Dye Making | Cartography | Glassworking,Durpari,Durpari | Lantanna,1601,293.4,universal_standard,2,Comfortable,Rapier | Buckler,1420.0,181,Belt (leather) + Belt pouch (large) | Map case + blank regional map | Lamp oil (flacon) x3 | Grappling hook | 10' pole | Crowbar (standard) | Bâton de marche / Walking Staff | Rapier | Buckler,Backpack (medium leather) | Tent 2-man leather | Sleeping furs (light) | Blanket (heavy) | Field rations (basic) x7 | Waterskin (1 gal) x2 | Canteen (1 pt) | Lantern (hooded) | Rope (standard 50') | Hammer + 10 pitons | Flint & steel | Tinderbox | Cloak (wool hooded) | Boots (normal leather) | Gloves (leather) | Hat (leather),-4.51,YES,Arcanique,Magicien,1,-1,-6,-1,2,165.0,67.4,-1,2,6,-11,-3,4,0,2,-5,2,Aucun,2026-05-28 13:35:34
CH-00068,Human,Turami,Turmish,Small Town,Groupe2_Sud_Marchand,Mountain Endurance | Advanced Tracking,Criminal Organizations & Syndicates | Urban Observation and Tailing | City Secrets & Hidden Routes | Disguise & Impersonation,Religious Cults & Orders | Nobility & Heraldry,Leatherworking & Tanning,None,Chondathan | Lantanna | Thorass,1344,293.4,universal_standard,2,Comfortable,Sallet ou Armet (classique) | Palfrey,1120.0,224,Belt (leather) + Belt pouch (large) | Map case + blank regional map | Lamp oil (flacon) x3 | Grappling hook | 10' pole | Crowbar (standard) | Bâton de marche / Walking Staff | Sallet ou Armet (classique),Backpack (medium leather) | Tent 2-man leather | Sleeping furs (light) | Blanket (heavy) | Field rations (basic) x7 | Waterskin (1 gal) x2 | Canteen (1 pt) | Lantern (hooded) | Rope (standard 50') | Hammer + 10 pitons | Flint & steel | Tinderbox | Cloak (wool hooded) | Boots (normal leather) | Gloves (leather) | Hat (leather) | Palfrey,15.93,NO,None,,2,1,6,0,6,173.8,78.9,0,4,-3,0,7,-2,-1,-2,2,-3,Aucun,2026-05-28 13:35:34
CH-00069,Human,Rashemi,Rashemen,Rural Village,Groupe10_Rashemen,Marsh Movement | Forest Stealth | Advanced Tracking,Lockpicking and Trap Disarming | Sleight of Hand & Cheating,Political Currents & Rivalries | Guilds & Organizations | Divine Myths & Legends,Animal Husbandry & Training,Thayan,Rashemi | Thayan,804,293.4,universal_standard,0,None,Kite shield,60.0,744,Belt (leather) + Belt pouch (large) | Map case + blank regional map | Lamp oil (flacon) x3 | Grappling hook | 10' pole | Crowbar (standard) | Bâton de marche / Walking Staff | Kite shield,Backpack (medium leather) | Tent 2-man leather | Sleeping furs (light) | Blanket (heavy) | Field rations (basic) x7 | Waterskin (1 gal) x2 | Canteen (1 pt) | Lantern (hooded) | Rope (standard 50') | Hammer + 10 pitons | Flint & steel | Tinderbox | Cloak (wool hooded) | Boots (normal leather) | Gloves (leather) | Hat (leather),-15.45,YES,Théurgique,Magie Blanche,-10,-7,-4,-7,0,139.4,49.1,-4,-4,-8,4,-3,9,8,3,2,-7,Aucun,2026-05-28 13:35:34
CH-00070,Human,Chondathan,Sembia,Large Town,Groupe2_Sud_Marchand,Weather Reading | Plains Tracking,Smuggling Networks | Forgery of Documents & Seals | Fences and Buyers Network,Ruins & Major Archaeological Sites | Trade Routes & Commerce | Dragon Lore | Gnomish Culture,Weaving & Spinning | Cooking (Fine Cuisine),Cormyrian | Chondathan,Chondathan | Cormyrian,3195,293.4,universal_standard,2,Comfortable,"Maul | Lancet, bleeding | Morning Star | Buckler",1172.0,2023,"Belt (leather) + Belt pouch (large) | Map case + blank regional map | Lamp oil (flacon) x3 | Grappling hook | 10' pole | Crowbar (standard) | Bâton de marche / Walking Staff | Maul | Lancet, bleeding | Morning Star | Buckler",Backpack (medium leather) | Tent 2-man leather | Sleeping furs (light) | Blanket (heavy) | Field rations (basic) x7 | Waterskin (1 gal) x2 | Canteen (1 pt) | Lantern (hooded) | Rope (standard 50') | Hammer + 10 pitons | Flint & steel | Tinderbox | Cloak (wool hooded) | Boots (normal leather) | Gloves (leather) | Hat (leather),-5.96,YES,Théurgique,Magie Blanche,-3,-4,1,-3,6,160.6,63.9,-1,-4,1,-6,3,-5,-2,0,-6,-1,Aucun,2026-05-28 13:35:34
CH-00071,Human,Uthgardt,Le Nord (The North),Mountain Village,Groupe5_Nord_Sauvage,Primitive Fire Mastery | Signaling and Rescue | Forced March Endurance | Plains Tracking | Forest Stealth,Information Brokerage,"Geography of Faerûn | History of Netheril | Genasi & Elemental Peoples | Cosmology (Weave, Shadow Weave)",Accounting & Estate Management,Illuskan | Uthgardt,Illuskan | Northlander | Uthgardt | Vaasan,742,293.4,universal_standard,0,None,"Lancet, bleeding",2.0,740,"Belt (leather) + Belt pouch (large) | Map case + blank regional map | Lamp oil (flacon) x3 | Grappling hook | 10' pole | Crowbar (standard) | Bâton de marche / Walking Staff | Lancet, bleeding",Backpack (medium leather) | Tent 2-man leather | Sleeping furs (light) | Blanket (heavy) | Field rations (basic) x7 | Waterskin (1 gal) x2 | Canteen (1 pt) | Lantern (hooded) | Rope (standard 50') | Hammer + 10 pitons | Flint & steel | Tinderbox | Cloak (wool hooded) | Boots (normal leather) | Gloves (leather) | Hat (leather),31.22,NO,None,,2,2,8,4,3,183.5,78.9,2,0,4,4,6,1,-8,1,1,5,Aucun,2026-05-28 13:35:34
CH-00072,Halfling,Strongheart Halfling,Luiren,Rural Village,Groupe3_Coeur_Continental,Primitive Fire Mastery | Forest Stealth | Complex Terrain Navigation | Plains Tracking | Wild Plant Foraging,Sleight of Hand & Cheating,Secret Organizations | Local Folklore & Legends,Preservation & Salting | Dyeing & Textile Coloring,None,Chondathan | Elfique,1034,293.4,universal_standard,1,Modest,Sallet ou Armet (classique),825.0,209,Belt (leather) + Belt pouch (large) | Map case + blank regional map | Lamp oil (flacon) x3 | Grappling hook | 10' pole | Crowbar (standard) | Bâton de marche / Walking Staff | Sallet ou Armet (classique),Backpack (medium leather) | Tent 2-man leather | Sleeping furs (light) | Blanket (heavy) | Field rations (basic) x7 | Waterskin (1 gal) x2 | Canteen (1 pt) | Lantern (hooded) | Rope (standard 50') | Hammer + 10 pitons | Flint & steel | Tinderbox | Cloak (wool hooded) | Boots (normal leather) | Gloves (leather) | Hat (leather),5.57,NO,None,,-20,-6,8,-3,-8,106.2,19.0,-10,7,13,7,4,2,4,8,22,15,Robustesse,2026-05-28 13:35:34
CH-00073,Dwarf,Gold Dwarf,Great Rift,Dwarven Fortress,Groupe6_Bloc_Nain,,Guild Knowledge & Politics | Poison Lore & Subtle Application | Disguise & Impersonation | Urban Stealth & Shadowing | Streetwise (Urban Underworld),Nobility & Heraldry | Political Currents & Rivalries | Legendary Artifacts & Relics | History of the Realms,Heraldry & Lineage,Thorass | Nain,Chondathan | Nain | Thorass,1022,293.4,universal_standard,1,Modest,"Pegleg, wooden | Gourdin / Cudgel | Palfrey",638.0,384,"Belt (leather) + Belt pouch (large) | Map case + blank regional map | Lamp oil (flacon) x3 | Grappling hook | 10' pole | Crowbar (standard) | Bâton de marche / Walking Staff | Pegleg, wooden | Gourdin / Cudgel",Backpack (medium leather) | Tent 2-man leather | Sleeping furs (light) | Blanket (heavy) | Field rations (basic) x7 | Waterskin (1 gal) x2 | Canteen (1 pt) | Lantern (hooded) | Rope (standard 50') | Hammer + 10 pitons | Flint & steel | Tinderbox | Cloak (wool hooded) | Boots (normal leather) | Gloves (leather) | Hat (leather) | Palfrey,-2.29,YES,Arcanique,Magicien,1,-1,0,-8,-3,117.2,60.6,-8,4,-2,2,0,-2,2,-2,5,-2,Vision dans le noir + Robustesse naine,2026-05-28 13:35:34
CH-00074,Halfling,Strongheart Halfling,Waterdeep,Metropolis,Groupe1_Cote_des_Epees,,Heraldry & Lineage Recognition | Disguise & Impersonation | Smuggling Networks | Urban Stealth & Shadowing,"Political Currents & Rivalries | Festivals, Calendars & Traditions | Halfling Culture",Embroidery & Fine Sewing | Architecture | Leatherworking & Tanning,Chondathan,Chondathan | Gnomish,5546,293.4,universal_standard,3,Wealthy,Rapier | Cutlass | Partisan | Garde-reins | Courser | Buckler,2990.0,2556,Belt (leather) + Belt pouch (large) | Map case + blank regional map | Lamp oil (flacon) x3 | Grappling hook | 10' pole | Crowbar (standard) | Bâton de marche / Walking Staff | Rapier | Cutlass | Partisan | Garde-reins | Buckler,Backpack (medium leather) | Tent 2-man leather | Sleeping furs (light) | Blanket (heavy) | Field rations (basic) x7 | Waterskin (1 gal) x2 | Canteen (1 pt) | Lantern (hooded) | Rope (standard 50') | Hammer + 10 pitons | Flint & steel | Tinderbox | Cloak (wool hooded) | Boots (normal leather) | Gloves (leather) | Hat (leather) | Courser,14.18,NO,None,,-20,-8,11,-5,-6,113.1,22.3,-8,1,6,8,8,-2,6,8,16,8,Robustesse,2026-05-28 13:35:34
CH-00075,Half-elf,Moon Half-elf,Baldur's Gate,Large Town,Groupe1_Cote_des_Epees,Dark Water Swimming | Wild Plant Foraging | Coastal Survival | Storm and Seasickness Mastery,Smuggling Networks | Urban Stealth & Shadowing | Disguise & Impersonation | Streetwise (Urban Underworld),Weave Theory | Geography of Faerûn,Shipbuilding,None,Chondathan | Elven High Speech,2824,293.4,universal_standard,2,Comfortable,Simple Breastplate | Reinforced Gambeson | Bill,1720.0,1104,Belt (leather) + Belt pouch (large) | Map case + blank regional map | Lamp oil (flacon) x3 | Grappling hook | 10' pole | Crowbar (standard) | Bâton de marche / Walking Staff | Simple Breastplate | Reinforced Gambeson | Bill,Backpack (medium leather) | Tent 2-man leather | Sleeping furs (light) | Blanket (heavy) | Field rations (basic) x7 | Waterskin (1 gal) x2 | Canteen (1 pt) | Lantern (hooded) | Rope (standard 50') | Hammer + 10 pitons | Flint & steel | Tinderbox | Cloak (wool hooded) | Boots (normal leather) | Gloves (leather) | Hat (leather),-3.26,YES,Sauvage,Magie Bleue,-4,-1,-2,0,-2,162.2,57.5,-1,2,2,4,-3,2,-5,10,6,3,Méditation + Immunité sommeil + VN (N1),2026-05-28 13:35:34
CH-00076,Human,Chondathan,Chondath,Large Town,Groupe4_Vilhon_Est,Littoral Foraging | Plains Tracking | Dark Water Swimming,Black Market Operations | Disguise & Impersonation | Urban Observation and Tailing,Trade Routes & Commerce | Fall of Myth Drannor | Weave Theory | History of the Realms,Accounting & Estate Management,Chondathan,Chondathan | Cormyrian,1747,293.4,universal_standard,2,Comfortable,Mace | Light Crossbow | Buckler | Quiver,1190.0,557,Belt (leather) + Belt pouch (large) | Map case + blank regional map | Lamp oil (flacon) x3 | Grappling hook | 10' pole | Crowbar (standard) | Bâton de marche / Walking Staff | Mace | Light Crossbow | Buckler | Quiver,Backpack (medium leather) | Tent 2-man leather | Sleeping furs (light) | Blanket (heavy) | Field rations (basic) x7 | Waterskin (1 gal) x2 | Canteen (1 pt) | Lantern (hooded) | Rope (standard 50') | Hammer + 10 pitons | Flint & steel | Tinderbox | Cloak (wool hooded) | Boots (normal leather) | Gloves (leather) | Hat (leather),-10.38,YES,Théurgique,Magie Verte,-6,-5,-2,-3,4,162.2,57.5,-1,-6,3,-5,0,1,2,0,-6,1,Aucun,2026-05-28 13:35:34
CH-00077,Human,Tethyrian,Baldur's Gate,Major Port City,Groupe1_Cote_des_Epees,,Disguise & Impersonation | Urban Observation and Tailing | Information Brokerage | Black Market Operations | Poison Lore & Subtle Application | Disguise & Impersonation,"Magical Schools & Traditions | Elven Culture | Fall of Myth Drannor | Cosmology (Weave, Shadow Weave)",Weaving & Spinning | Smithing & Metallurgy,Chondathan,Chondathan | Druidic | Sembian,3580,293.4,universal_standard,2,Comfortable,Maul | Sallet ou Armet (classique) | Falchion,1450.0,2130,Belt (leather) + Belt pouch (large) | Map case + blank regional map | Lamp oil (flacon) x3 | Grappling hook | 10' pole | Crowbar (standard) | Bâton de marche / Walking Staff | Maul | Sallet ou Armet (classique) | Falchion,Backpack (medium leather) | Tent 2-man leather | Sleeping furs (light) | Blanket (heavy) | Field rations (basic) x7 | Waterskin (1 gal) x2 | Canteen (1 pt) | Lantern (hooded) | Rope (standard 50') | Hammer + 10 pitons | Flint & steel | Tinderbox | Cloak (wool hooded) | Boots (normal leather) | Gloves (leather) | Hat (leather),12.52,NO,None,,1,1,5,1,6,166.2,74.8,0,0,2,2,4,-2,0,0,0,2,Aucun,2026-05-28 13:35:34
CH-00078,Human,Tethyrian,Baldur's Gate,Large Town,Groupe1_Cote_des_Epees,Forest Stealth | Oceanic Navigation | Dark Water Swimming | Storm and Seasickness Mastery,Disguise & Impersonation | Heraldry & Lineage Recognition,Major Cities & Regions | Guilds & Organizations,Weaving & Spinning | Mosaic & Fresco Art,Illuskan,Chondathan | Illuskan | Tethyrian,2880,293.4,universal_standard,2,Comfortable,Grappling hook | Simple Breastplate | Palfrey | Pike,1482.0,1398,Belt (leather) + Belt pouch (large) | Map case + blank regional map | Lamp oil (flacon) x3 | Grappling hook | 10' pole | Crowbar (standard) | Bâton de marche / Walking Staff | Grappling hook | Simple Breastplate | Pike,Backpack (medium leather) | Tent 2-man leather | Sleeping furs (light) | Blanket (heavy) | Field rations (basic) x7 | Waterskin (1 gal) x2 | Canteen (1 pt) | Lantern (hooded) | Rope (standard 50') | Hammer + 10 pitons | Flint & steel | Tinderbox | Cloak (wool hooded) | Boots (normal leather) | Gloves (leather) | Hat (leather) | Palfrey,2.04,NO,None,,0,-1,3,-2,11,163.2,78.9,-1,-8,3,3,2,2,-3,7,-6,4,Aucun,2026-05-28 13:35:34
CH-00079,Human,Ffolk,Moonshae Isles,Farming Hamlet,Groupe11_Moonshae,Oceanic Navigation | Dark Water Swimming | Storm and Seasickness Mastery | River Crossing,Urban Observation and Tailing,"Festivals, Calendars & Traditions | Laws & Customs of Nations | History of the Realms | Major Religions & Deities",Candle & Soap Making | Shipbuilding | Leatherworking & Tanning,Elfique | Moonshae,Elfique | Ffolk | Illuskan | Moonshae,713,293.4,universal_standard,1,Modest,Rouncey | Compass | Buckler,690.0,23,Belt (leather) + Belt pouch (large) | Map case + blank regional map | Lamp oil (flacon) x3 | Grappling hook | 10' pole | Crowbar (standard) | Bâton de marche / Walking Staff | Compass | Buckler,Backpack (medium leather) | Tent 2-man leather | Sleeping furs (light) | Blanket (heavy) | Field rations (basic) x7 | Waterskin (1 gal) x2 | Canteen (1 pt) | Lantern (hooded) | Rope (standard 50') | Hammer + 10 pitons | Flint & steel | Tinderbox | Cloak (wool hooded) | Boots (normal leather) | Gloves (leather) | Hat (leather) | Rouncey,-5.78,YES,Théurgique,Magie Blanche,-1,-3,-1,-2,11,191.8,87.7,2,-11,-1,-3,1,-7,-7,0,-13,-2,Aucun,2026-05-28 13:35:34
CH-00080,Human,Chondathan,Western Heartlands,Small Town,Groupe3_Coeur_Continental,Open Land Navigation | Desert Thermal Endurance | Advanced Tracking,Streetwise (Urban Underworld) | Streetwise (Urban Underworld),Astronomy & Star Navigation | Guilds & Organizations | Dragon Lore | Major Cities & Regions,Cooking (Fine Cuisine) | Sail & Rope Making,Chondathan,Chondathan | Cormyrian | Elfique,1418,293.4,universal_standard,2,Comfortable,Burgonet (Maximilian) | Crowbar (heavy),1108.0,310,Belt (leather) + Belt pouch (large) | Map case + blank regional map | Lamp oil (flacon) x3 | Grappling hook | 10' pole | Crowbar (standard) | Bâton de marche / Walking Staff | Burgonet (Maximilian) | Crowbar (heavy),Backpack (medium leather) | Tent 2-man leather | Sleeping furs (light) | Blanket (heavy) | Field rations (basic) x7 | Waterskin (1 gal) x2 | Canteen (1 pt) | Lantern (hooded) | Rope (standard 50') | Hammer + 10 pitons | Flint & steel | Tinderbox | Cloak (wool hooded) | Boots (normal leather) | Gloves (leather) | Hat (leather),-9.51,YES,Arcanique,Magicien,-2,-3,-5,-4,7,159.1,67.4,-1,2,-6,-7,-1,0,-4,-1,-3,-9,Aucun,2026-05-28 13:35:34
CH-00081,Human,Talfir,Tethyr,Small Town,Groupe2_Sud_Marchand,Open Land Navigation | Desert Water Mastery,Urban Stealth & Shadowing | Sleight of Hand & Cheating | Urban Stealth & Shadowing,"Festivals, Calendars & Traditions | Geography of Faerûn | Cultural Interactions | Gnomish Culture",Animal Husbandry & Training,Druidic | Thorass,Chondathan | Druidic | Thorass,1731,293.4,universal_standard,2,Comfortable,Plackart | Estoc | Bill,1670.0,61,Belt (leather) + Belt pouch (large) | Map case + blank regional map | Lamp oil (flacon) x3 | Grappling hook | 10' pole | Crowbar (standard) | Bâton de marche / Walking Staff | Plackart | Estoc | Bill,Backpack (medium leather) | Tent 2-man leather | Sleeping furs (light) | Blanket (heavy) | Field rations (basic) x7 | Waterskin (1 gal) x2 | Canteen (1 pt) | Lantern (hooded) | Rope (standard 50') | Hammer + 10 pitons | Flint & steel | Tinderbox | Cloak (wool hooded) | Boots (normal leather) | Gloves (leather) | Hat (leather),29.11,NO,None,,6,3,5,2,6,188.1,102.7,2,-4,4,1,4,5,-6,9,-7,4,Aucun,2026-05-28 13:35:34
CH-00082,Human,Calishite,Calimshan,Large Town,Groupe2_Sud_Marchand,Desert Thermal Endurance | Open Land Navigation | Desert Water Mastery | Plains Tracking,Streetwise (Urban Underworld) | Streetwise (Urban Underworld) | Urban Stealth & Shadowing,Weave Theory | Political Currents & Rivalries,Perfumery & Cosmetics | Forgery of Official Documents,Tashalan,Chondathan | Infernal | Mulhorandi | Tashalan,2505,293.4,universal_standard,2,Comfortable,Lockpicks (fine) | Courser | Lance | Leather crinet | Fauld | Palfrey,1955.0,550,Belt (leather) + Belt pouch (large) | Map case + blank regional map | Lamp oil (flacon) x3 | Grappling hook | 10' pole | Crowbar (standard) | Bâton de marche / Walking Staff | Lockpicks (fine) | Lance | Leather crinet | Fauld,Backpack (medium leather) | Tent 2-man leather | Sleeping furs (light) | Blanket (heavy) | Field rations (basic) x7 | Waterskin (1 gal) x2 | Canteen (1 pt) | Lantern (hooded) | Rope (standard 50') | Hammer + 10 pitons | Flint & steel | Tinderbox | Cloak (wool hooded) | Boots (normal leather) | Gloves (leather) | Hat (leather) | Courser | Palfrey,6.66,NO,None,,0,1,3,1,2,157.8,60.6,-2,7,4,0,3,7,2,4,7,4,Aucun,2026-05-28 13:35:34
CH-00083,Human,Damaran,Damara,Mountain Village,Groupe5_Nord_Sauvage,Rope Making and Knot Mastery | Hermetic Medicine | Technical Rock Climbing | Extreme Cold Resistance | Complex Terrain Navigation | Mountain Endurance,Poison Lore & Subtle Application,"History of Magic | Political Currents & Rivalries | Nobility & Heraldry | Festivals, Calendars & Traditions",Locksmithing & Mechanisms,Chondathan | Thorass,Chondathan | Nar,921,293.4,universal_standard,1,Modest,Main-gauche,640.0,281,Belt (leather) + Belt pouch (large) | Map case + blank regional map | Lamp oil (flacon) x3 | Grappling hook | 10' pole | Crowbar (standard) | Bâton de marche / Walking Staff | Main-gauche,Backpack (medium leather) | Tent 2-man leather | Sleeping furs (light) | Blanket (heavy) | Field rations (basic) x7 | Waterskin (1 gal) x2 | Canteen (1 pt) | Lantern (hooded) | Rope (standard 50') | Hammer + 10 pitons | Flint & steel | Tinderbox | Cloak (wool hooded) | Boots (normal leather) | Gloves (leather) | Hat (leather),3.64,NO,None,,0,1,2,0,3,157.7,63.9,-2,5,0,5,1,0,4,6,8,1,Aucun,2026-05-28 13:35:34
CH-00084,Human,Ffolk,Moonshae Isles,Fishing Village,Groupe11_Moonshae,Oceanic Navigation | Coastal Survival | River Crossing | Storm and Seasickness Mastery,,"Ancient Realms (Netheril, Imaskar...) | Trade Routes & Commerce | Divine Myths & Legends | Cosmology (Weave, Shadow Weave)",Accounting & Estate Management,Illuskan,Chondathan | Elfique | Illuskan,776,293.4,universal_standard,1,Modest,Gorget (élevé) | Surgical knife | Buckler,725.0,51,Belt (leather) + Belt pouch (large) | Map case + blank regional map | Lamp oil (flacon) x3 | Grappling hook | 10' pole | Crowbar (standard) | Bâton de marche / Walking Staff | Gorget (élevé) | Surgical knife | Buckler,Backpack (medium leather) | Tent 2-man leather | Sleeping furs (light) | Blanket (heavy) | Field rations (basic) x7 | Waterskin (1 gal) x2 | Canteen (1 pt) | Lantern (hooded) | Rope (standard 50') | Hammer + 10 pitons | Flint & steel | Tinderbox | Cloak (wool hooded) | Boots (normal leather) | Gloves (leather) | Hat (leather),4.64,NO,None,,0,2,1,1,3,157.7,63.9,-2,7,1,5,0,5,0,0,9,2,Aucun,2026-05-28 13:35:34
CH-00085,Gnome,Rock Gnome,Lantan,Large Town,Groupe3_Coeur_Continental,Rope Making and Knot Mastery | Underground Navigation | Mountain Endurance | Arctic Hunting,City Secrets & Hidden Routes | Guild Knowledge & Politics | High Society Manipulation | Disguise & Impersonation,"Major Religions & Deities | Divine Myths & Legends | Weave Theory | Ancient Realms (Netheril, Imaskar...)",Stoneworking | Cooking (Fine Cuisine),Nain,Chondathan | Gnomish | Halruaan | Lantanna | Nain,3300,293.4,universal_standard,2,Comfortable,"War Hammer | Courser | Lancet, bleeding",1022.0,2278,"Belt (leather) + Belt pouch (large) | Map case + blank regional map | Lamp oil (flacon) x3 | Grappling hook | 10' pole | Crowbar (standard) | Bâton de marche / Walking Staff | Lancet, bleeding",Backpack (medium leather) | Tent 2-man leather | Sleeping furs (light) | Blanket (heavy) | Field rations (basic) x7 | Waterskin (1 gal) x2 | Canteen (1 pt) | Lantern (hooded) | Rope (standard 50') | Hammer + 10 pitons | Flint & steel | Tinderbox | Cloak (wool hooded) | Boots (normal leather) | Gloves (leather) | Hat (leather) | War Hammer | Courser,-17.24,YES,Théurgique,Magie Verte,-22,-14,2,-14,3,105.0,24.7,-10,-5,-5,-1,4,-5,1,1,5,-6,Vision nocturne N1,2026-05-28 13:35:34
CH-00086,Human,Ffolk,Moonshae Isles,Fishing Village,Groupe11_Moonshae,Coastal Survival | Oceanic Navigation | Dark Water Swimming | Storm and Seasickness Mastery,Heraldry & Lineage Recognition | Disguise & Impersonation,Divine Myths & Legends | Secret Organizations | Weave Theory | Magical Schools & Traditions,Sail & Rope Making | Brewing & Distilling | Cooking (Fine Cuisine),Elfique | Moonshae,Elfique | Ffolk | Illuskan | Moonshae,711,293.4,universal_standard,1,Modest,"Palfrey | Lancet, bleeding",572.0,139,"Belt (leather) + Belt pouch (large) | Map case + blank regional map | Lamp oil (flacon) x3 | Grappling hook | 10' pole | Crowbar (standard) | Bâton de marche / Walking Staff | Lancet, bleeding",Backpack (medium leather) | Tent 2-man leather | Sleeping furs (light) | Blanket (heavy) | Field rations (basic) x7 | Waterskin (1 gal) x2 | Canteen (1 pt) | Lantern (hooded) | Rope (standard 50') | Hammer + 10 pitons | Flint & steel | Tinderbox | Cloak (wool hooded) | Boots (normal leather) | Gloves (leather) | Hat (leather) | Palfrey,-4.78,YES,Arcanique,Magicien,-3,-1,-2,0,2,168.0,67.4,0,-3,0,4,-3,-3,-3,-3,0,1,Aucun,2026-05-28 13:35:34
CH-00087,Human,Damaran,The Cold Lands,Mountain Village,Groupe3_Coeur_Continental,Arctic Hunting | Complex Terrain Navigation | Technical Rock Climbing | Snow and Ice Shelter Building | Mountain Endurance,,History of Magic | Guilds & Organizations | History of Netheril | History of the Realms,Masonry,Reghed | Thorass,Damaran | Reghed | Vaasan,452,293.4,universal_standard,1,Modest,Tassets,375.0,77,Belt (leather) + Belt pouch (large) | Map case + blank regional map | Lamp oil (flacon) x3 | Grappling hook | 10' pole | Crowbar (standard) | Bâton de marche / Walking Staff | Tassets,Backpack (medium leather) | Tent 2-man leather | Sleeping furs (light) | Blanket (heavy) | Field rations (basic) x7 | Waterskin (1 gal) x2 | Canteen (1 pt) | Lantern (hooded) | Rope (standard 50') | Hammer + 10 pitons | Flint & steel | Tinderbox | Cloak (wool hooded) | Boots (normal leather) | Gloves (leather) | Hat (leather),-2.49,YES,Théurgique,Magie Verte,2,0,-6,-2,3,163.4,71.0,-1,4,2,-9,-3,1,-2,-10,-3,-1,Aucun,2026-05-28 13:35:34
CH-00088,Human,Chondathan,The Dalelands,Forest Village,Groupe3_Coeur_Continental,Open Land Navigation | Advanced Tracking | Wild Plant Foraging | Plains Tracking | Forest Stealth,Lockpicking and Trap Disarming,Divine Myths & Legends | Geography of Faerûn | Laws & Customs of Nations,Carpentry & Woodworking,Elfique,Chondathan | Elfique,801,293.4,universal_standard,1,Modest,Arming Sword,450.0,351,Belt (leather) + Belt pouch (large) | Map case + blank regional map | Lamp oil (flacon) x3 | Grappling hook | 10' pole | Crowbar (standard) | Bâton de marche / Walking Staff | Arming Sword,Backpack (medium leather) | Tent 2-man leather | Sleeping furs (light) | Blanket (heavy) | Field rations (basic) x7 | Waterskin (1 gal) x2 | Canteen (1 pt) | Lantern (hooded) | Rope (standard 50') | Hammer + 10 pitons | Flint & steel | Tinderbox | Cloak (wool hooded) | Boots (normal leather) | Gloves (leather) | Hat (leather),9.94,NO,None,,3,2,0,2,7,180.2,83.2,1,-3,6,0,-1,6,-2,-2,-4,6,Aucun,2026-05-28 13:35:34
CH-00089,Human,Calishite,Calimshan,Major Trade City,Groupe2_Sud_Marchand,,Information Brokerage | Urban Observation and Tailing | Urban Stealth & Shadowing | Smuggling Networks | Urban Observation and Tailing | Temple Politics & Religious Intrigue,Major Cities & Regions | Elven Culture | Dwarven Culture | Guilds & Organizations,Alchemy (Theory & Practice) | Cabinetmaking & Marquetry,Chondathan | Thorass,Chondathan | Mulhorandi | Tashalan,4551,293.4,universal_standard,2,Comfortable,Close Helmet (Maximilian) | Arming Sword | Maul,1875.0,2676,Belt (leather) + Belt pouch (large) | Map case + blank regional map | Lamp oil (flacon) x3 | Grappling hook | 10' pole | Crowbar (standard) | Bâton de marche / Walking Staff | Close Helmet (Maximilian) | Arming Sword | Maul,Backpack (medium leather) | Tent 2-man leather | Sleeping furs (light) | Blanket (heavy) | Field rations (basic) x7 | Waterskin (1 gal) x2 | Canteen (1 pt) | Lantern (hooded) | Rope (standard 50') | Hammer + 10 pitons | Flint & steel | Tinderbox | Cloak (wool hooded) | Boots (normal leather) | Gloves (leather) | Hat (leather),-1.51,NO,None,,1,0,-6,1,12,185.2,74.8,2,5,-1,-6,-3,-2,-2,-6,-1,-3,Aucun,2026-05-28 13:35:34
CH-00090,Human,Tethyrian,Baldur's Gate,Smuggler's Port,Groupe1_Cote_des_Epees,Oceanic Navigation | Littoral Foraging | Advanced Tracking | Storm and Seasickness Mastery | Wild Plant Foraging | Forest Stealth,,"Major Religions & Deities | Cosmology (Weave, Shadow Weave) | Guilds & Organizations | History of the Realms",Accounting & Estate Management | Dyeing & Textile Coloring,Tethyrian | Chondathan,Chondathan | Tethyrian,2563,293.4,universal_standard,3,Wealthy,Estoc | Sidesword | Poleaxe | Buckler,2270.0,293,Belt (leather) + Belt pouch (large) | Map case + blank regional map | Lamp oil (flacon) x3 | Grappling hook | 10' pole | Crowbar (standard) | Bâton de marche / Walking Staff | Estoc | Sidesword | Poleaxe | Buckler,Backpack (medium leather) | Tent 2-man leather | Sleeping furs (light) | Blanket (heavy) | Field rations (basic) x7 | Waterskin (1 gal) x2 | Canteen (1 pt) | Lantern (hooded) | Rope (standard 50') | Hammer + 10 pitons | Flint & steel | Tinderbox | Cloak (wool hooded) | Boots (normal leather) | Gloves (leather) | Hat (leather),21.82,NO,None,,4,5,-2,4,0,170.7,78.9,0,6,1,11,-5,-8,-3,8,10,4,Aucun,2026-05-28 13:35:34
CH-00091,Human,Tethyrian,Western Heartlands,Rural Village,Groupe3_Coeur_Continental,Advanced Tracking | Hermetic Medicine | Mountain Endurance | Wild Plant Foraging | Forest Stealth,,Cultural Interactions | Nobility & Heraldry | Spellplague & Its Aftermath | History of Magic,Alchemy (Theory & Practice),Cormyrian | Thorass,Chondathan | Cormyrian | Elfique,949,293.4,universal_standard,1,Modest,Courser | Leather crinet,670.0,279,Belt (leather) + Belt pouch (large) | Map case + blank regional map | Lamp oil (flacon) x3 | Grappling hook | 10' pole | Crowbar (standard) | Bâton de marche / Walking Staff | Leather crinet,Backpack (medium leather) | Tent 2-man leather | Sleeping furs (light) | Blanket (heavy) | Field rations (basic) x7 | Waterskin (1 gal) x2 | Canteen (1 pt) | Lantern (hooded) | Rope (standard 50') | Hammer + 10 pitons | Flint & steel | Tinderbox | Cloak (wool hooded) | Boots (normal leather) | Gloves (leather) | Hat (leather) | Courser,-15.51,YES,Sauvage,Magie Blanche,-10,-7,-5,-6,6,156.7,49.1,-2,-2,-4,-6,-2,5,-2,-3,-2,-6,Aucun,2026-05-28 13:35:34
CH-00092,Human,Chondathan,Western Heartlands,Remote Trading Post,Groupe3_Coeur_Continental,Plains Tracking | Open Land Navigation | Marsh Movement | Advanced Tracking | Field Weapon Maintenance,Streetwise (Urban Underworld),Magical Schools & Traditions | Secret Organizations | Major Cities & Regions | Court Etiquette & Protocol,Musical Instrument Making | Dyeing & Textile Coloring,Chondathan,Chessentan | Chondathan,950,293.4,universal_standard,1,Modest,Reinforced Gambeson | Buckler,870.0,80,Belt (leather) + Belt pouch (large) | Map case + blank regional map | Lamp oil (flacon) x3 | Grappling hook | 10' pole | Crowbar (standard) | Bâton de marche / Walking Staff | Reinforced Gambeson | Buckler,Backpack (medium leather) | Tent 2-man leather | Sleeping furs (light) | Blanket (heavy) | Field rations (basic) x7 | Waterskin (1 gal) x2 | Canteen (1 pt) | Lantern (hooded) | Rope (standard 50') | Hammer + 10 pitons | Flint & steel | Tinderbox | Cloak (wool hooded) | Boots (normal leather) | Gloves (leather) | Hat (leather),3.02,NO,None,,2,1,-2,1,11,190.1,87.7,2,-3,1,0,-2,2,-2,-1,-5,1,Aucun,2026-05-28 13:35:34
CH-00093,Human,Calishite,Tethyr,Small Town,Groupe2_Sud_Marchand,Plains Tracking,Forgery of Documents & Seals | Streetwise (Urban Underworld) | Smuggling Networks | Disguise & Impersonation,Court Etiquette & Protocol | Halfling Culture | History of the Realms,Smithing & Metallurgy | Magical Goldsmithing (Theoretical),Chondathan,Chondathan | Halruaan | Mulhorandi,1707,293.4,universal_standard,1,Modest,Fauld | Falchion,770.0,937,Belt (leather) + Belt pouch (large) | Map case + blank regional map | Lamp oil (flacon) x3 | Grappling hook | 10' pole | Crowbar (standard) | Bâton de marche / Walking Staff | Fauld | Falchion,Backpack (medium leather) | Tent 2-man leather | Sleeping furs (light) | Blanket (heavy) | Field rations (basic) x7 | Waterskin (1 gal) x2 | Canteen (1 pt) | Lantern (hooded) | Rope (standard 50') | Hammer + 10 pitons | Flint & steel | Tinderbox | Cloak (wool hooded) | Boots (normal leather) | Gloves (leather) | Hat (leather),5.64,NO,None,,2,1,1,1,10,181.8,83.2,1,-1,-1,5,0,3,-6,3,0,0,Aucun,2026-05-28 13:35:34
CH-00094,Human,Tethyrian,Baldur's Gate,Smuggler's Port,Groupe1_Cote_des_Epees,Forest Stealth | Storm and Seasickness Mastery | Advanced Tracking | Oceanic Navigation | Wild Plant Foraging,Urban Observation and Tailing | City Secrets & Hidden Routes,"Ancient Realms (Netheril, Imaskar...) | Geography of Faerûn",Alchemy (Theory & Practice) | Candle & Soap Making,Tethyrian,Chondathan | Illuskan | Tethyrian,3357,293.4,universal_standard,1,Modest,Voulge,480.0,2877,Belt (leather) + Belt pouch (large) | Map case + blank regional map | Lamp oil (flacon) x3 | Grappling hook | 10' pole | Crowbar (standard) | Bâton de marche / Walking Staff | Voulge,Backpack (medium leather) | Tent 2-man leather | Sleeping furs (light) | Blanket (heavy) | Field rations (basic) x7 | Waterskin (1 gal) x2 | Canteen (1 pt) | Lantern (hooded) | Rope (standard 50') | Hammer + 10 pitons | Flint & steel | Tinderbox | Cloak (wool hooded) | Boots (normal leather) | Gloves (leather) | Hat (leather),-5.03,YES,Théurgique,Magie Blanche,-6,-5,3,-5,4,150.8,63.9,-2,-11,-2,5,2,1,-1,-5,-5,-1,Aucun,2026-05-28 13:35:34
CH-00095,Human,Calishite,Calimshan,Smuggler's Port,Groupe2_Sud_Marchand,Desert Thermal Endurance | Desert Water Mastery | Subterranean Hazard Resistance | Open Land Navigation | Plains Tracking,,Local Folklore & Legends | Aberration Lore,Cooking (Fine Cuisine),Chondathan,Chondathan | Lantanna | Mulhorandi,2193,293.4,universal_standard,2,Comfortable,Arming Doublet | Morning Star,1925.0,268,Belt (leather) + Belt pouch (large) | Map case + blank regional map | Lamp oil (flacon) x3 | Grappling hook | 10' pole | Crowbar (standard) | Bâton de marche / Walking Staff | Arming Doublet | Morning Star,Backpack (medium leather) | Tent 2-man leather | Sleeping furs (light) | Blanket (heavy) | Field rations (basic) x7 | Waterskin (1 gal) x2 | Canteen (1 pt) | Lantern (hooded) | Rope (standard 50') | Hammer + 10 pitons | Flint & steel | Tinderbox | Cloak (wool hooded) | Boots (normal leather) | Gloves (leather) | Hat (leather),5.9,NO,None,,-2,-1,5,-1,4,152.2,63.9,-2,-1,2,3,4,3,7,-4,1,3,Aucun,2026-05-28 13:35:34
CH-00096,Human,Calishite,Calimshan,Metropolis,Groupe2_Sud_Marchand,Wild Plant Foraging,Black Market Operations | Disguise & Impersonation | Criminal Organizations & Syndicates | Guild Knowledge & Politics | Streetwise (Urban Underworld) | Urban Observation and Tailing,History of the Realms | Court Etiquette & Protocol | Major Cities & Regions | Political Currents & Rivalries,Calligraphy & Illumination | Beekeeping,Calishite,Calishite | Chondathan | Infernal | Lantanna,3812,293.4,universal_standard,3,Wealthy,Light Crossbow | Palfrey | Composite Crossbow | Bec de Corbin | Grappling hook | Voulge | Quiver,3052.0,760,Belt (leather) + Belt pouch (large) | Map case + blank regional map | Lamp oil (flacon) x3 | Grappling hook | 10' pole | Crowbar (standard) | Bâton de marche / Walking Staff | Light Crossbow | Composite Crossbow | Bec de Corbin | Grappling hook | Voulge | Quiver,Backpack (medium leather) | Tent 2-man leather | Sleeping furs (light) | Blanket (heavy) | Field rations (basic) x7 | Waterskin (1 gal) x2 | Canteen (1 pt) | Lantern (hooded) | Rope (standard 50') | Hammer + 10 pitons | Flint & steel | Tinderbox | Cloak (wool hooded) | Boots (normal leather) | Gloves (leather) | Hat (leather) | Palfrey,-10.53,YES,Arcanique,Magicien,-5,-3,-4,-4,6,155.0,57.5,-2,3,-7,-1,-2,-10,-5,2,3,-8,Aucun,2026-05-28 13:35:34
CH-00097,Human,Chondathan,Chondath,Logging Camp,Groupe4_Vilhon_Est,Plains Tracking | Oceanic Navigation | River Crossing,,Trade Routes & Commerce | Local Folklore & Legends | Major Cities & Regions,Navigation (Land & Sea) | Preservation & Salting,Chondathan,Chondathan,1048,293.4,universal_standard,1,Modest,Backpack (medium leather) | Pike | Lance | Buckler,944.0,104,Belt (leather) + Belt pouch (large) | Map case + blank regional map | Lamp oil (flacon) x3 | Grappling hook | 10' pole | Crowbar (standard) | Bâton de marche / Walking Staff | Pike | Lance | Buckler,Backpack (medium leather) | Tent 2-man leather | Sleeping furs (light) | Blanket (heavy) | Field rations (basic) x7 | Waterskin (1 gal) x2 | Canteen (1 pt) | Lantern (hooded) | Rope (standard 50') | Hammer + 10 pitons | Flint & steel | Tinderbox | Cloak (wool hooded) | Boots (normal leather) | Gloves (leather) | Hat (leather) | Backpack (medium leather),-9.63,YES,Théurgique,Magie Blanche,-7,-5,0,-4,5,156.6,54.6,-2,-4,1,-3,1,0,-4,0,-3,0,Aucun,2026-05-28 13:35:34
CH-00098,Human,Tethyrian,Tethyr,Small Town,Groupe2_Sud_Marchand,Forest Stealth | Advanced Tracking,Urban Stealth & Shadowing | City Secrets & Hidden Routes | Urban Stealth & Shadowing,Geography of Faerûn | Weave Theory | Local Folklore & Legends,Viticulture & Winemaking | Brewing & Distilling,Halruaan,Chondathan | Halruaan | Tethyrian,1905,293.4,universal_standard,2,Comfortable,Metal file (small) | Scimitar | Main-gauche | Military Fork,1288.0,617,Belt (leather) + Belt pouch (large) | Map case + blank regional map | Lamp oil (flacon) x3 | Grappling hook | 10' pole | Crowbar (standard) | Bâton de marche / Walking Staff | Metal file (small) | Scimitar | Main-gauche | Military Fork,Backpack (medium leather) | Tent 2-man leather | Sleeping furs (light) | Blanket (heavy) | Field rations (basic) x7 | Waterskin (1 gal) x2 | Canteen (1 pt) | Lantern (hooded) | Rope (standard 50') | Hammer + 10 pitons | Flint & steel | Tinderbox | Cloak (wool hooded) | Boots (normal leather) | Gloves (leather) | Hat (leather),15.26,NO,None,,4,3,2,1,3,169.2,78.9,0,5,0,3,1,2,1,4,4,1,Aucun,2026-05-28 13:35:34
CH-00099,Human,Chondathan,Sembia,Major Trade City,Groupe2_Sud_Marchand,,Streetwise (Urban Underworld) | Urban Observation and Tailing | Sleight of Hand & Cheating | City Secrets & Hidden Routes | Streetwise (Urban Underworld),"Ancient Realms (Netheril, Imaskar...) | Trade Routes & Commerce | Cultural Interactions | Fey & Feywild Knowledge",Perfumery & Cosmetics,Chondathan,Chondathan | Cormyrian,3693,293.4,universal_standard,3,Wealthy,Gorget (élevé) | Cranequin Crossbow | Rouncey | Maille collerette ou manches | Quiver,3320.0,373,Belt (leather) + Belt pouch (large) | Map case + blank regional map | Lamp oil (flacon) x3 | Grappling hook | 10' pole | Crowbar (standard) | Bâton de marche / Walking Staff | Gorget (élevé) | Cranequin Crossbow | Maille collerette ou manches | Quiver,Backpack (medium leather) | Tent 2-man leather | Sleeping furs (light) | Blanket (heavy) | Field rations (basic) x7 | Waterskin (1 gal) x2 | Canteen (1 pt) | Lantern (hooded) | Rope (standard 50') | Hammer + 10 pitons | Flint & steel | Tinderbox | Cloak (wool hooded) | Boots (normal leather) | Gloves (leather) | Hat (leather) | Rouncey,5.28,NO,None,,1,2,-1,2,8,171.0,67.4,0,4,5,1,-2,-1,-8,1,4,5,Aucun,2026-05-28 13:35:34
CH-00100,Human,Rashemi,Uthgardt Tribes,Nomad Camp,Groupe3_Coeur_Continental,Open Land Navigation | Mountain Endurance | Trapping and Snaring | Forest Stealth | Marsh Movement | Field Weapon Maintenance,,Major Religions & Deities | Political Currents & Rivalries | Gnomish Culture | Ruins & Major Archaeological Sites,Accounting & Estate Management,Illuskan | Thorass,Illuskan | Infernal | Rashemi | Thayan,710,293.4,universal_standard,1,Modest,Reinforced Gambeson,650.0,60,Belt (leather) + Belt pouch (large) | Map case + blank regional map | Lamp oil (flacon) x3 | Grappling hook | 10' pole | Crowbar (standard) | Bâton de marche / Walking Staff | Reinforced Gambeson,Backpack (medium leather) | Tent 2-man leather | Sleeping furs (light) | Blanket (heavy) | Field rations (basic) x7 | Waterskin (1 gal) x2 | Canteen (1 pt) | Lantern (hooded) | Rope (standard 50') | Hammer + 10 pitons | Flint & steel | Tinderbox | Cloak (wool hooded) | Boots (normal leather) | Gloves (leather) | Hat (leather),4.74,NO,None,,-2,-1,5,-3,6,156.3,67.4,-2,-1,-2,2,5,2,6,7,0,-2,Aucun,2026-05-28 13:35:34
CH-00101,Human,Chondathan,Western Heartlands,Small Town,Groupe3_Coeur_Continental,Open Land Navigation | Plains Tracking,Streetwise (Urban Underworld) | Information Brokerage,Elven Culture | Ruins & Major Archaeological Sites | Trade Routes & Commerce,Carpentry & Woodworking,Illuskan,Chondathan | Illuskan,1299,293.4,universal_standard,2,Comfortable,Maille collerette ou manches | Fauld,1120.0,179,Belt (leather) + Belt pouch (large) | Map case + blank regional map | Lamp oil (flacon) x3 | Grappling hook | 10' pole | Crowbar (standard) | Bâton de marche / Walking Staff | Maille collerette ou manches | Fauld,Backpack (medium leather) | Tent 2-man leather | Sleeping furs (light) | Blanket (heavy) | Field rations (basic) x7 | Waterskin (1 gal) x2 | Canteen (1 pt) | Lantern (hooded) | Rope (standard 50') | Hammer + 10 pitons | Flint & steel | Tinderbox | Cloak (wool hooded) | Boots (normal leather) | Gloves (leather) | Hat (leather),-1.64,NO,None,,-1,1,-4,1,9,160.7,57.5,-1,10,1,-2,-3,-1,-6,5,8,0,Aucun,2026-05-28 13:35:34
CH-00102,Half-elf,Wood Half-elf,High Forest,Forest Village,Groupe3_Coeur_Continental,Hermetic Medicine | Forest Stealth | Marsh Movement | Advanced Tracking,Smuggling Networks | Streetwise (Urban Underworld),"Divine Myths & Legends | Cosmology (Weave, Shadow Weave) | Ancient Realms (Netheril, Imaskar...) | Geography of Faerûn",Locksmithing & Mechanisms | Stone & Wood Carving,Elfique | Thorass,Elfique | Géant,629,293.4,universal_standard,1,Modest,Bill,570.0,59,Belt (leather) + Belt pouch (large) | Map case + blank regional map | Lamp oil (flacon) x3 | Grappling hook | 10' pole | Crowbar (standard) | Bâton de marche / Walking Staff | Bill,Backpack (medium leather) | Tent 2-man leather | Sleeping furs (light) | Blanket (heavy) | Field rations (basic) x7 | Waterskin (1 gal) x2 | Canteen (1 pt) | Lantern (hooded) | Rope (standard 50') | Hammer + 10 pitons | Flint & steel | Tinderbox | Cloak (wool hooded) | Boots (normal leather) | Gloves (leather) | Hat (leather),-12.35,YES,Théurgique,Magie Verte,-9,-6,-5,-5,2,162.4,51.8,-1,3,-10,-4,-1,6,5,1,3,-12,Méditation + Immunité sommeil + VN (N1),2026-05-28 13:35:34
CH-00103,Half-elf,Wild Half-elf,Silver Marches (Luruar),Forest Village,Groupe7_Marches_Argent,Complex Terrain Navigation | Technical Rock Climbing | Wild Plant Foraging,City Secrets & Hidden Routes,"Major Religions & Deities | History of the Realms | Cosmology (Weave, Shadow Weave) | Secret Organizations",Beekeeping | Locksmithing & Mechanisms,Druidic | Illuskan,Chondathan | Druidic | Illuskan,711,293.4,universal_standard,0,None,Buckler,220.0,491,Belt (leather) + Belt pouch (large) | Map case + blank regional map | Lamp oil (flacon) x3 | Grappling hook | 10' pole | Crowbar (standard) | Bâton de marche / Walking Staff | Buckler,Backpack (medium leather) | Tent 2-man leather | Sleeping furs (light) | Blanket (heavy) | Field rations (basic) x7 | Waterskin (1 gal) x2 | Canteen (1 pt) | Lantern (hooded) | Rope (standard 50') | Hammer + 10 pitons | Flint & steel | Tinderbox | Cloak (wool hooded) | Boots (normal leather) | Gloves (leather) | Hat (leather),9.98,NO,None,,4,2,-2,0,9,161.8,74.8,-1,8,0,-5,0,-1,-5,4,2,-2,Méditation + Immunité sommeil + VN (N1),2026-05-28 13:35:34
CH-00104,Human,Chondathan,Chondath,Large Town,Groupe4_Vilhon_Est,Advanced Tracking | Oceanic Navigation,Criminal Organizations & Syndicates | Urban Stealth & Shadowing | Criminal Organizations & Syndicates | Streetwise (Urban Underworld),"Festivals, Calendars & Traditions | Magical Schools & Traditions",Navigation (Land & Sea) | Carpentry & Woodworking | Weaving & Spinning,Cormyrian,Chondathan | Cormyrian,1952,293.4,universal_standard,2,Comfortable,Haubergeon / Collerette | Maille collerette ou manches,980.0,972,Belt (leather) + Belt pouch (large) | Map case + blank regional map | Lamp oil (flacon) x3 | Grappling hook | 10' pole | Crowbar (standard) | Bâton de marche / Walking Staff | Haubergeon / Collerette | Maille collerette ou manches,Backpack (medium leather) | Tent 2-man leather | Sleeping furs (light) | Blanket (heavy) | Field rations (basic) x7 | Waterskin (1 gal) x2 | Canteen (1 pt) | Lantern (hooded) | Rope (standard 50') | Hammer + 10 pitons | Flint & steel | Tinderbox | Cloak (wool hooded) | Boots (normal leather) | Gloves (leather) | Hat (leather),8.6,NO,None,,-1,0,4,2,5,182.0,71.0,1,-5,9,0,3,6,1,-4,-4,9,Aucun,2026-05-28 13:35:34
CH-00105,Human,Tethyrian,Tethyr,Mountain Village,Groupe2_Sud_Marchand,Desert Water Mastery | Forest Stealth | Plains Tracking | Advanced Tracking | Wild Plant Foraging | Weather Reading,,Magical Schools & Traditions | Aberration Lore | Legendary Artifacts & Relics | Local Folklore & Legends,Shipbuilding | High Court Intrigue & Politics | Leatherworking & Tanning,Chondathan | Thorass,Chondathan | Cormyrian,1835,293.4,universal_standard,0,None,"Kettle hat | Lancet, bleeding",282.0,1553,"Belt (leather) + Belt pouch (large) | Map case + blank regional map | Lamp oil (flacon) x3 | Grappling hook | 10' pole | Crowbar (standard) | Bâton de marche / Walking Staff | Lancet, bleeding",Backpack (medium leather) | Tent 2-man leather | Sleeping furs (light) | Blanket (heavy) | Field rations (basic) x7 | Waterskin (1 gal) x2 | Canteen (1 pt) | Lantern (hooded) | Rope (standard 50') | Hammer + 10 pitons | Flint & steel | Tinderbox | Cloak (wool hooded) | Boots (normal leather) | Gloves (leather) | Hat (leather) | Kettle hat,5.28,NO,None,,1,2,2,-1,5,157.6,71.0,-2,2,-1,8,0,3,-2,8,6,1,Aucun,2026-05-28 13:35:34
CH-00106,Human,Chondathan,The Dalelands,Remote Trading Post,Groupe3_Coeur_Continental,Complex Terrain Navigation | Open Land Navigation | Wild Plant Foraging | Forest Stealth | Advanced Tracking | Plains Tracking,Streetwise (Urban Underworld),Elven Culture | Divine Myths & Legends | Ruins & Major Archaeological Sites | Geography of Faerûn,Leatherworking & Tanning | Herbalism & Potion Brewing,Chondathan,Chondathan | Druidic | Thorass,1282,293.4,universal_standard,2,Comfortable,Heavy Crossbow | Buckler | Quiver,1210.0,72,Belt (leather) + Belt pouch (large) | Map case + blank regional map | Lamp oil (flacon) x3 | Grappling hook | 10' pole | Crowbar (standard) | Bâton de marche / Walking Staff | Heavy Crossbow | Buckler | Quiver,Backpack (medium leather) | Tent 2-man leather | Sleeping furs (light) | Blanket (heavy) | Field rations (basic) x7 | Waterskin (1 gal) x2 | Canteen (1 pt) | Lantern (hooded) | Rope (standard 50') | Hammer + 10 pitons | Flint & steel | Tinderbox | Cloak (wool hooded) | Boots (normal leather) | Gloves (leather) | Hat (leather),7.66,NO,None,,3,1,1,1,6,185.0,87.7,2,0,-3,3,1,5,6,1,-1,-2,Aucun,2026-05-28 13:35:34
CH-00107,Human,Sossrim,The Cold Lands,Logging Camp,Groupe3_Coeur_Continental,Extreme Cold Resistance | Plains Tracking | Wetland Tracking | Technical Rock Climbing | Snow and Ice Shelter Building | Arctic Hunting,Black Market Operations,Weave Theory | Geography of Faerûn | Major Religions & Deities | Secret Organizations,Ceramics & Pottery | Masonry | Brewing & Distilling,Reghed | Sossrim,Reghed | Sossrim,453,293.4,universal_standard,0,None,Buckler,220.0,233,Belt (leather) + Belt pouch (large) | Map case + blank regional map | Lamp oil (flacon) x3 | Grappling hook | 10' pole | Crowbar (standard) | Bâton de marche / Walking Staff | Buckler,Backpack (medium leather) | Tent 2-man leather | Sleeping furs (light) | Blanket (heavy) | Field rations (basic) x7 | Waterskin (1 gal) x2 | Canteen (1 pt) | Lantern (hooded) | Rope (standard 50') | Hammer + 10 pitons | Flint & steel | Tinderbox | Cloak (wool hooded) | Boots (normal leather) | Gloves (leather) | Hat (leather),-10.08,YES,Théurgique,Magie Blanche,-4,-4,-3,-4,5,169.4,71.0,0,-4,-7,-1,-1,4,2,-1,-4,-8,Aucun,2026-05-28 13:35:34
CH-00108,Human,Chondathan,Vilhon Reach,Smuggler's Port,Groupe4_Vilhon_Est,Plains Tracking | Storm and Seasickness Mastery | Open Land Navigation | Advanced Tracking,Black Market Operations | Streetwise (Urban Underworld),Genasi & Elemental Peoples | Court Etiquette & Protocol | History of the Realms | Major Religions & Deities,Weaving & Spinning | Leatherworking & Tanning | Herbalism & Potion Brewing,Chondathan,Chessentan | Chondathan | Halruaan,1925,293.4,universal_standard,2,Comfortable,Destrier | Simple Breastplate,1800.0,125,Belt (leather) + Belt pouch (large) | Map case + blank regional map | Lamp oil (flacon) x3 | Grappling hook | 10' pole | Crowbar (standard) | Bâton de marche / Walking Staff | Destrier | Simple Breastplate,Backpack (medium leather) | Tent 2-man leather | Sleeping furs (light) | Blanket (heavy) | Field rations (basic) x7 | Waterskin (1 gal) x2 | Canteen (1 pt) | Lantern (hooded) | Rope (standard 50') | Hammer + 10 pitons | Flint & steel | Tinderbox | Cloak (wool hooded) | Boots (normal leather) | Gloves (leather) | Hat (leather),3.0,NO,None,,1,0,1,1,9,193.4,92.4,3,-4,-5,4,1,3,5,2,-4,-4,Aucun,2026-05-28 13:35:34
CH-00109,Human,Calishite,Tethyr,Rural Village,Groupe2_Sud_Marchand,Open Land Navigation | Weather Reading | Wild Plant Foraging,Black Market Operations,Major Cities & Regions | Weave Theory | History of Netheril,Accounting & Estate Management | Weaving & Spinning,Chondathan,Calishite | Chondathan,1320,293.4,universal_standard,1,Modest,Halberd | Mail coif,870.0,450,Belt (leather) + Belt pouch (large) | Map case + blank regional map | Lamp oil (flacon) x3 | Grappling hook | 10' pole | Crowbar (standard) | Bâton de marche / Walking Staff | Halberd | Mail coif,Backpack (medium leather) | Tent 2-man leather | Sleeping furs (light) | Blanket (heavy) | Field rations (basic) x7 | Waterskin (1 gal) x2 | Canteen (1 pt) | Lantern (hooded) | Rope (standard 50') | Hammer + 10 pitons | Flint & steel | Tinderbox | Cloak (wool hooded) | Boots (normal leather) | Gloves (leather) | Hat (leather),3.66,NO,None,,-1,-1,3,1,10,185.2,78.9,2,-9,6,0,2,3,0,3,-9,6,Aucun,2026-05-28 13:35:34
CH-00110,Human,Mulan,Mulhorand,Nomad Camp,Groupe8_Mulhorand,Desert Water Mastery | Open Land Navigation | Desert Thermal Endurance | Advanced Tracking | Wild Plant Foraging,,Legendary Artifacts & Relics | Major Cities & Regions | Elven Culture,Leatherworking & Tanning | Jewelry & Goldsmithing,Infernal,Infernal | Mulhorandi,1344,293.4,universal_standard,2,Comfortable,Kite shield | Sidesword,1035.0,309,Belt (leather) + Belt pouch (large) | Map case + blank regional map | Lamp oil (flacon) x3 | Grappling hook | 10' pole | Crowbar (standard) | Bâton de marche / Walking Staff | Kite shield | Sidesword,Backpack (medium leather) | Tent 2-man leather | Sleeping furs (light) | Blanket (heavy) | Field rations (basic) x7 | Waterskin (1 gal) x2 | Canteen (1 pt) | Lantern (hooded) | Rope (standard 50') | Hammer + 10 pitons | Flint & steel | Tinderbox | Cloak (wool hooded) | Boots (normal leather) | Gloves (leather) | Hat (leather),22.23,NO,None,,6,3,2,2,6,180.1,87.7,1,5,1,-2,3,-5,-5,-1,0,0,Aucun,2026-05-28 13:35:34
CH-00111,Human,Chondathan,Vilhon Reach,Major Port City,Groupe4_Vilhon_Est,Plains Tracking,Urban Observation and Tailing | Urban Stealth & Shadowing | Temple Politics & Religious Intrigue | Urban Observation and Tailing | Sleight of Hand & Cheating,Divine Myths & Legends | Trade Routes & Commerce | Halfling Culture | Laws & Customs of Nations,Weaving & Spinning | Magical Goldsmithing (Theoretical) | Cartography,Chondathan,Chessentan | Chondathan,2450,293.4,universal_standard,2,Comfortable,Glaive | Longsword | Kettle hat,1480.0,970,Belt (leather) + Belt pouch (large) | Map case + blank regional map | Lamp oil (flacon) x3 | Grappling hook | 10' pole | Crowbar (standard) | Bâton de marche / Walking Staff | Glaive | Longsword,Backpack (medium leather) | Tent 2-man leather | Sleeping furs (light) | Blanket (heavy) | Field rations (basic) x7 | Waterskin (1 gal) x2 | Canteen (1 pt) | Lantern (hooded) | Rope (standard 50') | Hammer + 10 pitons | Flint & steel | Tinderbox | Cloak (wool hooded) | Boots (normal leather) | Gloves (leather) | Hat (leather) | Kettle hat,1.02,NO,None,,1,-1,2,-2,13,175.4,83.2,1,-4,-2,-2,4,3,0,-4,-6,-3,Aucun,2026-05-28 13:35:34
CH-00112,Human,Arkaiun,Sembia,Smuggler's Port,Groupe2_Sud_Marchand,Advanced Tracking | Wild Plant Foraging | Open Land Navigation,,"Religious Cults & Orders | Major Cities & Regions | Cosmology (Weave, Shadow Weave)",Candle & Soap Making | Smithing & Metallurgy | Leatherworking & Tanning,Sembian,Arkaiun | Chondathan | Sembian,2872,293.4,universal_standard,2,Comfortable,Shamshir | Kettle hat | Heavy Crossbow | Quiver,1850.0,1022,Belt (leather) + Belt pouch (large) | Map case + blank regional map | Lamp oil (flacon) x3 | Grappling hook | 10' pole | Crowbar (standard) | Bâton de marche / Walking Staff | Shamshir | Heavy Crossbow | Quiver,Backpack (medium leather) | Tent 2-man leather | Sleeping furs (light) | Blanket (heavy) | Field rations (basic) x7 | Waterskin (1 gal) x2 | Canteen (1 pt) | Lantern (hooded) | Rope (standard 50') | Hammer + 10 pitons | Flint & steel | Tinderbox | Cloak (wool hooded) | Boots (normal leather) | Gloves (leather) | Hat (leather) | Kettle hat,-4.78,YES,Arcanique,Magicien,0,-1,-3,-2,6,178.6,78.9,1,0,-4,-4,0,0,-3,2,-4,-6,Aucun,2026-05-28 13:35:34
CH-00113,Half-orc,Half-Orc,Spine of the World,Isolated Hamlet,Groupe3_Coeur_Continental,Hermetic Medicine | River Crossing | Mountain Endurance | Extreme Cold Resistance,Sleight of Hand & Cheating | Streetwise (Urban Underworld),Geography of Faerûn | Major Cities & Regions | Divine Myths & Legends,Viticulture & Winemaking | Carpentry & Woodworking,Illuskan,Goblin | Illuskan | Orc,320,293.4,universal_standard,0,None,"Lancet, bleeding",2.0,318,"Belt (leather) + Belt pouch (large) | Map case + blank regional map | Lamp oil (flacon) x3 | Grappling hook | 10' pole | Crowbar (standard) | Bâton de marche / Walking Staff | Lancet, bleeding",Backpack (medium leather) | Tent 2-man leather | Sleeping furs (light) | Blanket (heavy) | Field rations (basic) x7 | Waterskin (1 gal) x2 | Canteen (1 pt) | Lantern (hooded) | Rope (standard 50') | Hammer + 10 pitons | Flint & steel | Tinderbox | Cloak (wool hooded) | Boots (normal leather) | Gloves (leather) | Hat (leather),7.2,NO,None,,5,0,-3,-3,11,173.5,102.7,0,-7,-3,2,-3,0,3,-10,-8,-3,Force brutale + Vision dans le noir N1,2026-05-28 13:35:34
CH-00114,Human,Calishite,Calimshan,Major Trade City,Groupe2_Sud_Marchand,Desert Thermal Endurance,Forgery of Documents & Seals | Black Market Operations | Criminal Organizations & Syndicates | Disguise & Impersonation | Disguise & Impersonation,"Major Cities & Regions | Ancient Realms (Netheril, Imaskar...) | Spellplague & Its Aftermath | Orc & Goblinoid Culture",Embroidery & Fine Sewing | Cartography | Glassworking,Chondathan | Mulhorandi,Chondathan | Halruaan | Mulhorandi | Thorass,3401,293.4,universal_standard,3,Wealthy,"Rouncey | Camel, riding | Palfrey | Buckler",2740.0,661,Belt (leather) + Belt pouch (large) | Map case + blank regional map | Lamp oil (flacon) x3 | Grappling hook | 10' pole | Crowbar (standard) | Bâton de marche / Walking Staff | Buckler,"Backpack (medium leather) | Tent 2-man leather | Sleeping furs (light) | Blanket (heavy) | Field rations (basic) x7 | Waterskin (1 gal) x2 | Canteen (1 pt) | Lantern (hooded) | Rope (standard 50') | Hammer + 10 pitons | Flint & steel | Tinderbox | Cloak (wool hooded) | Boots (normal leather) | Gloves (leather) | Hat (leather) | Rouncey | Camel, riding | Palfrey",17.57,NO,None,,0,2,6,2,0,174.0,71.0,0,2,0,8,4,-3,6,1,6,2,Aucun,2026-05-28 13:35:34
CH-00115,Human,Tethyrian,Amn,Large Town,Groupe2_Sud_Marchand,Desert Thermal Endurance | Advanced Tracking | Forest Stealth | Desert Water Mastery,Poison Lore & Subtle Application | Smuggling Networks | Urban Observation and Tailing,"Festivals, Calendars & Traditions | Laws & Customs of Nations | Major Religions & Deities | Geography of Faerûn",Forgery of Official Documents | Bookbinding | Masonry,Tethyrian | Thorass,Chondathan | Elfique | Tethyrian,1990,293.4,universal_standard,2,Comfortable,Ranseur | Close Helmet (Maximilian) | Tassets,1725.0,265,Belt (leather) + Belt pouch (large) | Map case + blank regional map | Lamp oil (flacon) x3 | Grappling hook | 10' pole | Crowbar (standard) | Bâton de marche / Walking Staff | Ranseur | Close Helmet (Maximilian) | Tassets,Backpack (medium leather) | Tent 2-man leather | Sleeping furs (light) | Blanket (heavy) | Field rations (basic) x7 | Waterskin (1 gal) x2 | Canteen (1 pt) | Lantern (hooded) | Rope (standard 50') | Hammer + 10 pitons | Flint & steel | Tinderbox | Cloak (wool hooded) | Boots (normal leather) | Gloves (leather) | Hat (leather),-5.25,YES,Arcanique,Magicien,0,-3,0,-5,8,156.1,74.8,-2,-8,3,-7,2,4,-4,2,-12,0,Aucun,2026-05-28 13:35:34
CH-00116,Human,Chondathan,Sembia,Major Trade City,Groupe2_Sud_Marchand,,Lockpicking and Trap Disarming | High Society Manipulation | Disguise & Impersonation | Criminal Organizations & Syndicates | Urban Stealth & Shadowing,Trade Routes & Commerce | Gnomish Culture | History of Imaskar | Ruins & Major Archaeological Sites,Sail & Rope Making | Leatherworking & Tanning,Chondathan | Thorass,Chondathan | Turmish,4676,293.4,universal_standard,2,Comfortable,Fauld | Tent 8-man leather | Halberd | Buckler,1940.0,2736,Belt (leather) + Belt pouch (large) | Map case + blank regional map | Lamp oil (flacon) x3 | Grappling hook | 10' pole | Crowbar (standard) | Bâton de marche / Walking Staff | Fauld | Halberd | Buckler,Backpack (medium leather) | Tent 2-man leather | Sleeping furs (light) | Blanket (heavy) | Field rations (basic) x7 | Waterskin (1 gal) x2 | Canteen (1 pt) | Lantern (hooded) | Rope (standard 50') | Hammer + 10 pitons | Flint & steel | Tinderbox | Cloak (wool hooded) | Boots (normal leather) | Gloves (leather) | Hat (leather) | Tent 8-man leather,2.48,NO,None,,2,1,-3,1,10,173.9,74.8,0,-1,7,-1,-4,0,-5,1,-2,6,Aucun,2026-05-28 13:35:34
CH-00117,Human,Chondathan,The Dalelands,Rural Village,Groupe3_Coeur_Continental,Advanced Tracking | Forest Stealth | Wild Plant Foraging | Plains Tracking,Sleight of Hand & Cheating,Local Folklore & Legends | Spellplague & Its Aftermath | History of Netheril | Major Cities & Regions,Smithing & Metallurgy,Elfique | Thorass,Chondathan | Elfique | Thorass,1092,293.4,universal_standard,1,Modest,Fishing net (small) | Ranseur,550.0,542,Belt (leather) + Belt pouch (large) | Map case + blank regional map | Lamp oil (flacon) x3 | Grappling hook | 10' pole | Crowbar (standard) | Bâton de marche / Walking Staff | Ranseur,Backpack (medium leather) | Tent 2-man leather | Sleeping furs (light) | Blanket (heavy) | Field rations (basic) x7 | Waterskin (1 gal) x2 | Canteen (1 pt) | Lantern (hooded) | Rope (standard 50') | Hammer + 10 pitons | Flint & steel | Tinderbox | Cloak (wool hooded) | Boots (normal leather) | Gloves (leather) | Hat (leather) | Fishing net (small),22.29,NO,None,,6,3,-2,4,7,195.2,92.4,3,3,3,-2,-1,-1,-8,7,-2,2,Aucun,2026-05-28 13:35:34
CH-00118,Human,Calishite,Calimshan,Major Port City,Groupe2_Sud_Marchand,Plains Tracking,Urban Stealth & Shadowing | Lockpicking and Trap Disarming | Urban Observation and Tailing | Lockpicking and Trap Disarming,Trade Routes & Commerce | Religious Cults & Orders | History of the Realms | Major Cities & Regions,Jewelry & Goldsmithing | Alchemy (Theory & Practice),Mulhorandi,Chondathan | Mulhorandi | Tashalan,3752,293.4,universal_standard,3,Wealthy,Destrier (quality) | Falchion Calishite,3520.0,232,Belt (leather) + Belt pouch (large) | Map case + blank regional map | Lamp oil (flacon) x3 | Grappling hook | 10' pole | Crowbar (standard) | Bâton de marche / Walking Staff | Destrier (quality) | Falchion Calishite,Backpack (medium leather) | Tent 2-man leather | Sleeping furs (light) | Blanket (heavy) | Field rations (basic) x7 | Waterskin (1 gal) x2 | Canteen (1 pt) | Lantern (hooded) | Rope (standard 50') | Hammer + 10 pitons | Flint & steel | Tinderbox | Cloak (wool hooded) | Boots (normal leather) | Gloves (leather) | Hat (leather),1.04,NO,None,,-2,-1,3,-1,10,160.6,63.9,-1,-2,2,4,2,6,-8,6,1,3,Aucun,2026-05-28 13:35:34
CH-00119,Human,Chondathan,Vilhon Reach,Major Port City,Groupe4_Vilhon_Est,Open Land Navigation | Plains Tracking | Advanced Tracking,Information Brokerage | Poison Lore & Subtle Application | City Secrets & Hidden Routes,"Elven Culture | Ancient Realms (Netheril, Imaskar...) | Dwarven Culture | Major Cities & Regions",Leatherworking & Tanning | Magical Goldsmithing (Theoretical),Turmish | Thorass,Chondathan | Turmish,2724,293.4,universal_standard,0,None,Buckler,220.0,2504,Belt (leather) + Belt pouch (large) | Map case + blank regional map | Lamp oil (flacon) x3 | Grappling hook | 10' pole | Crowbar (standard) | Bâton de marche / Walking Staff | Buckler,Backpack (medium leather) | Tent 2-man leather | Sleeping furs (light) | Blanket (heavy) | Field rations (basic) x7 | Waterskin (1 gal) x2 | Canteen (1 pt) | Lantern (hooded) | Rope (standard 50') | Hammer + 10 pitons | Flint & steel | Tinderbox | Cloak (wool hooded) | Boots (normal leather) | Gloves (leather) | Hat (leather),-5.4,YES,Arcanique,Magicien,-3,-2,-2,0,3,182.0,71.0,1,-6,1,3,-3,-2,-2,-2,-4,2,Aucun,2026-05-28 13:35:34
CH-00120,Human,Tethyrian,Amn,Large Town,Groupe2_Sud_Marchand,Open Land Navigation | Advanced Tracking,Smuggling Networks | Streetwise (Urban Underworld) | Disguise & Impersonation | Criminal Organizations & Syndicates,Local Folklore & Legends | History of Imaskar,Stoneworking,Tethyrian,Chondathan | Tethyrian,2525,293.4,universal_standard,3,Wealthy,Kettle hat | Palfrey | Close Helmet (Maximilian) | Gauntlets (renforcés),2245.0,280,Belt (leather) + Belt pouch (large) | Map case + blank regional map | Lamp oil (flacon) x3 | Grappling hook | 10' pole | Crowbar (standard) | Bâton de marche / Walking Staff | Close Helmet (Maximilian) | Gauntlets (renforcés),Backpack (medium leather) | Tent 2-man leather | Sleeping furs (light) | Blanket (heavy) | Field rations (basic) x7 | Waterskin (1 gal) x2 | Canteen (1 pt) | Lantern (hooded) | Rope (standard 50') | Hammer + 10 pitons | Flint & steel | Tinderbox | Cloak (wool hooded) | Boots (normal leather) | Gloves (leather) | Hat (leather) | Kettle hat | Palfrey,5.96,NO,None,,-1,0,4,0,6,159.1,67.4,-1,-5,7,4,2,-7,3,3,-2,8,Aucun,2026-05-28 13:35:34
CH-00121,Human,Rashemi,Aglarond,Forest Village,Groupe4_Vilhon_Est,Shelter Construction | Marsh Movement | Forest Stealth,,Trade Routes & Commerce | Legendary Artifacts & Relics | History of Imaskar | Weave Theory,Weapons & Armor Smithing,Aglarondan | Thayan,Aglarondan | Rashemi | Thayan,871,293.4,universal_standard,1,Modest,Cutlass,480.0,391,Belt (leather) + Belt pouch (large) | Map case + blank regional map | Lamp oil (flacon) x3 | Grappling hook | 10' pole | Crowbar (standard) | Bâton de marche / Walking Staff | Cutlass,Backpack (medium leather) | Tent 2-man leather | Sleeping furs (light) | Blanket (heavy) | Field rations (basic) x7 | Waterskin (1 gal) x2 | Canteen (1 pt) | Lantern (hooded) | Rope (standard 50') | Hammer + 10 pitons | Flint & steel | Tinderbox | Cloak (wool hooded) | Boots (normal leather) | Gloves (leather) | Hat (leather),1.48,NO,None,,2,1,-3,0,7,172.3,78.9,0,3,-3,3,-3,5,3,2,3,-2,Aucun,2026-05-28 13:35:34
CH-00122,Human,Chondathan,Chondath,Fishing Village,Groupe4_Vilhon_Est,Littoral Foraging | Advanced Tracking | Open Land Navigation,Disguise & Impersonation | Information Brokerage,Laws & Customs of Nations | Halfling Culture | Guilds & Organizations | Magical Schools & Traditions,Accounting & Estate Management | Sail & Rope Making | Cooking (Fine Cuisine),Thorass | Cormyrian,Chondathan | Cormyrian,1237,293.4,universal_standard,1,Modest,Fauld | Plackart,720.0,517,Belt (leather) + Belt pouch (large) | Map case + blank regional map | Lamp oil (flacon) x3 | Grappling hook | 10' pole | Crowbar (standard) | Bâton de marche / Walking Staff | Fauld | Plackart,Backpack (medium leather) | Tent 2-man leather | Sleeping furs (light) | Blanket (heavy) | Field rations (basic) x7 | Waterskin (1 gal) x2 | Canteen (1 pt) | Lantern (hooded) | Rope (standard 50') | Hammer + 10 pitons | Flint & steel | Tinderbox | Cloak (wool hooded) | Boots (normal leather) | Gloves (leather) | Hat (leather),13.8,NO,None,,2,2,5,-1,6,163.3,74.8,-1,5,-2,2,5,6,-3,3,4,-2,Aucun,2026-05-28 13:35:34
CH-00123,Dwarf,Gold Dwarf,Mithral Hall,Mountain Village,Groupe6_Bloc_Nain,Technical Rock Climbing | Advanced Tracking | Snow and Ice Shelter Building | Underground Navigation,Guild Knowledge & Politics,"History of Netheril | Cosmology (Weave, Shadow Weave) | Orc & Goblinoid Culture | Cultural Interactions",Lens Making & Optics | Shipbuilding,Chondathan | Nain,Chondathan | Nain,854,293.4,universal_standard,1,Modest,Burgonet (Maximilian) | Waterskin (1 gal),553.0,301,Belt (leather) + Belt pouch (large) | Map case + blank regional map | Lamp oil (flacon) x3 | Grappling hook | 10' pole | Crowbar (standard) | Bâton de marche / Walking Staff | Burgonet (Maximilian),Backpack (medium leather) | Tent 2-man leather | Sleeping furs (light) | Blanket (heavy) | Field rations (basic) x7 | Waterskin (1 gal) x2 | Canteen (1 pt) | Lantern (hooded) | Rope (standard 50') | Hammer + 10 pitons | Flint & steel | Tinderbox | Cloak (wool hooded) | Boots (normal leather) | Gloves (leather) | Hat (leather) | Waterskin (1 gal),-3.8,YES,Théurgique,Magie Verte,2,-3,-2,-9,3,121.4,71.0,-7,-5,1,-3,-1,4,-2,-3,-6,0,Vision dans le noir + Robustesse naine,2026-05-28 13:35:34
CH-00124,Human,Tethyrian,Baldur's Gate,Small Town,Groupe1_Cote_des_Epees,Dark Water Swimming | Coastal Survival | Advanced Tracking,Black Market Operations | Streetwise (Urban Underworld) | Criminal Organizations & Syndicates,Religious Cults & Orders | Major Cities & Regions | Court Etiquette & Protocol,Dyeing & Textile Coloring,Elven High Speech,Chondathan | Elven High Speech,2883,293.4,universal_standard,2,Comfortable,Close Helmet (Maximilian) | Garde-reins,1000.0,1883,Belt (leather) + Belt pouch (large) | Map case + blank regional map | Lamp oil (flacon) x3 | Grappling hook | 10' pole | Crowbar (standard) | Bâton de marche / Walking Staff | Close Helmet (Maximilian) | Garde-reins,Backpack (medium leather) | Tent 2-man leather | Sleeping furs (light) | Blanket (heavy) | Field rations (basic) x7 | Waterskin (1 gal) x2 | Canteen (1 pt) | Lantern (hooded) | Rope (standard 50') | Hammer + 10 pitons | Flint & steel | Tinderbox | Cloak (wool hooded) | Boots (normal leather) | Gloves (leather) | Hat (leather),11.52,NO,None,,5,1,0,1,12,186.5,97.4,2,-5,4,-3,1,0,-4,-1,-9,3,Aucun,2026-05-28 13:35:34
CH-00125,Human,Chondathan,Sword Coast,Fishing Village,Groupe1_Cote_des_Epees,Signaling and Rescue | Plains Tracking | Open Land Navigation,,Political Currents & Rivalries | Elven Culture | Local Folklore & Legends | Guilds & Organizations,Forgery of Official Documents | Lens Making & Optics | Engraving on Metal & Gems,Chondathan,Chondathan | Tethyrian,1117,293.4,universal_standard,1,Modest,Morning Star,500.0,617,Belt (leather) + Belt pouch (large) | Map case + blank regional map | Lamp oil (flacon) x3 | Grappling hook | 10' pole | Crowbar (standard) | Bâton de marche / Walking Staff | Morning Star,Backpack (medium leather) | Tent 2-man leather | Sleeping furs (light) | Blanket (heavy) | Field rations (basic) x7 | Waterskin (1 gal) x2 | Canteen (1 pt) | Lantern (hooded) | Rope (standard 50') | Hammer + 10 pitons | Flint & steel | Tinderbox | Cloak (wool hooded) | Boots (normal leather) | Gloves (leather) | Hat (leather),6.3,NO,None,,2,2,-2,2,2,165.0,67.4,-1,8,4,-1,-2,4,5,3,6,3,Aucun,2026-05-28 13:35:34
CH-00126,Human,Tethyrian,The Dalelands,Farming Hamlet,Groupe3_Coeur_Continental,Complex Terrain Navigation | Advanced Tracking | Forest Stealth | Plains Tracking,,"Festivals, Calendars & Traditions | Laws & Customs of Nations",Perfumery & Cosmetics | Accounting & Estate Management | Leatherworking & Tanning,Illuskan,Chondathan | Illuskan | Tethyrian,909,293.4,universal_standard,1,Modest,Plackart,600.0,309,Belt (leather) + Belt pouch (large) | Map case + blank regional map | Lamp oil (flacon) x3 | Grappling hook | 10' pole | Crowbar (standard) | Bâton de marche / Walking Staff | Plackart,Backpack (medium leather) | Tent 2-man leather | Sleeping furs (light) | Blanket (heavy) | Field rations (basic) x7 | Waterskin (1 gal) x2 | Canteen (1 pt) | Lantern (hooded) | Rope (standard 50') | Hammer + 10 pitons | Flint & steel | Tinderbox | Cloak (wool hooded) | Boots (normal leather) | Gloves (leather) | Hat (leather),5.14,NO,None,,3,2,-3,0,8,169.2,83.2,0,2,-3,6,-4,4,-4,-2,3,-1,Aucun,2026-05-28 13:35:34
CH-00127,Dwarf,Shield Dwarf,Ironmaster,Mountain Village,Groupe3_Coeur_Continental,Mountain Endurance | Game Butchering and Preservation | Technical Rock Climbing | Underground Navigation | Marsh Movement,,Trade Routes & Commerce | History of Netheril | Court Etiquette & Protocol,Weapons & Armor Smithing | Cooking (Fine Cuisine),Nain,Nain,658,293.4,universal_standard,0,None,Gourdin / Cudgel | Cloak (wool),69.0,589,Belt (leather) + Belt pouch (large) | Map case + blank regional map | Lamp oil (flacon) x3 | Grappling hook | 10' pole | Crowbar (standard) | Bâton de marche / Walking Staff | Gourdin / Cudgel,Backpack (medium leather) | Tent 2-man leather | Sleeping furs (light) | Blanket (heavy) | Field rations (basic) x7 | Waterskin (1 gal) x2 | Canteen (1 pt) | Lantern (hooded) | Rope (standard 50') | Hammer + 10 pitons | Flint & steel | Tinderbox | Cloak (wool hooded) | Boots (normal leather) | Gloves (leather) | Hat (leather) | Cloak (wool),14.67,NO,None,,1,1,6,-2,4,144.0,71.0,-3,-2,1,8,4,0,-1,2,3,3,Vision dans le noir + Robustesse naine,2026-05-28 13:35:34
CH-00128,Human,Ffolk,Nelanther Isles,Major Port City,Groupe3_Coeur_Continental,Oceanic Navigation,Urban Observation and Tailing | Fences and Buyers Network | Black Market Operations | Heraldry & Lineage Recognition | Fences and Buyers Network,Trade Routes & Commerce | History of Netheril | Major Cities & Regions | Astronomy & Star Navigation,Masonry,Chondathan | Elfique,Chondathan | Elfique | Thorass,1250,293.4,universal_standard,1,Modest,Backpack (medium leather) | Pike,604.0,646,Belt (leather) + Belt pouch (large) | Map case + blank regional map | Lamp oil (flacon) x3 | Grappling hook | 10' pole | Crowbar (standard) | Bâton de marche / Walking Staff | Pike,Backpack (medium leather) | Tent 2-man leather | Sleeping furs (light) | Blanket (heavy) | Field rations (basic) x7 | Waterskin (1 gal) x2 | Canteen (1 pt) | Lantern (hooded) | Rope (standard 50') | Hammer + 10 pitons | Flint & steel | Tinderbox | Cloak (wool hooded) | Boots (normal leather) | Gloves (leather) | Hat (leather) | Backpack (medium leather),-12.69,YES,Théurgique,Magie Blanche,-4,-6,-4,-7,11,164.7,74.8,-1,-13,-4,-4,-1,1,-1,-8,-14,-6,Aucun,2026-05-28 13:35:34
CH-00129,Human,Illuskan,Spine of the World,Farming Hamlet,Groupe3_Coeur_Continental,Deep-Sea Fishing | Desert Thermal Endurance | Oceanic Navigation,,Cultural Interactions | Guilds & Organizations | History of the Realms | Religious Cults & Orders,Masonry | Cooking (Fine Cuisine) | Herbalism & Potion Brewing,Sossrim | Thorass,Illuskan | Sossrim,382,293.4,universal_standard,0,None,Parma,280.0,102,Belt (leather) + Belt pouch (large) | Map case + blank regional map | Lamp oil (flacon) x3 | Grappling hook | 10' pole | Crowbar (standard) | Bâton de marche / Walking Staff | Parma,Backpack (medium leather) | Tent 2-man leather | Sleeping furs (light) | Blanket (heavy) | Field rations (basic) x7 | Waterskin (1 gal) x2 | Canteen (1 pt) | Lantern (hooded) | Rope (standard 50') | Hammer + 10 pitons | Flint & steel | Tinderbox | Cloak (wool hooded) | Boots (normal leather) | Gloves (leather) | Hat (leather),-4.09,YES,Théurgique,Magie Blanche,0,0,-5,-1,2,164.8,71.0,-1,2,0,1,-5,-8,-2,8,2,0,Aucun,2026-05-28 13:35:34
CH-00130,Human,Chondathan,Chondath,Large Town,Groupe4_Vilhon_Est,River Crossing | Littoral Foraging,High Society Manipulation | Criminal Organizations & Syndicates | Urban Stealth & Shadowing,History of Imaskar | Dwarven Culture,Leatherworking & Tanning | Weapons & Armor Smithing | Cartography,Illuskan,Chondathan | Illuskan,1637,293.4,universal_standard,2,Comfortable,Glaive | Maille collerette ou manches | Buckler,1250.0,387,Belt (leather) + Belt pouch (large) | Map case + blank regional map | Lamp oil (flacon) x3 | Grappling hook | 10' pole | Crowbar (standard) | Bâton de marche / Walking Staff | Glaive | Maille collerette ou manches | Buckler,Backpack (medium leather) | Tent 2-man leather | Sleeping furs (light) | Blanket (heavy) | Field rations (basic) x7 | Waterskin (1 gal) x2 | Canteen (1 pt) | Lantern (hooded) | Rope (standard 50') | Hammer + 10 pitons | Flint & steel | Tinderbox | Cloak (wool hooded) | Boots (normal leather) | Gloves (leather) | Hat (leather),19.84,NO,None,,1,3,5,3,0,180.4,71.0,1,5,1,6,3,2,2,2,7,3,Aucun,2026-05-28 13:35:34
CH-00131,Human,Chondathan,Chondath,Small Town,Groupe4_Vilhon_Est,Plains Tracking | Oceanic Navigation,Urban Observation and Tailing | Heraldry & Lineage Recognition,Local Folklore & Legends | Major Cities & Regions | Major Religions & Deities | Divine Myths & Legends,Jewelry & Goldsmithing | Dyeing & Textile Coloring | Masonry,Chondathan,Chondathan | Thorass,1331,293.4,universal_standard,1,Modest,Short bow | Kettle hat | Buckler | Quiver,600.0,731,Belt (leather) + Belt pouch (large) | Map case + blank regional map | Lamp oil (flacon) x3 | Grappling hook | 10' pole | Crowbar (standard) | Bâton de marche / Walking Staff | Short bow | Buckler | Quiver,Backpack (medium leather) | Tent 2-man leather | Sleeping furs (light) | Blanket (heavy) | Field rations (basic) x7 | Waterskin (1 gal) x2 | Canteen (1 pt) | Lantern (hooded) | Rope (standard 50') | Hammer + 10 pitons | Flint & steel | Tinderbox | Cloak (wool hooded) | Boots (normal leather) | Gloves (leather) | Hat (leather) | Kettle hat,9.94,NO,None,,2,2,0,3,5,180.3,74.8,1,3,3,3,-1,-1,-1,-3,3,4,Aucun,2026-05-28 13:35:34
CH-00132,Dwarf,Shield Dwarf,Citadel Adbar,Dwarven Fortress,Groupe6_Bloc_Nain,Underground Navigation | Complex Terrain Navigation,Urban Observation and Tailing | Disguise & Impersonation | Fences and Buyers Network | Forgery of Documents & Seals | Urban Observation and Tailing,Genasi & Elemental Peoples | Guilds & Organizations | Local Folklore & Legends | Divine Myths & Legends,Smithing & Metallurgy | Stone & Wood Carving,Undercommon | Thorass,Géant | Nain | Undercommon,831,293.4,universal_standard,1,Modest,Palfrey | Buckler,790.0,41,Belt (leather) + Belt pouch (large) | Map case + blank regional map | Lamp oil (flacon) x3 | Grappling hook | 10' pole | Crowbar (standard) | Bâton de marche / Walking Staff | Buckler,Backpack (medium leather) | Tent 2-man leather | Sleeping furs (light) | Blanket (heavy) | Field rations (basic) x7 | Waterskin (1 gal) x2 | Canteen (1 pt) | Lantern (hooded) | Rope (standard 50') | Hammer + 10 pitons | Flint & steel | Tinderbox | Cloak (wool hooded) | Boots (normal leather) | Gloves (leather) | Hat (leather) | Palfrey,-7.75,YES,Théurgique,Magie Verte,-1,-5,-1,-9,9,130.5,71.0,-5,-8,-3,-4,1,-7,-4,-10,-9,-5,Vision dans le noir + Robustesse naine,2026-05-28 13:35:34
CH-00133,Human,Chondathan,The Dalelands,Forest Village,Groupe3_Coeur_Continental,Plains Tracking | Open Land Navigation | Desert Water Mastery | Complex Terrain Navigation | Advanced Tracking | Wild Plant Foraging,Urban Observation and Tailing,Trade Routes & Commerce | History of Imaskar | Religious Cults & Orders,Viticulture & Winemaking | Heraldry & Lineage,Chondathan,Chondathan | Cormyrian,789,293.4,universal_standard,1,Modest,Simple Breastplate,500.0,289,Belt (leather) + Belt pouch (large) | Map case + blank regional map | Lamp oil (flacon) x3 | Grappling hook | 10' pole | Crowbar (standard) | Bâton de marche / Walking Staff | Simple Breastplate,Backpack (medium leather) | Tent 2-man leather | Sleeping furs (light) | Blanket (heavy) | Field rations (basic) x7 | Waterskin (1 gal) x2 | Canteen (1 pt) | Lantern (hooded) | Rope (standard 50') | Hammer + 10 pitons | Flint & steel | Tinderbox | Cloak (wool hooded) | Boots (normal leather) | Gloves (leather) | Hat (leather),10.75,NO,None,,2,3,-6,4,7,193.7,78.9,3,4,2,1,-6,-3,-3,-7,2,2,Aucun,2026-05-28 13:35:34
CH-00134,Half-elf,Wood Half-elf,High Forest,Logging Camp,Groupe3_Coeur_Continental,Marsh Movement | Complex Terrain Navigation | Wild Plant Foraging | Advanced Tracking | Forest Stealth | Snow and Ice Shelter Building,Urban Stealth & Shadowing,History of Imaskar | Aberration Lore | History of Netheril | Divine Myths & Legends,Masonry,Chondathan,Chondathan | Elfique,719,293.4,universal_standard,1,Modest,Spear | Maille collerette ou manches,663.0,56,Belt (leather) + Belt pouch (large) | Map case + blank regional map | Lamp oil (flacon) x3 | Grappling hook | 10' pole | Crowbar (standard) | Bâton de marche / Walking Staff | Spear | Maille collerette ou manches,Backpack (medium leather) | Tent 2-man leather | Sleeping furs (light) | Blanket (heavy) | Field rations (basic) x7 | Waterskin (1 gal) x2 | Canteen (1 pt) | Lantern (hooded) | Rope (standard 50') | Hammer + 10 pitons | Flint & steel | Tinderbox | Cloak (wool hooded) | Boots (normal leather) | Gloves (leather) | Hat (leather),21.46,NO,None,,5,2,3,2,4,175.4,83.2,1,1,6,-3,3,7,-2,2,-3,5,Méditation + Immunité sommeil + VN (N1),2026-05-28 13:35:34
CH-00135,Human,Imaskari,Unther,Military Outpost,Groupe12_Old_Empires,Mountain Endurance | Technical Rock Climbing | Complex Terrain Navigation | Hermetic Medicine | Desert Water Mastery,Urban Stealth & Shadowing,Guilds & Organizations | Elven Culture | Major Religions & Deities | Local Folklore & Legends,Dyeing & Textile Coloring,Chondathan | Imaskari,Chondathan | Imaskari,976,293.4,universal_standard,0,None,Mail voiders (paire),300.0,676,Belt (leather) + Belt pouch (large) | Map case + blank regional map | Lamp oil (flacon) x3 | Grappling hook | 10' pole | Crowbar (standard) | Bâton de marche / Walking Staff | Mail voiders (paire),Backpack (medium leather) | Tent 2-man leather | Sleeping furs (light) | Blanket (heavy) | Field rations (basic) x7 | Waterskin (1 gal) x2 | Canteen (1 pt) | Lantern (hooded) | Rope (standard 50') | Hammer + 10 pitons | Flint & steel | Tinderbox | Cloak (wool hooded) | Boots (normal leather) | Gloves (leather) | Hat (leather),1.0,NO,None,,1,0,1,-1,9,166.3,71.0,0,8,-6,-4,4,3,2,5,4,-8,Aucun,2026-05-28 13:35:34
CH-00136,Human,Chondathan,Vilhon Reach,Large Town,Groupe4_Vilhon_Est,Plains Tracking,Guild Knowledge & Politics | Urban Observation and Tailing | Disguise & Impersonation | Lockpicking and Trap Disarming,Dwarven Culture | Major Religions & Deities | History of Imaskar,Masonry,Halruaan,Chondathan | Halruaan | Illuskan,1701,293.4,universal_standard,2,Comfortable,Sidesword | Broadsword,1200.0,501,Belt (leather) + Belt pouch (large) | Map case + blank regional map | Lamp oil (flacon) x3 | Grappling hook | 10' pole | Crowbar (standard) | Bâton de marche / Walking Staff | Sidesword | Broadsword,Backpack (medium leather) | Tent 2-man leather | Sleeping furs (light) | Blanket (heavy) | Field rations (basic) x7 | Waterskin (1 gal) x2 | Canteen (1 pt) | Lantern (hooded) | Rope (standard 50') | Hammer + 10 pitons | Flint & steel | Tinderbox | Cloak (wool hooded) | Boots (normal leather) | Gloves (leather) | Hat (leather),-4.24,YES,Théurgique,Magie Blanche,-2,-1,-2,0,4,174.1,67.4,0,-4,4,0,-2,-9,-5,0,-3,4,Aucun,2026-05-28 13:35:34
CH-00137,Human,Nar,Moonsea,Large Town,Groupe4_Vilhon_Est,Plains Tracking,Streetwise (Urban Underworld) | City Secrets & Hidden Routes | Poison Lore & Subtle Application,"Cosmology (Weave, Shadow Weave) | History of the Realms",Animal Husbandry & Training | Candle & Soap Making,None,Chondathan | Damaran | Sembian,1665,293.4,universal_standard,2,Comfortable,Light Crossbow | Courser | Buckler | Quiver,1430.0,235,Belt (leather) + Belt pouch (large) | Map case + blank regional map | Lamp oil (flacon) x3 | Grappling hook | 10' pole | Crowbar (standard) | Bâton de marche / Walking Staff | Light Crossbow | Buckler | Quiver,Backpack (medium leather) | Tent 2-man leather | Sleeping furs (light) | Blanket (heavy) | Field rations (basic) x7 | Waterskin (1 gal) x2 | Canteen (1 pt) | Lantern (hooded) | Rope (standard 50') | Hammer + 10 pitons | Flint & steel | Tinderbox | Cloak (wool hooded) | Boots (normal leather) | Gloves (leather) | Hat (leather) | Courser,28.9,NO,None,,8,5,0,1,-3,163.1,87.7,-1,10,-1,3,0,-2,6,8,7,0,Aucun,2026-05-28 13:35:34
CH-00138,Human,Illuskan,Luskan,Large Town,Groupe1_Cote_des_Epees,Storm and Seasickness Mastery | Deep-Sea Fishing,Criminal Organizations & Syndicates | Urban Observation and Tailing | Temple Politics & Religious Intrigue,Major Cities & Regions | Local Folklore & Legends | Weave Theory | History of the Realms,Leatherworking & Tanning,Sossrim | Illuskan,Illuskan | Sossrim | Vaasan,916,293.4,universal_standard,1,Modest,Lance | Voulge,800.0,116,Belt (leather) + Belt pouch (large) | Map case + blank regional map | Lamp oil (flacon) x3 | Grappling hook | 10' pole | Crowbar (standard) | Bâton de marche / Walking Staff | Lance | Voulge,Backpack (medium leather) | Tent 2-man leather | Sleeping furs (light) | Blanket (heavy) | Field rations (basic) x7 | Waterskin (1 gal) x2 | Canteen (1 pt) | Lantern (hooded) | Rope (standard 50') | Hammer + 10 pitons | Flint & steel | Tinderbox | Cloak (wool hooded) | Boots (normal leather) | Gloves (leather) | Hat (leather),-4.64,YES,Théurgique,Magie Verte,0,-1,-4,-1,7,180.2,78.9,1,-4,1,-4,-2,-5,-4,0,-7,-1,Aucun,2026-05-28 13:35:34
CH-00139,Human,Damaran,Moonsea,Large Town,Groupe4_Vilhon_Est,Primitive Fire Mastery | Advanced Tracking,Urban Observation and Tailing | Guild Knowledge & Politics | Criminal Organizations & Syndicates | Forgery of Documents & Seals,Geography of Faerûn | Laws & Customs of Nations | Nobility & Heraldry | Guilds & Organizations,Architecture | Shipbuilding | Lens Making & Optics,Thorass,Chondathan | Damaran | Illuskan,1743,293.4,universal_standard,1,Modest,Kettle hat | Light Crossbow | Quiver,870.0,873,Belt (leather) + Belt pouch (large) | Map case + blank regional map | Lamp oil (flacon) x3 | Grappling hook | 10' pole | Crowbar (standard) | Bâton de marche / Walking Staff | Light Crossbow | Quiver,Backpack (medium leather) | Tent 2-man leather | Sleeping furs (light) | Blanket (heavy) | Field rations (basic) x7 | Waterskin (1 gal) x2 | Canteen (1 pt) | Lantern (hooded) | Rope (standard 50') | Hammer + 10 pitons | Flint & steel | Tinderbox | Cloak (wool hooded) | Boots (normal leather) | Gloves (leather) | Hat (leather) | Kettle hat,-8.04,YES,Arcanique,Magicien,-2,-2,-4,-3,6,174.0,71.0,0,0,-3,-6,-1,-5,-1,-5,-4,-5,Aucun,2026-05-28 13:35:34
CH-00140,Dwarf,Shield Dwarf,Citadel Adbar,Dwarven Fortress,Groupe6_Bloc_Nain,,Criminal Organizations & Syndicates | Lockpicking and Trap Disarming | Streetwise (Urban Underworld) | Disguise & Impersonation,Astronomy & Star Navigation | History of Magic | Geography of Faerûn | Dragon Lore,Masonry,Nain,Nain,877,293.4,universal_standard,0,None,Buckler,220.0,657,Belt (leather) + Belt pouch (large) | Map case + blank regional map | Lamp oil (flacon) x3 | Grappling hook | 10' pole | Crowbar (standard) | Bâton de marche / Walking Staff | Buckler,Backpack (medium leather) | Tent 2-man leather | Sleeping furs (light) | Blanket (heavy) | Field rations (basic) x7 | Waterskin (1 gal) x2 | Canteen (1 pt) | Lantern (hooded) | Rope (standard 50') | Hammer + 10 pitons | Flint & steel | Tinderbox | Cloak (wool hooded) | Boots (normal leather) | Gloves (leather) | Hat (leather),-1.07,NO,None,,2,-1,-2,-5,11,145.2,74.8,-3,4,-5,-4,1,-2,3,-2,0,-7,Vision dans le noir + Robustesse naine,2026-05-28 13:35:34
CH-00141,Human,Chultan,Tashalar,Fishing Village,Groupe3_Coeur_Continental,Game Butchering and Preservation | Coastal Survival | Wild Plant Foraging | Marsh Disease Resistance | Littoral Foraging | Marsh Movement,Disguise & Impersonation,Aberration Lore | History of the Realms,Cooking (Fine Cuisine),None,Chondathan | Chultan | Tashalan | Yuan-ti,1038,293.4,universal_standard,1,Modest,Broadsword,825.0,213,Belt (leather) + Belt pouch (large) | Map case + blank regional map | Lamp oil (flacon) x3 | Grappling hook | 10' pole | Crowbar (standard) | Bâton de marche / Walking Staff | Broadsword,Backpack (medium leather) | Tent 2-man leather | Sleeping furs (light) | Blanket (heavy) | Field rations (basic) x7 | Waterskin (1 gal) x2 | Canteen (1 pt) | Lantern (hooded) | Rope (standard 50') | Hammer + 10 pitons | Flint & steel | Tinderbox | Cloak (wool hooded) | Boots (normal leather) | Gloves (leather) | Hat (leather),23.78,NO,None,,2,4,3,5,-2,169.5,67.4,0,5,7,8,-1,4,-4,10,9,9,Aucun,2026-05-28 13:35:34
CH-00142,Human,Tuigan,Hordelands (The Endless Wastes),Military Outpost,Groupe3_Coeur_Continental,Plains Tracking | Open Land Navigation | Weather Reading | Confined Space Stealth | Advanced Tracking,Information Brokerage | Guild Knowledge & Politics,"Trade Routes & Commerce | Geography of Faerûn | Ancient Realms (Netheril, Imaskar...)",Fireworks Making | Jewelry & Goldsmithing | Beekeeping,Tuigan,Thorass | Tuigan,502,293.4,universal_standard,1,Modest,Tassets,375.0,127,Belt (leather) + Belt pouch (large) | Map case + blank regional map | Lamp oil (flacon) x3 | Grappling hook | 10' pole | Crowbar (standard) | Bâton de marche / Walking Staff | Tassets,Backpack (medium leather) | Tent 2-man leather | Sleeping furs (light) | Blanket (heavy) | Field rations (basic) x7 | Waterskin (1 gal) x2 | Canteen (1 pt) | Lantern (hooded) | Rope (standard 50') | Hammer + 10 pitons | Flint & steel | Tinderbox | Cloak (wool hooded) | Boots (normal leather) | Gloves (leather) | Hat (leather),-1.62,NO,None,,-1,-2,1,0,11,185.2,78.9,2,-7,2,-1,1,5,4,-2,-8,1,Aucun,2026-05-28 13:35:34
CH-00143,Human,Calishite,Calimshan,Metropolis,Groupe2_Sud_Marchand,Desert Thermal Endurance | Wild Plant Foraging,Fences and Buyers Network | Sleight of Hand & Cheating | Urban Stealth & Shadowing | Criminal Organizations & Syndicates | Poison Lore & Subtle Application,Trade Routes & Commerce | Dragon Lore | Major Cities & Regions | Local Folklore & Legends,Rare Dye Making | Alchemy (Theory & Practice) | Poison Lore & Application,Infernal | Thorass,Chondathan | Halruaan | Infernal | Mulhorandi,3394,293.4,universal_standard,3,Wealthy,Bec de Corbin | Arming Doublet | Buckler,2295.0,1099,Belt (leather) + Belt pouch (large) | Map case + blank regional map | Lamp oil (flacon) x3 | Grappling hook | 10' pole | Crowbar (standard) | Bâton de marche / Walking Staff | Bec de Corbin | Arming Doublet | Buckler,Backpack (medium leather) | Tent 2-man leather | Sleeping furs (light) | Blanket (heavy) | Field rations (basic) x7 | Waterskin (1 gal) x2 | Canteen (1 pt) | Lantern (hooded) | Rope (standard 50') | Hammer + 10 pitons | Flint & steel | Tinderbox | Cloak (wool hooded) | Boots (normal leather) | Gloves (leather) | Hat (leather),15.22,NO,None,,-3,-1,8,0,2,152.2,60.6,-2,-5,5,8,5,-3,3,2,2,7,Aucun,2026-05-28 13:35:34
CH-00144,Human,Calishite,Calimshan,Large Town,Groupe2_Sud_Marchand,Open Land Navigation | Desert Water Mastery | Plains Tracking | Desert Thermal Endurance,Guild Knowledge & Politics | Black Market Operations | Guild Knowledge & Politics | Black Market Operations,Dwarven Culture | Gnomish Culture | Geography of Faerûn,Weaving & Spinning,Thorass,Chondathan | Halruaan | Mulhorandi,2811,293.4,universal_standard,3,Wealthy,Rouncey | Tent 2-man leather | Padded Jack | Heavy Crossbow | Buckler | Quiver,2660.0,151,Belt (leather) + Belt pouch (large) | Map case + blank regional map | Lamp oil (flacon) x3 | Grappling hook | 10' pole | Crowbar (standard) | Bâton de marche / Walking Staff | Padded Jack | Heavy Crossbow | Buckler | Quiver,Backpack (medium leather) | Tent 2-man leather | Sleeping furs (light) | Blanket (heavy) | Field rations (basic) x7 | Waterskin (1 gal) x2 | Canteen (1 pt) | Lantern (hooded) | Rope (standard 50') | Hammer + 10 pitons | Flint & steel | Tinderbox | Cloak (wool hooded) | Boots (normal leather) | Gloves (leather) | Hat (leather) | Rouncey | Tent 2-man leather,-12.85,YES,Sauvage,Magie Blanche,-9,-8,0,-7,5,143.2,49.1,-4,-8,1,-6,2,-4,3,-1,-7,-1,Aucun,2026-05-28 13:35:34
CH-00145,Dwarf,Gold Dwarf,Great Rift,Dwarven Fortress,Groupe6_Bloc_Nain,Mountain Endurance,Lockpicking and Trap Disarming | Streetwise (Urban Underworld) | Noble Houses & Court Intrigue | Lockpicking and Trap Disarming | Criminal Organizations & Syndicates | Urban Observation and Tailing,Fall of Myth Drannor | Legendary Artifacts & Relics | Court Etiquette & Protocol | Geography of Faerûn,Engraving on Metal & Gems,Nain | Thorass,Chondathan | Nain,861,293.4,universal_standard,0,None,Lantern (hooded) | Tassets,255.0,606,Belt (leather) + Belt pouch (large) | Map case + blank regional map | Lamp oil (flacon) x3 | Grappling hook | 10' pole | Crowbar (standard) | Bâton de marche / Walking Staff | Tassets,Backpack (medium leather) | Tent 2-man leather | Sleeping furs (light) | Blanket (heavy) | Field rations (basic) x7 | Waterskin (1 gal) x2 | Canteen (1 pt) | Lantern (hooded) | Rope (standard 50') | Hammer + 10 pitons | Flint & steel | Tinderbox | Cloak (wool hooded) | Boots (normal leather) | Gloves (leather) | Hat (leather) | Lantern (hooded),-8.42,YES,Arcanique,Magicien,1,-4,-5,-12,4,111.0,63.9,-9,-3,2,-10,-2,-2,4,-1,-8,-2,Vision dans le noir + Robustesse naine,2026-05-28 13:35:34
CH-00146,Human,Illuskan,Neverwinter,Large Town,Groupe1_Cote_des_Epees,Storm and Seasickness Mastery | Deep-Sea Fishing | Oceanic Navigation | Field Weapon Maintenance,Streetwise (Urban Underworld) | Streetwise (Urban Underworld) | Black Market Operations,Religious Cults & Orders | Legendary Artifacts & Relics | Laws & Customs of Nations,Carpentry & Woodworking | Leatherworking & Tanning | Viticulture & Winemaking,Vaasan,Chondathan | Illuskan | Vaasan,1045,293.4,universal_standard,1,Modest,Palfrey | Buckler,790.0,255,Belt (leather) + Belt pouch (large) | Map case + blank regional map | Lamp oil (flacon) x3 | Grappling hook | 10' pole | Crowbar (standard) | Bâton de marche / Walking Staff | Buckler,Backpack (medium leather) | Tent 2-man leather | Sleeping furs (light) | Blanket (heavy) | Field rations (basic) x7 | Waterskin (1 gal) x2 | Canteen (1 pt) | Lantern (hooded) | Rope (standard 50') | Hammer + 10 pitons | Flint & steel | Tinderbox | Cloak (wool hooded) | Boots (normal leather) | Gloves (leather) | Hat (leather) | Palfrey,-8.31,YES,Théurgique,Magie Verte,0,-3,-6,-4,8,173.8,83.2,0,-5,-3,-7,-3,4,-1,-1,-10,-6,Aucun,2026-05-28 13:35:34
CH-00147,Human,Tethyrian,Tethyr,Large Town,Groupe2_Sud_Marchand,Plains Tracking | Weather Reading | Forest Stealth,Noble Houses & Court Intrigue | Guild Knowledge & Politics | Urban Stealth & Shadowing | Guild Knowledge & Politics,Laws & Customs of Nations | History of the Realms,Smithing & Metallurgy | Navigation (Land & Sea) | Carpentry & Woodworking,Elfique,Chondathan | Elfique | Tethyrian,2266,293.4,universal_standard,2,Comfortable,Fauld | Mail coif | Longsword,1190.0,1076,Belt (leather) + Belt pouch (large) | Map case + blank regional map | Lamp oil (flacon) x3 | Grappling hook | 10' pole | Crowbar (standard) | Bâton de marche / Walking Staff | Fauld | Mail coif | Longsword,Backpack (medium leather) | Tent 2-man leather | Sleeping furs (light) | Blanket (heavy) | Field rations (basic) x7 | Waterskin (1 gal) x2 | Canteen (1 pt) | Lantern (hooded) | Rope (standard 50') | Hammer + 10 pitons | Flint & steel | Tinderbox | Cloak (wool hooded) | Boots (normal leather) | Gloves (leather) | Hat (leather),-4.51,YES,Théurgique,Magie Blanche,0,-1,-6,0,0,174.1,67.4,0,2,4,-9,-3,-1,7,-6,-4,1,Aucun,2026-05-28 13:35:34
CH-00148,Human,Chondathan,Sembia,Small Town,Groupe2_Sud_Marchand,Forced March Endurance,Streetwise (Urban Underworld) | Sleight of Hand & Cheating,Trade Routes & Commerce | Legendary Artifacts & Relics | Guilds & Organizations | Geography of Faerûn,Masonry,Chondathan,Chondathan | Sembian,2519,293.4,universal_standard,3,Wealthy,Bevor | Arming Doublet | Pike | Buckler,2325.0,194,Belt (leather) + Belt pouch (large) | Map case + blank regional map | Lamp oil (flacon) x3 | Grappling hook | 10' pole | Crowbar (standard) | Bâton de marche / Walking Staff | Bevor | Arming Doublet | Pike | Buckler,Backpack (medium leather) | Tent 2-man leather | Sleeping furs (light) | Blanket (heavy) | Field rations (basic) x7 | Waterskin (1 gal) x2 | Canteen (1 pt) | Lantern (hooded) | Rope (standard 50') | Hammer + 10 pitons | Flint & steel | Tinderbox | Cloak (wool hooded) | Boots (normal leather) | Gloves (leather) | Hat (leather),17.97,NO,None,,6,3,-2,2,6,183.2,92.4,2,5,-1,-1,-1,4,-3,-1,0,-2,Aucun,2026-05-28 13:35:34
CH-00149,Human,Damaran,Impiltur,Fishing Village,Groupe3_Coeur_Continental,Littoral Foraging | Coastal Survival | Complex Terrain Navigation | Storm and Seasickness Mastery | Mountain Endurance | Oceanic Navigation,Lockpicking and Trap Disarming,Divine Myths & Legends | Laws & Customs of Nations | History of the Realms,Stoneworking,Thorass,Chondathan | Damaran | Thorass,1118,293.4,universal_standard,1,Modest,Longsword | Lamp oil | Crowbar (heavy) | Buckler,879.0,239,Belt (leather) + Belt pouch (large) | Map case + blank regional map | Lamp oil (flacon) x3 | Grappling hook | 10' pole | Crowbar (standard) | Bâton de marche / Walking Staff | Longsword | Lamp oil | Crowbar (heavy) | Buckler,Backpack (medium leather) | Tent 2-man leather | Sleeping furs (light) | Blanket (heavy) | Field rations (basic) x7 | Waterskin (1 gal) x2 | Canteen (1 pt) | Lantern (hooded) | Rope (standard 50') | Hammer + 10 pitons | Flint & steel | Tinderbox | Cloak (wool hooded) | Boots (normal leather) | Gloves (leather) | Hat (leather),-4.16,YES,Arcanique,Magicien,0,-1,-3,-1,2,178.6,78.9,1,-1,-4,0,-2,0,2,-4,-2,-4,Aucun,2026-05-28 13:35:34
CH-00150,Human,Tethyrian,The Dalelands,Logging Camp,Groupe3_Coeur_Continental,Weather Reading | Complex Terrain Navigation | Wild Plant Foraging | Plains Tracking | Advanced Tracking,Heraldry & Lineage Recognition | Criminal Organizations & Syndicates,History of Magic | Court Etiquette & Protocol | Geography of Faerûn,Brewing & Distilling | Leatherworking & Tanning | Sail & Rope Making,Thorass,Chondathan | Cormyrian | Druidic,908,293.4,universal_standard,1,Modest,Cutlass,720.0,188,Belt (leather) + Belt pouch (large) | Map case + blank regional map | Lamp oil (flacon) x3 | Grappling hook | 10' pole | Crowbar (standard) | Bâton de marche / Walking Staff | Cutlass,Backpack (medium leather) | Tent 2-man leather | Sleeping furs (light) | Blanket (heavy) | Field rations (basic) x7 | Waterskin (1 gal) x2 | Canteen (1 pt) | Lantern (hooded) | Rope (standard 50') | Hammer + 10 pitons | Flint & steel | Tinderbox | Cloak (wool hooded) | Boots (normal leather) | Gloves (leather) | Hat (leather),-0.98,NO,None,,-2,-1,2,-1,9,162.0,63.9,-1,1,-1,1,2,0,-1,-5,2,-1,Aucun,2026-05-28 13:35:34
CH-00151,Dwarf,Gold Dwarf,Great Rift,Isolated Hamlet,Groupe6_Bloc_Nain,Technical Rock Climbing | Underground Navigation | Mountain Endurance | Advanced Tracking | Wild Plant Foraging,Urban Observation and Tailing | Streetwise (Urban Underworld),Major Cities & Regions | Weave Theory | Trade Routes & Commerce | Laws & Customs of Nations,Forgery of Official Documents | Masonry,Chondathan | Nain,Chondathan | Géant | Nain,589,293.4,universal_standard,0,None,Buckler,220.0,369,Belt (leather) + Belt pouch (large) | Map case + blank regional map | Lamp oil (flacon) x3 | Grappling hook | 10' pole | Crowbar (standard) | Bâton de marche / Walking Staff | Buckler,Backpack (medium leather) | Tent 2-man leather | Sleeping furs (light) | Blanket (heavy) | Field rations (basic) x7 | Waterskin (1 gal) x2 | Canteen (1 pt) | Lantern (hooded) | Rope (standard 50') | Hammer + 10 pitons | Flint & steel | Tinderbox | Cloak (wool hooded) | Boots (normal leather) | Gloves (leather) | Hat (leather),0.04,NO,None,,4,-2,-4,-9,13,125.7,83.2,-6,-6,0,-4,-2,2,3,1,-9,-2,Vision dans le noir + Robustesse naine,2026-05-28 13:35:34
CH-00152,Half-elf,Moon Half-elf,Waterdeep,Major Port City,Groupe1_Cote_des_Epees,Storm and Seasickness Mastery | Coastal Survival,Poison Lore & Subtle Application | Information Brokerage | Streetwise (Urban Underworld) | Information Brokerage | Disguise & Impersonation,Fall of Myth Drannor | Astronomy & Star Navigation | History of Magic,Glassworking | Lens Making & Optics,Chondathan,Chondathan | Elfique | Elven High Speech,3944,293.4,universal_standard,1,Modest,Gorget (élevé) | Simple Breastplate,750.0,3194,Belt (leather) + Belt pouch (large) | Map case + blank regional map | Lamp oil (flacon) x3 | Grappling hook | 10' pole | Crowbar (standard) | Bâton de marche / Walking Staff | Gorget (élevé) | Simple Breastplate,Backpack (medium leather) | Tent 2-man leather | Sleeping furs (light) | Blanket (heavy) | Field rations (basic) x7 | Waterskin (1 gal) x2 | Canteen (1 pt) | Lantern (hooded) | Rope (standard 50') | Hammer + 10 pitons | Flint & steel | Tinderbox | Cloak (wool hooded) | Boots (normal leather) | Gloves (leather) | Hat (leather),0.38,NO,None,,-2,-1,1,0,3,169.5,63.9,0,2,0,0,1,6,11,13,2,0,Méditation + Immunité sommeil + VN (N1),2026-05-28 13:35:34
CH-00153,Dwarf,Wild Dwarf,Chult,Forest Village,Groupe3_Coeur_Continental,Wild Plant Foraging | Savanna Plant Knowledge | Forest Stealth | Complex Terrain Navigation | Marsh Movement | Marsh Disease Resistance,,Dragon Lore | Major Cities & Regions | Trade Routes & Commerce | Major Religions & Deities,Musical Instrument Making | Taxidermy | Exotic Herbalism,Shaaran | Nain,Chultan | Nain | Shaaran | Tashalan,667,293.4,universal_standard,0,None,Parma,280.0,387,Belt (leather) + Belt pouch (large) | Map case + blank regional map | Lamp oil (flacon) x3 | Grappling hook | 10' pole | Crowbar (standard) | Bâton de marche / Walking Staff | Parma,Backpack (medium leather) | Tent 2-man leather | Sleeping furs (light) | Blanket (heavy) | Field rations (basic) x7 | Waterskin (1 gal) x2 | Canteen (1 pt) | Lantern (hooded) | Rope (standard 50') | Hammer + 10 pitons | Flint & steel | Tinderbox | Cloak (wool hooded) | Boots (normal leather) | Gloves (leather) | Hat (leather),-12.58,YES,Théurgique,Magie Verte,-7,-6,-3,-10,7,117.5,46.6,-8,-4,1,-4,-1,-3,-7,-6,-2,-1,Vision dans le noir + Robustesse naine,2026-05-28 13:35:34
CH-00154,Human,Calishite,Calimshan,Metropolis,Groupe2_Sud_Marchand,,Sleight of Hand & Cheating | Sleight of Hand & Cheating | Urban Stealth & Shadowing | Fences and Buyers Network | Urban Stealth & Shadowing,Geography of Faerûn | Religious Cults & Orders | History of the Realms | Political Currents & Rivalries,Ritual Object Crafting | Shipbuilding | Bone & Ivory Carving,Chondathan | Calishite,Calishite | Chondathan | Tashalan,4304,293.4,universal_standard,1,Modest,"Courser | Lancet, bleeding",622.0,3682,"Belt (leather) + Belt pouch (large) | Map case + blank regional map | Lamp oil (flacon) x3 | Grappling hook | 10' pole | Crowbar (standard) | Bâton de marche / Walking Staff | Lancet, bleeding",Backpack (medium leather) | Tent 2-man leather | Sleeping furs (light) | Blanket (heavy) | Field rations (basic) x7 | Waterskin (1 gal) x2 | Canteen (1 pt) | Lantern (hooded) | Rope (standard 50') | Hammer + 10 pitons | Flint & steel | Tinderbox | Cloak (wool hooded) | Boots (normal leather) | Gloves (leather) | Hat (leather) | Courser,-13.77,YES,Théurgique,Magie Blanche,-10,-6,-3,-5,6,155.2,51.8,-2,-5,-6,2,-2,5,-5,-5,0,-6,Aucun,2026-05-28 13:35:34
CH-00155,Human,Illuskan,Icewind Dale,Remote Trading Post,Groupe5_Nord_Sauvage,Storm and Seasickness Mastery | Desert Thermal Endurance | Trapping and Snaring | Oceanic Navigation | River Crossing | Deep-Sea Fishing,Urban Stealth & Shadowing,"Elven Culture | Dragon Lore | Dwarven Culture | Cosmology (Weave, Shadow Weave)",Smithing & Metallurgy | Stone & Wood Carving,Chondathan | Illuskan,Chondathan | Illuskan,438,293.4,universal_standard,0,None,"Lancet, bleeding",2.0,436,"Belt (leather) + Belt pouch (large) | Map case + blank regional map | Lamp oil (flacon) x3 | Grappling hook | 10' pole | Crowbar (standard) | Bâton de marche / Walking Staff | Lancet, bleeding",Backpack (medium leather) | Tent 2-man leather | Sleeping furs (light) | Blanket (heavy) | Field rations (basic) x7 | Waterskin (1 gal) x2 | Canteen (1 pt) | Lantern (hooded) | Rope (standard 50') | Hammer + 10 pitons | Flint & steel | Tinderbox | Cloak (wool hooded) | Boots (normal leather) | Gloves (leather) | Hat (leather),-2.22,YES,Théurgique,Magie Verte,-2,-2,2,-2,-1,162.0,67.4,-1,-5,4,-2,2,5,6,11,-5,3,Aucun,2026-05-28 13:35:34
CH-00156,Human,Calishite,Calimshan,Major Port City,Groupe2_Sud_Marchand,Open Land Navigation,City Secrets & Hidden Routes | Sleight of Hand & Cheating | Disguise & Impersonation | Urban Stealth & Shadowing | Smuggling Networks | Disguise & Impersonation,Nobility & Heraldry | Gnomish Culture | Court Etiquette & Protocol | Major Cities & Regions,High Court Intrigue & Politics | Masonry | Jewelry & Goldsmithing,Mulhorandi,Mulhorandi | Tashalan | Thorass,3882,293.4,universal_standard,3,Wealthy,"Camel, riding | Palfrey | Close Helmet (Maximilian) | Heater shield",3090.0,792,Belt (leather) + Belt pouch (large) | Map case + blank regional map | Lamp oil (flacon) x3 | Grappling hook | 10' pole | Crowbar (standard) | Bâton de marche / Walking Staff | Close Helmet (Maximilian) | Heater shield,"Backpack (medium leather) | Tent 2-man leather | Sleeping furs (light) | Blanket (heavy) | Field rations (basic) x7 | Waterskin (1 gal) x2 | Canteen (1 pt) | Lantern (hooded) | Rope (standard 50') | Hammer + 10 pitons | Flint & steel | Tinderbox | Cloak (wool hooded) | Boots (normal leather) | Gloves (leather) | Hat (leather) | Camel, riding | Palfrey",21.76,NO,None,,4,2,5,2,4,188.4,87.7,2,1,1,1,5,-2,2,-1,-1,1,Aucun,2026-05-28 13:35:34
CH-00157,Human,Rashemi,Rashemen,Nomad Camp,Groupe10_Rashemen,Marsh Movement | Advanced Tracking | Forest Stealth | Hermetic Medicine | Complex Terrain Navigation,,Nobility & Heraldry | Local Folklore & Legends | Laws & Customs of Nations | Divine Myths & Legends,Bookbinding,Rashemi | Thorass,Rashemi,1019,293.4,universal_standard,1,Modest,Palfrey | Leather barding,920.0,99,Belt (leather) + Belt pouch (large) | Map case + blank regional map | Lamp oil (flacon) x3 | Grappling hook | 10' pole | Crowbar (standard) | Bâton de marche / Walking Staff | Leather barding,Backpack (medium leather) | Tent 2-man leather | Sleeping furs (light) | Blanket (heavy) | Field rations (basic) x7 | Waterskin (1 gal) x2 | Canteen (1 pt) | Lantern (hooded) | Rope (standard 50') | Hammer + 10 pitons | Flint & steel | Tinderbox | Cloak (wool hooded) | Boots (normal leather) | Gloves (leather) | Hat (leather) | Palfrey,-1.0,NO,None,,-1,0,-1,1,8,171.0,67.4,0,0,4,0,-1,2,1,9,0,4,Aucun,2026-05-28 13:35:34
CH-00158,Human,Chondathan,Chondath,Logging Camp,Groupe4_Vilhon_Est,Advanced Tracking | Plains Tracking | Open Land Navigation | Littoral Foraging | Dark Water Swimming,,Fall of Myth Drannor | Divine Myths & Legends | Major Cities & Regions | Political Currents & Rivalries,Cabinetmaking & Marquetry | Ceramics & Pottery | Herbalism & Potion Brewing,Chondathan,Chondathan | Illuskan | Turmish,1431,293.4,universal_standard,1,Modest,Ranseur | Gorget (élevé),750.0,681,Belt (leather) + Belt pouch (large) | Map case + blank regional map | Lamp oil (flacon) x3 | Grappling hook | 10' pole | Crowbar (standard) | Bâton de marche / Walking Staff | Ranseur | Gorget (élevé),Backpack (medium leather) | Tent 2-man leather | Sleeping furs (light) | Blanket (heavy) | Field rations (basic) x7 | Waterskin (1 gal) x2 | Canteen (1 pt) | Lantern (hooded) | Rope (standard 50') | Hammer + 10 pitons | Flint & steel | Tinderbox | Cloak (wool hooded) | Boots (normal leather) | Gloves (leather) | Hat (leather),-1.45,NO,None,,2,0,-5,-1,11,183.4,87.7,2,0,-7,1,-3,2,3,-3,-2,-7,Aucun,2026-05-28 13:35:34
CH-00159,Human,Tethyrian,The Dalelands,Farming Hamlet,Groupe3_Coeur_Continental,Plains Tracking | Complex Terrain Navigation | Wild Plant Foraging | Forest Stealth | Advanced Tracking,,"Nobility & Heraldry | Ancient Realms (Netheril, Imaskar...) | Geography of Faerûn | Aberration Lore",Accounting & Estate Management | Musical Instrument Making | Masonry,Illuskan | Thorass,Chondathan | Illuskan,858,293.4,universal_standard,1,Modest,Reinforced Gambeson,650.0,208,Belt (leather) + Belt pouch (large) | Map case + blank regional map | Lamp oil (flacon) x3 | Grappling hook | 10' pole | Crowbar (standard) | Bâton de marche / Walking Staff | Reinforced Gambeson,Backpack (medium leather) | Tent 2-man leather | Sleeping furs (light) | Blanket (heavy) | Field rations (basic) x7 | Waterskin (1 gal) x2 | Canteen (1 pt) | Lantern (hooded) | Rope (standard 50') | Hammer + 10 pitons | Flint & steel | Tinderbox | Cloak (wool hooded) | Boots (normal leather) | Gloves (leather) | Hat (leather),-3.64,YES,Arcanique,Magicien,0,0,-4,-1,0,160.4,74.8,-1,-4,2,3,-5,9,0,-3,-2,3,Aucun,2026-05-28 13:35:34
CH-00160,Dwarf,Gold Dwarf,Great Rift,Mountain Village,Groupe6_Bloc_Nain,Mountain Endurance | Advanced Tracking | Underground Navigation | Technical Rock Climbing | Wild Plant Foraging,Criminal Organizations & Syndicates,Divine Myths & Legends | History of Imaskar | Court Etiquette & Protocol,Jewelry & Goldsmithing,Nain,Géant | Nain,880,293.4,universal_standard,0,None,"Lancet, bleeding",2.0,878,"Belt (leather) + Belt pouch (large) | Map case + blank regional map | Lamp oil (flacon) x3 | Grappling hook | 10' pole | Crowbar (standard) | Bâton de marche / Walking Staff | Lancet, bleeding",Backpack (medium leather) | Tent 2-man leather | Sleeping furs (light) | Blanket (heavy) | Field rations (basic) x7 | Waterskin (1 gal) x2 | Canteen (1 pt) | Lantern (hooded) | Rope (standard 50') | Hammer + 10 pitons | Flint & steel | Tinderbox | Cloak (wool hooded) | Boots (normal leather) | Gloves (leather) | Hat (leather),-2.27,YES,Arcanique,Magicien,2,-1,-2,-8,0,128.0,74.8,-6,-2,-6,4,-2,-6,5,0,0,-5,Vision dans le noir + Robustesse naine,2026-05-28 13:35:34
CH-00161,Human,Calishite,Amn,Major Trade City,Groupe2_Sud_Marchand,,City Secrets & Hidden Routes | Criminal Organizations & Syndicates | Urban Stealth & Shadowing | Disguise & Impersonation | Streetwise (Urban Underworld) | City Secrets & Hidden Routes,Political Currents & Rivalries | Elven Culture | Cultural Interactions | Local Folklore & Legends,Carpentry & Woodworking,Chessentan | Mulhorandi,Chessentan | Mulhorandi | Tashalan,2631,293.4,universal_standard,1,Modest,Longbow | Grappling hook | Quiver,352.0,2279,Belt (leather) + Belt pouch (large) | Map case + blank regional map | Lamp oil (flacon) x3 | Grappling hook | 10' pole | Crowbar (standard) | Bâton de marche / Walking Staff | Longbow | Grappling hook | Quiver,Backpack (medium leather) | Tent 2-man leather | Sleeping furs (light) | Blanket (heavy) | Field rations (basic) x7 | Waterskin (1 gal) x2 | Canteen (1 pt) | Lantern (hooded) | Rope (standard 50') | Hammer + 10 pitons | Flint & steel | Tinderbox | Cloak (wool hooded) | Boots (normal leather) | Gloves (leather) | Hat (leather),-8.63,YES,Arcanique,Magicien,-7,-5,1,-4,1,147.1,49.1,-3,-4,5,-4,2,0,5,0,-3,3,Aucun,2026-05-28 13:35:34
CH-00162,Human,Tethyrian,Baldur's Gate,Major Port City,Groupe1_Cote_des_Epees,Dark Water Swimming | Storm and Seasickness Mastery | Coastal Survival,Disguise & Impersonation | Lockpicking and Trap Disarming | Streetwise (Urban Underworld) | Urban Stealth & Shadowing | Guild Knowledge & Politics | Black Market Operations,Major Cities & Regions | Divine Myths & Legends | History of the Realms | History of Netheril,Alchemy (Theory & Practice),Druidic | Thorass,Chondathan | Druidic,3269,293.4,universal_standard,1,Modest,Sidesword | Kettle hat,930.0,2339,Belt (leather) + Belt pouch (large) | Map case + blank regional map | Lamp oil (flacon) x3 | Grappling hook | 10' pole | Crowbar (standard) | Bâton de marche / Walking Staff | Sidesword,Backpack (medium leather) | Tent 2-man leather | Sleeping furs (light) | Blanket (heavy) | Field rations (basic) x7 | Waterskin (1 gal) x2 | Canteen (1 pt) | Lantern (hooded) | Rope (standard 50') | Hammer + 10 pitons | Flint & steel | Tinderbox | Cloak (wool hooded) | Boots (normal leather) | Gloves (leather) | Hat (leather) | Kettle hat,-11.82,YES,Arcanique,Magicien,-4,-4,-7,-4,5,159.2,63.9,-1,-3,-3,-5,-4,3,3,9,-5,-5,Aucun,2026-05-28 13:35:34
CH-00163,Human,Illuskan,Luskan,Major Port City,Groupe1_Cote_des_Epees,Deep-Sea Fishing,Disguise & Impersonation | Black Market Operations | Urban Observation and Tailing,Fey & Feywild Knowledge | Major Cities & Regions | Guilds & Organizations | Astronomy & Star Navigation,Navigation (Land & Sea) | Masonry | Viticulture & Winemaking,Illuskan,Illuskan,1324,293.4,universal_standard,1,Modest,Mace | Broadsword,930.0,394,Belt (leather) + Belt pouch (large) | Map case + blank regional map | Lamp oil (flacon) x3 | Grappling hook | 10' pole | Crowbar (standard) | Bâton de marche / Walking Staff | Mace | Broadsword,Backpack (medium leather) | Tent 2-man leather | Sleeping furs (light) | Blanket (heavy) | Field rations (basic) x7 | Waterskin (1 gal) x2 | Canteen (1 pt) | Lantern (hooded) | Rope (standard 50') | Hammer + 10 pitons | Flint & steel | Tinderbox | Cloak (wool hooded) | Boots (normal leather) | Gloves (leather) | Hat (leather),2.64,NO,None,,1,-1,2,0,9,160.5,71.0,-1,-4,9,-5,2,0,3,-8,-7,7,Aucun,2026-05-28 13:35:34
CH-00164,Human,Damaran,Silver Marches (Luruar),Isolated Hamlet,Groupe7_Marches_Argent,Advanced Tracking | Complex Terrain Navigation | River Crossing | Mountain Endurance | Technical Rock Climbing,Sleight of Hand & Cheating,Religious Cults & Orders | Cultural Interactions | Weave Theory,Weaving & Spinning,Vaasan,Chondathan | Illuskan | Nar | Vaasan,704,293.4,universal_standard,1,Modest,Pike,600.0,104,Belt (leather) + Belt pouch (large) | Map case + blank regional map | Lamp oil (flacon) x3 | Grappling hook | 10' pole | Crowbar (standard) | Bâton de marche / Walking Staff | Pike,Backpack (medium leather) | Tent 2-man leather | Sleeping furs (light) | Blanket (heavy) | Field rations (basic) x7 | Waterskin (1 gal) x2 | Canteen (1 pt) | Lantern (hooded) | Rope (standard 50') | Hammer + 10 pitons | Flint & steel | Tinderbox | Cloak (wool hooded) | Boots (normal leather) | Gloves (leather) | Hat (leather),-4.26,YES,Théurgique,Magie Blanche,2,-2,-4,-4,4,173.7,87.7,0,-3,-5,-5,-1,7,4,-10,-8,-7,Aucun,2026-05-28 13:35:34
CH-00165,Other,Aasimar,Waterdeep,Metropolis,Groupe1_Cote_des_Epees,Coastal Survival,Temple Politics & Religious Intrigue | Streetwise (Urban Underworld) | Urban Observation and Tailing,Geography of Faerûn | Orc & Goblinoid Culture | Divine Myths & Legends | History of Imaskar,Heraldry & Lineage | Taxidermy,Elven High Speech | Céleste,Chondathan | Céleste | Elven High Speech,5156,293.4,universal_standard,3,Wealthy,Courser | Cranequin Crossbow | Kettle hat | Main-gauche | Sallet ou Armet (classique) | Buckler | Quiver,4130.0,1026,Belt (leather) + Belt pouch (large) | Map case + blank regional map | Lamp oil (flacon) x3 | Grappling hook | 10' pole | Crowbar (standard) | Bâton de marche / Walking Staff | Cranequin Crossbow | Main-gauche | Sallet ou Armet (classique) | Buckler | Quiver,Backpack (medium leather) | Tent 2-man leather | Sleeping furs (light) | Blanket (heavy) | Field rations (basic) x7 | Waterskin (1 gal) x2 | Canteen (1 pt) | Lantern (hooded) | Rope (standard 50') | Hammer + 10 pitons | Flint & steel | Tinderbox | Cloak (wool hooded) | Boots (normal leather) | Gloves (leather) | Hat (leather) | Courser | Kettle hat,38.24,NO,None,,2,5,6,6,-10,166.5,63.9,0,6,9,9,2,-4,5,-2,11,12,Lumière céleste,2026-05-28 13:35:34
CH-00166,Human,Damaran,Damara,Fortified City,Groupe5_Nord_Sauvage,Extreme Cold Resistance | Mountain Endurance,Urban Stealth & Shadowing | Urban Observation and Tailing | Disguise & Impersonation | Disguise & Impersonation,History of Netheril | Court Etiquette & Protocol | Laws & Customs of Nations,Leatherworking & Tanning | Locksmithing & Mechanisms,Reghed,Chondathan | Reghed | Vaasan,1377,293.4,universal_standard,1,Modest,Backpack (small leather) | Arming Sword,452.0,925,Belt (leather) + Belt pouch (large) | Map case + blank regional map | Lamp oil (flacon) x3 | Grappling hook | 10' pole | Crowbar (standard) | Bâton de marche / Walking Staff | Arming Sword,Backpack (medium leather) | Tent 2-man leather | Sleeping furs (light) | Blanket (heavy) | Field rations (basic) x7 | Waterskin (1 gal) x2 | Canteen (1 pt) | Lantern (hooded) | Rope (standard 50') | Hammer + 10 pitons | Flint & steel | Tinderbox | Cloak (wool hooded) | Boots (normal leather) | Gloves (leather) | Hat (leather) | Backpack (small leather),-10.32,YES,Théurgique,Magie Blanche,-3,-2,-7,-4,3,163.4,71.0,-1,-1,-9,6,-7,-1,0,3,2,-7,Aucun,2026-05-28 13:35:34
CH-00167,Dwarf,Gold Dwarf,Great Rift,Dwarven Fortress,Groupe6_Bloc_Nain,,Urban Observation and Tailing | Fences and Buyers Network | Information Brokerage | Disguise & Impersonation,"Local Folklore & Legends | Guilds & Organizations | Major Religions & Deities | Festivals, Calendars & Traditions",Masonry | Shipbuilding | Navigation (Land & Sea),Nain,Nain,851,293.4,universal_standard,1,Modest,Bec de Corbin,650.0,201,Belt (leather) + Belt pouch (large) | Map case + blank regional map | Lamp oil (flacon) x3 | Grappling hook | 10' pole | Crowbar (standard) | Bâton de marche / Walking Staff | Bec de Corbin,Backpack (medium leather) | Tent 2-man leather | Sleeping furs (light) | Blanket (heavy) | Field rations (basic) x7 | Waterskin (1 gal) x2 | Canteen (1 pt) | Lantern (hooded) | Rope (standard 50') | Hammer + 10 pitons | Flint & steel | Tinderbox | Cloak (wool hooded) | Boots (normal leather) | Gloves (leather) | Hat (leather),24.24,NO,None,,9,3,-1,-5,0,129.1,87.7,-6,4,0,3,-2,3,2,-4,3,1,Vision dans le noir + Robustesse naine,2026-05-28 13:35:34
CH-00168,Human,Calishite,Calimshan,Smuggler's Port,Groupe2_Sud_Marchand,Desert Water Mastery | Desert Thermal Endurance | Wild Plant Foraging | Plains Tracking,Streetwise (Urban Underworld),Divine Myths & Legends | Orc & Goblinoid Culture | Nobility & Heraldry | Astronomy & Star Navigation,Weapons & Armor Smithing | Calligraphy & Illumination | Perfumery & Cosmetics,Mulhorandi | Thorass,Mulhorandi | Tashalan,2406,293.4,universal_standard,2,Comfortable,Tent 4-man leather | Destrier | Tassets | Club (rudimentaire) | Buckler,2070.0,336,Belt (leather) + Belt pouch (large) | Map case + blank regional map | Lamp oil (flacon) x3 | Grappling hook | 10' pole | Crowbar (standard) | Bâton de marche / Walking Staff | Destrier | Tassets | Club (rudimentaire) | Buckler,Backpack (medium leather) | Tent 2-man leather | Sleeping furs (light) | Blanket (heavy) | Field rations (basic) x7 | Waterskin (1 gal) x2 | Canteen (1 pt) | Lantern (hooded) | Rope (standard 50') | Hammer + 10 pitons | Flint & steel | Tinderbox | Cloak (wool hooded) | Boots (normal leather) | Gloves (leather) | Hat (leather) | Tent 4-man leather,-4.4,YES,Arcanique,Magicien,-2,-2,1,-3,3,154.9,63.9,-2,-1,0,1,1,-3,-3,-6,0,0,Aucun,2026-05-28 13:35:34
CH-00169,Half-elf,Wood Half-elf,Cormanthor,Remote Monastery,Groupe3_Coeur_Continental,Forest Stealth | Complex Terrain Navigation | Wild Plant Foraging | Shelter Construction | Advanced Tracking,,Dwarven Culture | Political Currents & Rivalries | Major Religions & Deities,Masonry | Brewing & Distilling,Chondathan,Chondathan | Elfique | Thorass,763,293.4,universal_standard,1,Modest,Plackart,600.0,163,Belt (leather) + Belt pouch (large) | Map case + blank regional map | Lamp oil (flacon) x3 | Grappling hook | 10' pole | Crowbar (standard) | Bâton de marche / Walking Staff | Plackart,Backpack (medium leather) | Tent 2-man leather | Sleeping furs (light) | Blanket (heavy) | Field rations (basic) x7 | Waterskin (1 gal) x2 | Canteen (1 pt) | Lantern (hooded) | Rope (standard 50') | Hammer + 10 pitons | Flint & steel | Tinderbox | Cloak (wool hooded) | Boots (normal leather) | Gloves (leather) | Hat (leather),3.04,NO,None,,-1,-1,3,-2,5,165.0,67.4,-1,2,-2,0,4,6,6,1,2,-2,Méditation + Immunité sommeil + VN (N1),2026-05-28 13:35:34
CH-00170,Human,Sossrim,Sossal,Mountain Village,Groupe3_Coeur_Continental,Snow and Ice Shelter Building | Arctic Hunting | Littoral Foraging | Signaling and Rescue | Extreme Cold Resistance,Urban Observation and Tailing,"Secret Organizations | Festivals, Calendars & Traditions | Fall of Myth Drannor | Dwarven Culture",Architecture | Leatherworking & Tanning | Carpentry & Woodworking,Reghed | Illuskan,Illuskan | Reghed | Sossrim,321,293.4,universal_standard,0,None,"Lancet, bleeding",2.0,319,"Belt (leather) + Belt pouch (large) | Map case + blank regional map | Lamp oil (flacon) x3 | Grappling hook | 10' pole | Crowbar (standard) | Bâton de marche / Walking Staff | Lancet, bleeding",Backpack (medium leather) | Tent 2-man leather | Sleeping furs (light) | Blanket (heavy) | Field rations (basic) x7 | Waterskin (1 gal) x2 | Canteen (1 pt) | Lantern (hooded) | Rope (standard 50') | Hammer + 10 pitons | Flint & steel | Tinderbox | Cloak (wool hooded) | Boots (normal leather) | Gloves (leather) | Hat (leather),-3.62,YES,Théurgique,Magie Blanche,-1,-1,-2,0,4,177.2,71.0,1,2,-1,-4,0,-2,-6,-4,-1,-3,Aucun,2026-05-28 13:35:34
CH-00171,Human,Tethyrian,The Dalelands,Rural Village,Groupe3_Coeur_Continental,Complex Terrain Navigation | Forest Stealth | Wild Plant Foraging,,"Elven Culture | History of Netheril | Ancient Realms (Netheril, Imaskar...) | Magical Schools & Traditions",Alchemy (Theory & Practice) | Leatherworking & Tanning | Glassworking,Chondathan | Thorass,Chondathan | Sembian,1163,293.4,universal_standard,0,None,"Lancet, bleeding",2.0,1161,"Belt (leather) + Belt pouch (large) | Map case + blank regional map | Lamp oil (flacon) x3 | Grappling hook | 10' pole | Crowbar (standard) | Bâton de marche / Walking Staff | Lancet, bleeding",Backpack (medium leather) | Tent 2-man leather | Sleeping furs (light) | Blanket (heavy) | Field rations (basic) x7 | Waterskin (1 gal) x2 | Canteen (1 pt) | Lantern (hooded) | Rope (standard 50') | Hammer + 10 pitons | Flint & steel | Tinderbox | Cloak (wool hooded) | Boots (normal leather) | Gloves (leather) | Hat (leather),-4.24,YES,Théurgique,Magie Blanche,-1,-2,-2,0,2,175.5,74.8,1,-8,7,-3,-2,3,2,-1,-9,6,Aucun,2026-05-28 13:35:34
CH-00172,Human,Damaran,Impiltur,Small Town,Groupe3_Coeur_Continental,Complex Terrain Navigation | Deep-Sea Fishing | Storm and Seasickness Mastery | Littoral Foraging,Streetwise (Urban Underworld) | Poison Lore & Subtle Application,Fey & Feywild Knowledge | Nobility & Heraldry | Secret Organizations | Laws & Customs of Nations,Weaving & Spinning | Weapons & Armor Smithing,Vaasan | Chondathan,Chondathan | Theskian | Vaasan,1378,293.4,universal_standard,0,None,"Lancet, bleeding",2.0,1376,"Belt (leather) + Belt pouch (large) | Map case + blank regional map | Lamp oil (flacon) x3 | Grappling hook | 10' pole | Crowbar (standard) | Bâton de marche / Walking Staff | Lancet, bleeding",Backpack (medium leather) | Tent 2-man leather | Sleeping furs (light) | Blanket (heavy) | Field rations (basic) x7 | Waterskin (1 gal) x2 | Canteen (1 pt) | Lantern (hooded) | Rope (standard 50') | Hammer + 10 pitons | Flint & steel | Tinderbox | Cloak (wool hooded) | Boots (normal leather) | Gloves (leather) | Hat (leather),-3.16,YES,Théurgique,Magie Blanche,-3,-1,-1,1,-4,160.9,54.6,-1,1,9,-5,-1,7,4,-4,0,7,Aucun,2026-05-28 13:35:34
CH-00173,Human,Sossrim,Vaasa,Fortified City,Groupe5_Nord_Sauvage,Marsh Disease Resistance | Arctic Hunting | Snow and Ice Shelter Building,Heraldry & Lineage Recognition | Disguise & Impersonation | Lockpicking and Trap Disarming | Urban Observation and Tailing,Astronomy & Star Navigation | Halfling Culture,Preservation & Salting | Clockmaking & Complex Mechanisms,None,Chondathan | Illuskan | Reghed,879,293.4,universal_standard,1,Modest,Reinforced Gambeson,650.0,229,Belt (leather) + Belt pouch (large) | Map case + blank regional map | Lamp oil (flacon) x3 | Grappling hook | 10' pole | Crowbar (standard) | Bâton de marche / Walking Staff | Reinforced Gambeson,Backpack (medium leather) | Tent 2-man leather | Sleeping furs (light) | Blanket (heavy) | Field rations (basic) x7 | Waterskin (1 gal) x2 | Canteen (1 pt) | Lantern (hooded) | Rope (standard 50') | Hammer + 10 pitons | Flint & steel | Tinderbox | Cloak (wool hooded) | Boots (normal leather) | Gloves (leather) | Hat (leather),-2.45,YES,Arcanique,Magicien,2,-1,-5,-1,5,196.8,97.4,3,-4,-6,-3,-2,3,3,-6,-8,-7,Aucun,2026-05-28 13:35:34
CH-00174,Human,Chondathan,The Dalelands,Logging Camp,Groupe3_Coeur_Continental,Forest Stealth | Wild Plant Foraging | Confined Space Stealth | Plains Tracking | Open Land Navigation | Complex Terrain Navigation,Streetwise (Urban Underworld) | Black Market Operations,Trade Routes & Commerce | Divine Myths & Legends | Major Cities & Regions | Major Religions & Deities,Masonry,Druidic | Chondathan,Chondathan | Druidic | Thorass | Turmish,941,293.4,universal_standard,0,None,"Kettle hat | Lancet, bleeding",282.0,659,"Belt (leather) + Belt pouch (large) | Map case + blank regional map | Lamp oil (flacon) x3 | Grappling hook | 10' pole | Crowbar (standard) | Bâton de marche / Walking Staff | Lancet, bleeding",Backpack (medium leather) | Tent 2-man leather | Sleeping furs (light) | Blanket (heavy) | Field rations (basic) x7 | Waterskin (1 gal) x2 | Canteen (1 pt) | Lantern (hooded) | Rope (standard 50') | Hammer + 10 pitons | Flint & steel | Tinderbox | Cloak (wool hooded) | Boots (normal leather) | Gloves (leather) | Hat (leather) | Kettle hat,30.66,NO,None,,5,4,3,5,0,186.8,83.2,2,2,8,2,1,1,-3,-3,1,8,Aucun,2026-05-28 13:35:34
CH-00175,Human,Chondathan,Vilhon Reach,Large Town,Groupe4_Vilhon_Est,Open Land Navigation,Information Brokerage | Lockpicking and Trap Disarming,Trade Routes & Commerce | Secret Organizations | Religious Cults & Orders | Gnomish Culture,Animal Husbandry & Training | Smithing & Metallurgy | Dyeing & Textile Coloring,Chondathan,Chondathan,1838,293.4,universal_standard,2,Comfortable,Courser | Bevor | War Hammer | Tassets | Lantern (hooded) | Buckler,1775.0,63,Belt (leather) + Belt pouch (large) | Map case + blank regional map | Lamp oil (flacon) x3 | Grappling hook | 10' pole | Crowbar (standard) | Bâton de marche / Walking Staff | Bevor | Tassets | Buckler,Backpack (medium leather) | Tent 2-man leather | Sleeping furs (light) | Blanket (heavy) | Field rations (basic) x7 | Waterskin (1 gal) x2 | Canteen (1 pt) | Lantern (hooded) | Rope (standard 50') | Hammer + 10 pitons | Flint & steel | Tinderbox | Cloak (wool hooded) | Boots (normal leather) | Gloves (leather) | Hat (leather) | Courser | War Hammer | Lantern (hooded),-1.0,NO,None,,0,0,-1,0,12,172.3,74.8,0,-3,3,2,-2,-2,-3,-1,-2,3,Aucun,2026-05-28 13:35:34
CH-00176,Human,Vaasan,Vaasa,Fortified City,Groupe5_Nord_Sauvage,Extreme Cold Resistance | Mountain Endurance | Forced March Endurance,Urban Observation and Tailing | Criminal Organizations & Syndicates | Urban Stealth & Shadowing | Urban Stealth & Shadowing,Cultural Interactions | Ruins & Major Archaeological Sites | Divine Myths & Legends | Aberration Lore,Stoneworking,Vaasan | Thorass,Northlander | Vaasan,797,293.4,universal_standard,0,None,"Lancet, bleeding",2.0,795,"Belt (leather) + Belt pouch (large) | Map case + blank regional map | Lamp oil (flacon) x3 | Grappling hook | 10' pole | Crowbar (standard) | Bâton de marche / Walking Staff | Lancet, bleeding",Backpack (medium leather) | Tent 2-man leather | Sleeping furs (light) | Blanket (heavy) | Field rations (basic) x7 | Waterskin (1 gal) x2 | Canteen (1 pt) | Lantern (hooded) | Rope (standard 50') | Hammer + 10 pitons | Flint & steel | Tinderbox | Cloak (wool hooded) | Boots (normal leather) | Gloves (leather) | Hat (leather),11.67,NO,None,,-2,0,6,1,4,182.0,71.0,1,-3,2,4,5,3,5,-5,-1,3,Aucun,2026-05-28 13:35:34
CH-00177,Dwarf,Shield Dwarf,Mithral Hall,Dwarven Fortress,Groupe6_Bloc_Nain,Advanced Tracking,Forgery of Documents & Seals | Urban Stealth & Shadowing | Forgery of Documents & Seals | Urban Observation and Tailing,Ruins & Major Archaeological Sites | Elven Culture | Geography of Faerûn | Fey & Feywild Knowledge,Architecture | Herbalism & Potion Brewing,Chondathan | Nain,Chondathan | Nain,1124,293.4,universal_standard,2,Comfortable,Burgonet (Maximilian) | Rouncey,1000.0,124,Belt (leather) + Belt pouch (large) | Map case + blank regional map | Lamp oil (flacon) x3 | Grappling hook | 10' pole | Crowbar (standard) | Bâton de marche / Walking Staff | Burgonet (Maximilian),Backpack (medium leather) | Tent 2-man leather | Sleeping furs (light) | Blanket (heavy) | Field rations (basic) x7 | Waterskin (1 gal) x2 | Canteen (1 pt) | Lantern (hooded) | Rope (standard 50') | Hammer + 10 pitons | Flint & steel | Tinderbox | Cloak (wool hooded) | Boots (normal leather) | Gloves (leather) | Hat (leather) | Rouncey,7.68,NO,None,,2,0,3,-2,6,136.6,63.9,-4,3,6,-3,3,5,-4,1,1,5,Vision dans le noir + Robustesse naine,2026-05-28 13:35:34
CH-00178,Human,Tethyrian,Baldur's Gate,Small Town,Groupe1_Cote_des_Epees,Coastal Survival,City Secrets & Hidden Routes | Poison Lore & Subtle Application,Dwarven Culture | Local Folklore & Legends | Secret Organizations,Beekeeping,Thorass,Chondathan | Tethyrian | Thorass,2895,293.4,universal_standard,2,Comfortable,Cloak (fur-lined) | Halberd | Destrier,1975.0,920,Belt (leather) + Belt pouch (large) | Map case + blank regional map | Lamp oil (flacon) x3 | Grappling hook | 10' pole | Crowbar (standard) | Bâton de marche / Walking Staff | Halberd | Destrier,Backpack (medium leather) | Tent 2-man leather | Sleeping furs (light) | Blanket (heavy) | Field rations (basic) x7 | Waterskin (1 gal) x2 | Canteen (1 pt) | Lantern (hooded) | Rope (standard 50') | Hammer + 10 pitons | Flint & steel | Tinderbox | Cloak (wool hooded) | Boots (normal leather) | Gloves (leather) | Hat (leather) | Cloak (fur-lined),18.5,NO,None,,5,4,-4,3,6,178.6,83.2,1,5,3,2,-5,-5,-6,-6,3,3,Aucun,2026-05-28 13:35:34
CH-00179,Human,Damaran,Damara,Small Town,Groupe5_Nord_Sauvage,Complex Terrain Navigation,Temple Politics & Religious Intrigue | Temple Politics & Religious Intrigue | Urban Stealth & Shadowing | Urban Stealth & Shadowing,History of the Realms | Court Etiquette & Protocol | Magical Schools & Traditions,Cooking (Fine Cuisine) | Weaving & Spinning,Damaran,Chondathan | Damaran,901,293.4,universal_standard,1,Modest,"Courser | Lancet, bleeding",622.0,279,"Belt (leather) + Belt pouch (large) | Map case + blank regional map | Lamp oil (flacon) x3 | Grappling hook | 10' pole | Crowbar (standard) | Bâton de marche / Walking Staff | Lancet, bleeding",Backpack (medium leather) | Tent 2-man leather | Sleeping furs (light) | Blanket (heavy) | Field rations (basic) x7 | Waterskin (1 gal) x2 | Canteen (1 pt) | Lantern (hooded) | Rope (standard 50') | Hammer + 10 pitons | Flint & steel | Tinderbox | Cloak (wool hooded) | Boots (normal leather) | Gloves (leather) | Hat (leather) | Courser,-4.4,YES,Théurgique,Magie Blanche,-3,-2,1,-2,3,166.5,63.9,0,2,-5,-1,3,-3,-3,0,2,-6,Aucun,2026-05-28 13:35:34
CH-00180,Human,Chondathan,The Dalelands,Rural Village,Groupe3_Coeur_Continental,Open Land Navigation | Complex Terrain Navigation | Wild Plant Foraging | Advanced Tracking,Information Brokerage,Aberration Lore | Laws & Customs of Nations,Navigation (Land & Sea) | Smithing & Metallurgy | Architecture,Chondathan,Chondathan | Elfique | Turmish,882,293.4,universal_standard,0,None,"Lancet, bleeding",2.0,880,"Belt (leather) + Belt pouch (large) | Map case + blank regional map | Lamp oil (flacon) x3 | Grappling hook | 10' pole | Crowbar (standard) | Bâton de marche / Walking Staff | Lancet, bleeding",Backpack (medium leather) | Tent 2-man leather | Sleeping furs (light) | Blanket (heavy) | Field rations (basic) x7 | Waterskin (1 gal) x2 | Canteen (1 pt) | Lantern (hooded) | Rope (standard 50') | Hammer + 10 pitons | Flint & steel | Tinderbox | Cloak (wool hooded) | Boots (normal leather) | Gloves (leather) | Hat (leather),23.23,NO,None,,7,4,-2,2,3,178.4,92.4,1,6,2,-2,-1,-8,3,-4,1,1,Aucun,2026-05-28 13:35:34
CH-00181,Human,Turami,Turmish,Large Town,Groupe2_Sud_Marchand,Dark Water Swimming | Coastal Survival,Disguise & Impersonation | Streetwise (Urban Underworld) | Urban Observation and Tailing | Urban Observation and Tailing,Trade Routes & Commerce | Guilds & Organizations | Laws & Customs of Nations,Leatherworking & Tanning,Chondathan,Chondathan | Lantanna,2192,293.4,universal_standard,2,Comfortable,Target shield | Brigandine,1485.0,707,Belt (leather) + Belt pouch (large) | Map case + blank regional map | Lamp oil (flacon) x3 | Grappling hook | 10' pole | Crowbar (standard) | Bâton de marche / Walking Staff | Target shield | Brigandine,Backpack (medium leather) | Tent 2-man leather | Sleeping furs (light) | Blanket (heavy) | Field rations (basic) x7 | Waterskin (1 gal) x2 | Canteen (1 pt) | Lantern (hooded) | Rope (standard 50') | Hammer + 10 pitons | Flint & steel | Tinderbox | Cloak (wool hooded) | Boots (normal leather) | Gloves (leather) | Hat (leather),7.3,NO,None,,3,2,0,0,5,178.5,87.7,1,2,-5,3,0,10,6,10,1,-4,Aucun,2026-05-28 13:35:34
CH-00182,Human,Halruaan,Halruaa,Military Outpost,Groupe3_Coeur_Continental,Forest Stealth | Wild Plant Foraging | Advanced Tracking | Marsh Disease Resistance,Noble Houses & Court Intrigue,Major Cities & Regions | History of Magic,Poison Lore & Application,None,Halruaan,2389,293.4,universal_standard,3,Wealthy,Bec de Corbin | Cloak (hooded wool) | Tassets longs | Courser,2247.0,142,Belt (leather) + Belt pouch (large) | Map case + blank regional map | Lamp oil (flacon) x3 | Grappling hook | 10' pole | Crowbar (standard) | Bâton de marche / Walking Staff | Bec de Corbin | Tassets longs,Backpack (medium leather) | Tent 2-man leather | Sleeping furs (light) | Blanket (heavy) | Field rations (basic) x7 | Waterskin (1 gal) x2 | Canteen (1 pt) | Lantern (hooded) | Rope (standard 50') | Hammer + 10 pitons | Flint & steel | Tinderbox | Cloak (wool hooded) | Boots (normal leather) | Gloves (leather) | Hat (leather) | Cloak (hooded wool) | Courser,6.51,NO,None,,4,2,-5,0,9,170.7,83.2,0,2,0,2,-5,0,-3,6,1,0,Aucun,2026-05-28 13:35:34
CH-00183,Human,Chondathan,Sembia,Isolated Farmstead,Groupe2_Sud_Marchand,Plains Tracking | Advanced Tracking | Open Land Navigation | Weather Reading | Trapping and Snaring | Forced March Endurance,,Trade Routes & Commerce | Genasi & Elemental Peoples | Major Cities & Regions,Taxidermy | Carpentry & Woodworking,Chessentan,Chessentan | Chondathan,2150,293.4,universal_standard,2,Comfortable,Plackart | Maul | Rapier,1650.0,500,Belt (leather) + Belt pouch (large) | Map case + blank regional map | Lamp oil (flacon) x3 | Grappling hook | 10' pole | Crowbar (standard) | Bâton de marche / Walking Staff | Plackart | Maul | Rapier,Backpack (medium leather) | Tent 2-man leather | Sleeping furs (light) | Blanket (heavy) | Field rations (basic) x7 | Waterskin (1 gal) x2 | Canteen (1 pt) | Lantern (hooded) | Rope (standard 50') | Hammer + 10 pitons | Flint & steel | Tinderbox | Cloak (wool hooded) | Boots (normal leather) | Gloves (leather) | Hat (leather),-12.18,YES,Sauvage,Magie Verte,-8,-4,-5,-3,1,155.3,49.1,-2,3,-3,1,-4,0,-1,-1,6,-3,Aucun,2026-05-28 13:35:34
CH-00184,Human,Rashemi,Rashemen,Logging Camp,Groupe10_Rashemen,Hermetic Medicine | Marsh Movement | Complex Terrain Navigation | Forest Stealth | Wild Plant Foraging,Criminal Organizations & Syndicates | Urban Stealth & Shadowing,Laws & Customs of Nations | Major Cities & Regions | Geography of Faerûn,Architecture | Preservation & Salting | Smithing & Metallurgy,Rashemi,Mulhorandi | Rashemi,788,293.4,universal_standard,0,None,Buckler,220.0,568,Belt (leather) + Belt pouch (large) | Map case + blank regional map | Lamp oil (flacon) x3 | Grappling hook | 10' pole | Crowbar (standard) | Bâton de marche / Walking Staff | Buckler,Backpack (medium leather) | Tent 2-man leather | Sleeping furs (light) | Blanket (heavy) | Field rations (basic) x7 | Waterskin (1 gal) x2 | Canteen (1 pt) | Lantern (hooded) | Rope (standard 50') | Hammer + 10 pitons | Flint & steel | Tinderbox | Cloak (wool hooded) | Boots (normal leather) | Gloves (leather) | Hat (leather),10.62,NO,None,,4,2,-2,2,6,180.1,87.7,1,-2,5,0,-3,-7,6,2,-4,5,Aucun,2026-05-28 13:35:34
CH-00185,Dwarf,Shield Dwarf,Mithral Hall,Mining Camp,Groupe6_Bloc_Nain,Technical Rock Climbing | Advanced Tracking | Underground Navigation | Snow and Ice Shelter Building | Complex Terrain Navigation,Streetwise (Urban Underworld) | Lockpicking and Trap Disarming,Guilds & Organizations | Geography of Faerûn | History of Magic,Dyeing & Textile Coloring | Poison Lore & Application,Nain,Chondathan | Nain,695,293.4,universal_standard,1,Modest,Rouncey | War Dart,610.0,85,Belt (leather) + Belt pouch (large) | Map case + blank regional map | Lamp oil (flacon) x3 | Grappling hook | 10' pole | Crowbar (standard) | Bâton de marche / Walking Staff | War Dart,Backpack (medium leather) | Tent 2-man leather | Sleeping furs (light) | Blanket (heavy) | Field rations (basic) x7 | Waterskin (1 gal) x2 | Canteen (1 pt) | Lantern (hooded) | Rope (standard 50') | Hammer + 10 pitons | Flint & steel | Tinderbox | Cloak (wool hooded) | Boots (normal leather) | Gloves (leather) | Hat (leather) | Rouncey,-1.9,NO,None,,0,-1,1,-7,8,117.4,54.6,-8,3,4,-1,1,1,-2,-11,4,3,Vision dans le noir + Robustesse naine,2026-05-28 13:35:34
CH-00186,Dwarf,Shield Dwarf,Mithral Hall,Underdark City,Groupe6_Bloc_Nain,,Streetwise (Urban Underworld) | Disguise & Impersonation | Black Market Operations | Streetwise (Urban Underworld) | Urban Observation and Tailing | Urban Observation and Tailing,Secret Organizations | Weave Theory | Major Cities & Regions | Laws & Customs of Nations,Stoneworking | Smithing & Metallurgy | Leatherworking & Tanning,Nain | Thorass,Nain | Undercommon,838,293.4,universal_standard,0,None,"Lancet, bleeding",2.0,836,"Belt (leather) + Belt pouch (large) | Map case + blank regional map | Lamp oil (flacon) x3 | Grappling hook | 10' pole | Crowbar (standard) | Bâton de marche / Walking Staff | Lancet, bleeding",Backpack (medium leather) | Tent 2-man leather | Sleeping furs (light) | Blanket (heavy) | Field rations (basic) x7 | Waterskin (1 gal) x2 | Canteen (1 pt) | Lantern (hooded) | Rope (standard 50') | Hammer + 10 pitons | Flint & steel | Tinderbox | Cloak (wool hooded) | Boots (normal leather) | Gloves (leather) | Hat (leather),18.75,NO,None,,7,3,-1,-3,5,133.9,74.8,-5,8,4,-5,0,1,-4,1,2,2,Vision dans le noir + Robustesse naine,2026-05-28 13:35:34
CH-00187,Dwarf,Gold Dwarf,Mithral Hall,Fortified City,Groupe6_Bloc_Nain,Mountain Endurance,Sleight of Hand & Cheating | Noble Houses & Court Intrigue | Lockpicking and Trap Disarming,Major Cities & Regions | Political Currents & Rivalries | Nobility & Heraldry | Major Religions & Deities,Carpentry & Woodworking | Glassworking | Magical Goldsmithing (Theoretical),Chondathan | Nain,Chondathan | Nain,1203,293.4,universal_standard,1,Modest,Simple Breastplate | Maul,950.0,253,Belt (leather) + Belt pouch (large) | Map case + blank regional map | Lamp oil (flacon) x3 | Grappling hook | 10' pole | Crowbar (standard) | Bâton de marche / Walking Staff | Simple Breastplate | Maul,Backpack (medium leather) | Tent 2-man leather | Sleeping furs (light) | Blanket (heavy) | Field rations (basic) x7 | Waterskin (1 gal) x2 | Canteen (1 pt) | Lantern (hooded) | Rope (standard 50') | Hammer + 10 pitons | Flint & steel | Tinderbox | Cloak (wool hooded) | Boots (normal leather) | Gloves (leather) | Hat (leather),16.38,NO,None,,7,2,0,-6,1,123.5,78.9,-7,4,1,2,0,3,5,6,3,1,Vision dans le noir + Robustesse naine,2026-05-28 13:35:34
CH-00188,Human,Chondathan,Chondath,Rural Village,Groupe4_Vilhon_Est,Littoral Foraging | Oceanic Navigation | Dark Water Swimming | Advanced Tracking | River Crossing | Coastal Survival,,"Festivals, Calendars & Traditions | Spellplague & Its Aftermath | History of Netheril | Guilds & Organizations",Animal Husbandry & Training | Cooking (Fine Cuisine),Infernal | Chondathan,Chessentan | Chondathan | Infernal,1357,293.4,universal_standard,2,Comfortable,Estoc | Falchion,1150.0,207,Belt (leather) + Belt pouch (large) | Map case + blank regional map | Lamp oil (flacon) x3 | Grappling hook | 10' pole | Crowbar (standard) | Bâton de marche / Walking Staff | Estoc | Falchion,Backpack (medium leather) | Tent 2-man leather | Sleeping furs (light) | Blanket (heavy) | Field rations (basic) x7 | Waterskin (1 gal) x2 | Canteen (1 pt) | Lantern (hooded) | Rope (standard 50') | Hammer + 10 pitons | Flint & steel | Tinderbox | Cloak (wool hooded) | Boots (normal leather) | Gloves (leather) | Hat (leather),-4.71,YES,Arcanique,Magicien,0,0,-5,-2,2,169.2,78.9,0,-2,-4,4,-5,-4,2,1,-1,-3,Aucun,2026-05-28 13:35:34
CH-00189,Human,Tuigan,Hordelands (The Endless Wastes),Nomad Camp,Groupe3_Coeur_Continental,Plains Tracking | Forced March Endurance | Weather Reading,,"Ruins & Major Archaeological Sites | Ancient Realms (Netheril, Imaskar...) | Trade Routes & Commerce | Dragon Lore",Perfumery & Cosmetics | Lens Making & Optics,Thorass,Thorass | Tuigan,386,293.4,universal_standard,0,None,"Lancet, bleeding",2.0,384,"Belt (leather) + Belt pouch (large) | Map case + blank regional map | Lamp oil (flacon) x3 | Grappling hook | 10' pole | Crowbar (standard) | Bâton de marche / Walking Staff | Lancet, bleeding",Backpack (medium leather) | Tent 2-man leather | Sleeping furs (light) | Blanket (heavy) | Field rations (basic) x7 | Waterskin (1 gal) x2 | Canteen (1 pt) | Lantern (hooded) | Rope (standard 50') | Hammer + 10 pitons | Flint & steel | Tinderbox | Cloak (wool hooded) | Boots (normal leather) | Gloves (leather) | Hat (leather),-11.25,YES,Arcanique,Magicien,-4,-3,-8,-3,1,159.2,63.9,-1,0,-7,3,-7,6,4,-4,2,-6,Aucun,2026-05-28 13:35:34
CH-00190,Human,Tashalan,Tashalar,Forest Village,Groupe3_Coeur_Continental,Wild Plant Foraging | Advanced Tracking | Wetland Tracking | Marsh Movement | Marsh Disease Resistance | Coastal Survival,,"Major Cities & Regions | Ancient Realms (Netheril, Imaskar...) | Orc & Goblinoid Culture | Ruins & Major Archaeological Sites",Leatherworking & Tanning | Heraldry & Lineage | Smithing & Metallurgy,Maztican | Tashalan,Maztican | Tashalan | Thorass,978,293.4,universal_standard,1,Modest,Arming Sword,450.0,528,Belt (leather) + Belt pouch (large) | Map case + blank regional map | Lamp oil (flacon) x3 | Grappling hook | 10' pole | Crowbar (standard) | Bâton de marche / Walking Staff | Arming Sword,Backpack (medium leather) | Tent 2-man leather | Sleeping furs (light) | Blanket (heavy) | Field rations (basic) x7 | Waterskin (1 gal) x2 | Canteen (1 pt) | Lantern (hooded) | Rope (standard 50') | Hammer + 10 pitons | Flint & steel | Tinderbox | Cloak (wool hooded) | Boots (normal leather) | Gloves (leather) | Hat (leather),2.48,NO,None,,1,2,-3,1,6,172.4,71.0,0,9,-4,3,-3,-6,1,0,9,-3,Aucun,2026-05-28 13:35:34
CH-00191,Human,Calishite,Amn,Large Town,Groupe2_Sud_Marchand,Advanced Tracking,Guild Knowledge & Politics | Noble Houses & Court Intrigue | Guild Knowledge & Politics,History of Imaskar | Court Etiquette & Protocol | Political Currents & Rivalries | Nobility & Heraldry,Weapons & Armor Smithing | Ceramics & Pottery | Perfumery & Cosmetics,Sembian | Thorass,Calishite | Chondathan | Sembian,2569,293.4,universal_standard,2,Comfortable,Rapier | Sidesword | Maul,1900.0,669,Belt (leather) + Belt pouch (large) | Map case + blank regional map | Lamp oil (flacon) x3 | Grappling hook | 10' pole | Crowbar (standard) | Bâton de marche / Walking Staff | Rapier | Sidesword | Maul,Backpack (medium leather) | Tent 2-man leather | Sleeping furs (light) | Blanket (heavy) | Field rations (basic) x7 | Waterskin (1 gal) x2 | Canteen (1 pt) | Lantern (hooded) | Rope (standard 50') | Hammer + 10 pitons | Flint & steel | Tinderbox | Cloak (wool hooded) | Boots (normal leather) | Gloves (leather) | Hat (leather),17.76,NO,None,,-2,0,8,1,3,159.2,63.9,-1,-1,3,7,6,7,-6,14,4,5,Aucun,2026-05-28 13:35:34
CH-00192,Half-elf,Sun Half-elf,Evermeet,Metropolis,Groupe13_Evermeet,,Urban Observation and Tailing | Poison Lore & Subtle Application | Sleight of Hand & Cheating,Weave Theory | Spellplague & Its Aftermath | Aberration Lore,Weapons & Armor Smithing | Heraldry & Lineage | Masonry,Chondathan,Chondathan | Elfique,3030,293.4,universal_standard,2,Comfortable,"Courser | Morning Star | Lancet, bleeding | Gauntlets (renforcés) | Fauld | Kettle hat",2002.0,1028,"Belt (leather) + Belt pouch (large) | Map case + blank regional map | Lamp oil (flacon) x3 | Grappling hook | 10' pole | Crowbar (standard) | Bâton de marche / Walking Staff | Morning Star | Lancet, bleeding | Gauntlets (renforcés) | Fauld",Backpack (medium leather) | Tent 2-man leather | Sleeping furs (light) | Blanket (heavy) | Field rations (basic) x7 | Waterskin (1 gal) x2 | Canteen (1 pt) | Lantern (hooded) | Rope (standard 50') | Hammer + 10 pitons | Flint & steel | Tinderbox | Cloak (wool hooded) | Boots (normal leather) | Gloves (leather) | Hat (leather) | Courser | Kettle hat,0.84,NO,None,,-1,1,-3,1,4,168.0,63.9,0,6,-1,3,-3,-4,6,-5,7,0,Méditation + Immunité sommeil + VN (N1),2026-05-28 13:35:34
CH-00193,Human,Chondathan,Vilhon Reach,Smuggler's Port,Groupe4_Vilhon_Est,Subterranean Hazard Resistance | Plains Tracking | Advanced Tracking,,Trade Routes & Commerce | Gnomish Culture | Dwarven Culture | Legendary Artifacts & Relics,Navigation (Land & Sea),Turmish,Chondathan | Turmish,1582,293.4,universal_standard,0,None,Leather crinet | Spear,73.0,1509,Belt (leather) + Belt pouch (large) | Map case + blank regional map | Lamp oil (flacon) x3 | Grappling hook | 10' pole | Crowbar (standard) | Bâton de marche / Walking Staff | Leather crinet | Spear,Backpack (medium leather) | Tent 2-man leather | Sleeping furs (light) | Blanket (heavy) | Field rations (basic) x7 | Waterskin (1 gal) x2 | Canteen (1 pt) | Lantern (hooded) | Rope (standard 50') | Hammer + 10 pitons | Flint & steel | Tinderbox | Cloak (wool hooded) | Boots (normal leather) | Gloves (leather) | Hat (leather),-6.71,YES,Théurgique,Magie Blanche,-1,-2,-5,-1,4,169.5,67.4,0,-1,4,-8,-3,-3,0,-5,-6,1,Aucun,2026-05-28 13:35:34
CH-00194,Half-elf,Moon Half-elf,Silver Marches (Luruar),Logging Camp,Groupe7_Marches_Argent,Complex Terrain Navigation | Advanced Tracking | Wild Plant Foraging | Technical Rock Climbing,Forgery of Documents & Seals | Urban Stealth & Shadowing,Lost Kingdoms & Cities | Major Cities & Regions | Political Currents & Rivalries | Nobility & Heraldry,Smithing & Metallurgy | Viticulture & Winemaking | Weapons & Armor Smithing,Illuskan | Sylvestre,Elfique | Illuskan | Sylvestre,806,293.4,universal_standard,0,None,Heater shield | Buckler,265.0,541,Belt (leather) + Belt pouch (large) | Map case + blank regional map | Lamp oil (flacon) x3 | Grappling hook | 10' pole | Crowbar (standard) | Bâton de marche / Walking Staff | Heater shield | Buckler,Backpack (medium leather) | Tent 2-man leather | Sleeping furs (light) | Blanket (heavy) | Field rations (basic) x7 | Waterskin (1 gal) x2 | Canteen (1 pt) | Lantern (hooded) | Rope (standard 50') | Hammer + 10 pitons | Flint & steel | Tinderbox | Cloak (wool hooded) | Boots (normal leather) | Gloves (leather) | Hat (leather),-9.09,YES,Théurgique,Magie Verte,-11,-5,0,-4,-2,149.9,46.6,-3,-4,-2,5,-1,-2,8,1,3,-1,Méditation + Immunité sommeil + VN (N1),2026-05-28 13:35:34
CH-00195,Human,Calishite,Tethyr,Fortified City,Groupe2_Sud_Marchand,Weather Reading | Wild Plant Foraging,Urban Stealth & Shadowing | Sleight of Hand & Cheating | Urban Stealth & Shadowing,"Nobility & Heraldry | Festivals, Calendars & Traditions | Weave Theory | Political Currents & Rivalries",Smithing & Metallurgy,Mulhorandi | Thorass,Chondathan | Elfique | Lantanna | Mulhorandi,2021,293.4,universal_standard,2,Comfortable,Lockpicks (poor) | Longsword | Morning Star | Buckler,1376.0,645,Belt (leather) + Belt pouch (large) | Map case + blank regional map | Lamp oil (flacon) x3 | Grappling hook | 10' pole | Crowbar (standard) | Bâton de marche / Walking Staff | Lockpicks (poor) | Longsword | Morning Star | Buckler,Backpack (medium leather) | Tent 2-man leather | Sleeping furs (light) | Blanket (heavy) | Field rations (basic) x7 | Waterskin (1 gal) x2 | Canteen (1 pt) | Lantern (hooded) | Rope (standard 50') | Hammer + 10 pitons | Flint & steel | Tinderbox | Cloak (wool hooded) | Boots (normal leather) | Gloves (leather) | Hat (leather),-13.17,YES,Théurgique,Magie Verte,-7,-5,-5,-5,6,145.8,51.8,-3,-2,-3,1,-4,-5,-5,4,2,-3,Aucun,2026-05-28 13:35:34
CH-00196,Human,Rashemi,Aglarond,Forest Village,Groupe4_Vilhon_Est,Snow and Ice Shelter Building | Forest Stealth | Advanced Tracking | Underground Navigation | Shelter Construction | Marsh Movement,Streetwise (Urban Underworld),Local Folklore & Legends | Fall of Myth Drannor | Nobility & Heraldry,Weaving & Spinning,Rashemi,Aglarondan | Elfique | Rashemi,884,293.4,universal_standard,1,Modest,"Pegleg, wooden | Cutlass",488.0,396,"Belt (leather) + Belt pouch (large) | Map case + blank regional map | Lamp oil (flacon) x3 | Grappling hook | 10' pole | Crowbar (standard) | Bâton de marche / Walking Staff | Pegleg, wooden | Cutlass",Backpack (medium leather) | Tent 2-man leather | Sleeping furs (light) | Blanket (heavy) | Field rations (basic) x7 | Waterskin (1 gal) x2 | Canteen (1 pt) | Lantern (hooded) | Rope (standard 50') | Hammer + 10 pitons | Flint & steel | Tinderbox | Cloak (wool hooded) | Boots (normal leather) | Gloves (leather) | Hat (leather),-3.26,YES,Théurgique,Magie Verte,1,0,-4,-2,4,161.9,71.0,-1,7,-5,-1,-2,-6,-9,-7,5,-6,Aucun,2026-05-28 13:35:34
CH-00197,Human,Tethyrian,Tethyr,Large Town,Groupe2_Sud_Marchand,Weather Reading,Forgery of Documents & Seals | Disguise & Impersonation | Lockpicking and Trap Disarming,Magical Schools & Traditions | Dwarven Culture,Bone & Ivory Carving | Engraving on Metal & Gems,Tethyrian,Chondathan | Tethyrian,1940,293.4,universal_standard,2,Comfortable,Pavillion | Backpack (medium leather),1504.0,436,Belt (leather) + Belt pouch (large) | Map case + blank regional map | Lamp oil (flacon) x3 | Grappling hook | 10' pole | Crowbar (standard) | Bâton de marche / Walking Staff | Pavillion,Backpack (medium leather) | Tent 2-man leather | Sleeping furs (light) | Blanket (heavy) | Field rations (basic) x7 | Waterskin (1 gal) x2 | Canteen (1 pt) | Lantern (hooded) | Rope (standard 50') | Hammer + 10 pitons | Flint & steel | Tinderbox | Cloak (wool hooded) | Boots (normal leather) | Gloves (leather) | Hat (leather) | Backpack (medium leather),-4.94,YES,Théurgique,Magie Verte,-3,-2,-3,1,-1,166.5,63.9,0,-9,10,0,-5,-2,5,-5,-7,10,Aucun,2026-05-28 13:35:34
CH-00198,Half-elf,Wood Half-elf,High Forest,Remote Trading Post,Groupe3_Coeur_Continental,Complex Terrain Navigation | Advanced Tracking | Marsh Movement,,Geography of Faerûn | Nobility & Heraldry | Major Religions & Deities | Cultural Interactions,Smithing & Metallurgy | Leatherworking & Tanning | Navigation (Land & Sea),Elfique | Druidic,Druidic | Elfique,803,293.4,universal_standard,1,Modest,Lantern (hooded) | Lance,325.0,478,Belt (leather) + Belt pouch (large) | Map case + blank regional map | Lamp oil (flacon) x3 | Grappling hook | 10' pole | Crowbar (standard) | Bâton de marche / Walking Staff | Lance,Backpack (medium leather) | Tent 2-man leather | Sleeping furs (light) | Blanket (heavy) | Field rations (basic) x7 | Waterskin (1 gal) x2 | Canteen (1 pt) | Lantern (hooded) | Rope (standard 50') | Hammer + 10 pitons | Flint & steel | Tinderbox | Cloak (wool hooded) | Boots (normal leather) | Gloves (leather) | Hat (leather) | Lantern (hooded),-7.68,YES,Théurgique,Magie Verte,-10,-6,1,-3,3,158.1,49.1,-1,-6,2,-4,2,4,1,-8,-4,0,Méditation + Immunité sommeil + VN (N1),2026-05-28 13:35:34
CH-00199,Human,Uthgardt,Le Nord (The North),Mountain Village,Groupe5_Nord_Sauvage,Advanced Tracking | Littoral Foraging | Forest Stealth,High Society Manipulation,"Astronomy & Star Navigation | Political Currents & Rivalries | Major Cities & Regions | Festivals, Calendars & Traditions",Alchemy (Theory & Practice) | Accounting & Estate Management | Ceramics & Pottery,Géant | Illuskan,Géant | Illuskan | Uthgardt,623,293.4,universal_standard,0,None,Buckler,220.0,403,Belt (leather) + Belt pouch (large) | Map case + blank regional map | Lamp oil (flacon) x3 | Grappling hook | 10' pole | Crowbar (standard) | Bâton de marche / Walking Staff | Buckler,Backpack (medium leather) | Tent 2-man leather | Sleeping furs (light) | Blanket (heavy) | Field rations (basic) x7 | Waterskin (1 gal) x2 | Canteen (1 pt) | Lantern (hooded) | Rope (standard 50') | Hammer + 10 pitons | Flint & steel | Tinderbox | Cloak (wool hooded) | Boots (normal leather) | Gloves (leather) | Hat (leather),-5.18,YES,Théurgique,Magie Blanche,-1,-1,-3,-2,-1,172.3,74.8,0,1,-8,5,-3,9,2,-11,3,-7,Aucun,2026-05-28 13:35:34
CH-00200,Human,Chondathan,Sembia,Large Town,Groupe2_Sud_Marchand,Open Land Navigation | Wild Plant Foraging | Forced March Endurance | Weather Reading,High Society Manipulation | Urban Stealth & Shadowing | Streetwise (Urban Underworld),Aberration Lore | Major Cities & Regions | Astronomy & Star Navigation | Court Etiquette & Protocol,Viticulture & Winemaking | Heraldry & Lineage | Sail & Rope Making,Chondathan | Thorass,Chondathan | Thorass | Turmish,2626,293.4,universal_standard,2,Comfortable,Close Helmet (Maximilian) | Kettle hat,1255.0,1371,Belt (leather) + Belt pouch (large) | Map case + blank regional map | Lamp oil (flacon) x3 | Grappling hook | 10' pole | Crowbar (standard) | Bâton de marche / Walking Staff | Close Helmet (Maximilian),Backpack (medium leather) | Tent 2-man leather | Sleeping furs (light) | Blanket (heavy) | Field rations (basic) x7 | Waterskin (1 gal) x2 | Canteen (1 pt) | Lantern (hooded) | Rope (standard 50') | Hammer + 10 pitons | Flint & steel | Tinderbox | Cloak (wool hooded) | Boots (normal leather) | Gloves (leather) | Hat (leather) | Kettle hat,10.6,NO,None,,2,1,0,4,8,195.4,83.2,3,-3,5,1,-1,-2,-2,-3,-4,5,Aucun,2026-05-28 13:35:34
CH-00201,Gnome,Rock Gnome,Lantan,Small Town,Groupe3_Coeur_Continental,Underground Navigation,Information Brokerage | Heraldry & Lineage Recognition | Urban Stealth & Shadowing | Noble Houses & Court Intrigue,Cultural Interactions | History of the Realms | Secret Organizations | Nobility & Heraldry,Musical Instrument Making,Lantanna | Nain,Chondathan | Gnomish | Lantanna | Nain,4048,293.4,universal_standard,1,Modest,Cuisses (renforcées) | Skeleton key,755.0,3293,Belt (leather) + Belt pouch (large) | Map case + blank regional map | Lamp oil (flacon) x3 | Grappling hook | 10' pole | Crowbar (standard) | Bâton de marche / Walking Staff | Cuisses (renforcées) | Skeleton key,Backpack (medium leather) | Tent 2-man leather | Sleeping furs (light) | Blanket (heavy) | Field rations (basic) x7 | Waterskin (1 gal) x2 | Canteen (1 pt) | Lantern (hooded) | Rope (standard 50') | Hammer + 10 pitons | Flint & steel | Tinderbox | Cloak (wool hooded) | Boots (normal leather) | Gloves (leather) | Hat (leather),-3.9,YES,Théurgique,Magie Verte,-14,-8,5,-8,0,134.7,37.7,-5,1,-10,2,7,-7,3,-4,8,-10,Vision nocturne N1,2026-05-28 13:35:34
CH-00202,Dwarf,Gold Dwarf,Mithral Hall,Mining Camp,Groupe6_Bloc_Nain,Complex Terrain Navigation | Advanced Tracking | Snow and Ice Shelter Building | Mountain Endurance,,"Festivals, Calendars & Traditions | Nobility & Heraldry | History of the Realms | Local Folklore & Legends",Carpentry & Woodworking | Cabinetmaking & Marquetry,Chondathan | Nain,Chondathan | Nain,851,293.4,universal_standard,0,None,Waterskin (5 gal) | Mail coif,227.0,624,Belt (leather) + Belt pouch (large) | Map case + blank regional map | Lamp oil (flacon) x3 | Grappling hook | 10' pole | Crowbar (standard) | Bâton de marche / Walking Staff | Mail coif,Backpack (medium leather) | Tent 2-man leather | Sleeping furs (light) | Blanket (heavy) | Field rations (basic) x7 | Waterskin (1 gal) x2 | Canteen (1 pt) | Lantern (hooded) | Rope (standard 50') | Hammer + 10 pitons | Flint & steel | Tinderbox | Cloak (wool hooded) | Boots (normal leather) | Gloves (leather) | Hat (leather) | Waterskin (5 gal),-1.66,NO,None,,1,-1,1,-9,7,117.2,67.4,-8,-1,-3,3,1,3,6,-1,1,-2,Vision dans le noir + Robustesse naine,2026-05-28 13:35:34
CH-00203,Human,Gur,Dambrath,Logging Camp,Groupe3_Coeur_Continental,Wild Plant Foraging | Advanced Tracking | Marsh Disease Resistance | Marsh Movement,Urban Stealth & Shadowing | City Secrets & Hidden Routes,"Halfling Culture | Major Cities & Regions | Geography of Faerûn | Ancient Realms (Netheril, Imaskar...)",Leatherworking & Tanning | Animal Husbandry & Training,Dambrathan | Rashemi,Chultan | Dambrathan | Rashemi,866,293.4,universal_standard,1,Modest,Tassets longs,640.0,226,Belt (leather) + Belt pouch (large) | Map case + blank regional map | Lamp oil (flacon) x3 | Grappling hook | 10' pole | Crowbar (standard) | Bâton de marche / Walking Staff | Tassets longs,Backpack (medium leather) | Tent 2-man leather | Sleeping furs (light) | Blanket (heavy) | Field rations (basic) x7 | Waterskin (1 gal) x2 | Canteen (1 pt) | Lantern (hooded) | Rope (standard 50') | Hammer + 10 pitons | Flint & steel | Tinderbox | Cloak (wool hooded) | Boots (normal leather) | Gloves (leather) | Hat (leather),-14.01,YES,Théurgique,Magie Blanche,-6,-5,-7,-6,10,154.9,63.9,-2,-5,-8,1,-5,-6,-7,-7,-3,-8,Aucun,2026-05-28 13:35:34
CH-00204,Half-elf,Wood Half-elf,High Forest,Farming Hamlet,Groupe3_Coeur_Continental,Hermetic Medicine | Marsh Movement | Wild Plant Foraging | Forest Stealth | Complex Terrain Navigation | Advanced Tracking,,"Political Currents & Rivalries | Fall of Myth Drannor | Local Folklore & Legends | Cosmology (Weave, Shadow Weave)",Cartography | Accounting & Estate Management,Chondathan | Géant,Chondathan | Elfique | Géant,711,293.4,universal_standard,0,None,Buckler,220.0,491,Belt (leather) + Belt pouch (large) | Map case + blank regional map | Lamp oil (flacon) x3 | Grappling hook | 10' pole | Crowbar (standard) | Bâton de marche / Walking Staff | Buckler,Backpack (medium leather) | Tent 2-man leather | Sleeping furs (light) | Blanket (heavy) | Field rations (basic) x7 | Waterskin (1 gal) x2 | Canteen (1 pt) | Lantern (hooded) | Rope (standard 50') | Hammer + 10 pitons | Flint & steel | Tinderbox | Cloak (wool hooded) | Boots (normal leather) | Gloves (leather) | Hat (leather),-12.7,YES,Arcanique,Magicien,-6,-5,-10,-5,6,160.6,63.9,-1,-8,-4,0,-9,-2,2,4,-6,-4,Méditation + Immunité sommeil + VN (N1),2026-05-28 13:35:34
CH-00205,Human,Bedine,Anauroch,Caravan Oasis,Groupe3_Coeur_Continental,Desert Water Mastery | Technical Rock Climbing | Open Land Navigation | Mountain Endurance | Snow and Ice Shelter Building,Sleight of Hand & Cheating,Geography of Faerûn | Nobility & Heraldry | Orc & Goblinoid Culture | Local Folklore & Legends,Smithing & Metallurgy | Leatherworking & Tanning | Cabinetmaking & Marquetry,Infernal | Midani,Chondathan | Infernal | Midani,646,293.4,universal_standard,0,None,Gloves (leather) | Parma,282.0,364,Belt (leather) + Belt pouch (large) | Map case + blank regional map | Lamp oil (flacon) x3 | Grappling hook | 10' pole | Crowbar (standard) | Bâton de marche / Walking Staff | Parma,Backpack (medium leather) | Tent 2-man leather | Sleeping furs (light) | Blanket (heavy) | Field rations (basic) x7 | Waterskin (1 gal) x2 | Canteen (1 pt) | Lantern (hooded) | Rope (standard 50') | Hammer + 10 pitons | Flint & steel | Tinderbox | Cloak (wool hooded) | Boots (normal leather) | Gloves (leather) | Hat (leather) | Gloves (leather),-6.52,YES,Sauvage,Magie Verte,-2,-1,-7,0,1,178.9,67.4,1,4,-3,-5,-4,3,2,0,0,-5,Aucun,2026-05-28 13:35:34
CH-00206,Human,Turami,Turmish,Fishing Village,Groupe2_Sud_Marchand,Coastal Survival | Mountain Endurance | Dark Water Swimming,Urban Stealth & Shadowing,Religious Cults & Orders | Lost Kingdoms & Cities | Ruins & Major Archaeological Sites | Guilds & Organizations,Carpentry & Woodworking | Brewing & Distilling | Leatherworking & Tanning,Chessentan | Chondathan,Chessentan | Chondathan,1335,293.4,universal_standard,2,Comfortable,Gorget (élevé) | Pike | Rouncey,1100.0,235,Belt (leather) + Belt pouch (large) | Map case + blank regional map | Lamp oil (flacon) x3 | Grappling hook | 10' pole | Crowbar (standard) | Bâton de marche / Walking Staff | Gorget (élevé) | Pike,Backpack (medium leather) | Tent 2-man leather | Sleeping furs (light) | Blanket (heavy) | Field rations (basic) x7 | Waterskin (1 gal) x2 | Canteen (1 pt) | Lantern (hooded) | Rope (standard 50') | Hammer + 10 pitons | Flint & steel | Tinderbox | Cloak (wool hooded) | Boots (normal leather) | Gloves (leather) | Hat (leather) | Rouncey,-6.26,YES,Sauvage,Magie Noire,-1,-1,-4,-2,2,172.3,78.9,0,-5,-4,4,-4,-1,5,-7,-3,-3,Aucun,2026-05-28 13:35:34
CH-00207,Human,Mulan,Mulhorand,Caravan Oasis,Groupe8_Mulhorand,Advanced Tracking | Marsh Movement | Weather Reading | Marsh Disease Resistance,Forgery of Documents & Seals | Streetwise (Urban Underworld),"Political Currents & Rivalries | History of the Realms | Ancient Realms (Netheril, Imaskar...) | Laws & Customs of Nations",Architecture | Carpentry & Woodworking | Ceramics & Pottery,Mulhorandi,Chessentan | Mulhorandi,1211,293.4,universal_standard,2,Comfortable,Partisan | Buckler,1000.0,211,Belt (leather) + Belt pouch (large) | Map case + blank regional map | Lamp oil (flacon) x3 | Grappling hook | 10' pole | Crowbar (standard) | Bâton de marche / Walking Staff | Partisan | Buckler,Backpack (medium leather) | Tent 2-man leather | Sleeping furs (light) | Blanket (heavy) | Field rations (basic) x7 | Waterskin (1 gal) x2 | Canteen (1 pt) | Lantern (hooded) | Rope (standard 50') | Hammer + 10 pitons | Flint & steel | Tinderbox | Cloak (wool hooded) | Boots (normal leather) | Gloves (leather) | Hat (leather),-4.32,YES,Théurgique,Magie Blanche,-4,-3,2,-3,2,155.0,60.6,-2,-3,-1,1,2,-5,0,-1,-1,-1,Aucun,2026-05-28 13:35:34
CH-00208,Human,Tethyrian,Baldur's Gate,Large Town,Groupe1_Cote_des_Epees,Littoral Foraging,Lockpicking and Trap Disarming | Disguise & Impersonation | Urban Stealth & Shadowing,Local Folklore & Legends | Laws & Customs of Nations | Nobility & Heraldry,Leatherworking & Tanning,Chondathan,Chondathan | Elfique,3340,293.4,universal_standard,1,Modest,Burgonet (Maximilian) | Maille collerette ou manches,870.0,2470,Belt (leather) + Belt pouch (large) | Map case + blank regional map | Lamp oil (flacon) x3 | Grappling hook | 10' pole | Crowbar (standard) | Bâton de marche / Walking Staff | Burgonet (Maximilian) | Maille collerette ou manches,Backpack (medium leather) | Tent 2-man leather | Sleeping furs (light) | Blanket (heavy) | Field rations (basic) x7 | Waterskin (1 gal) x2 | Canteen (1 pt) | Lantern (hooded) | Rope (standard 50') | Hammer + 10 pitons | Flint & steel | Tinderbox | Cloak (wool hooded) | Boots (normal leather) | Gloves (leather) | Hat (leather),-1.62,NO,None,,-1,0,1,-2,8,157.7,67.4,-2,1,0,2,1,2,1,0,2,0,Aucun,2026-05-28 13:35:34
CH-00209,Human,Chondathan,Vilhon Reach,Fishing Village,Groupe4_Vilhon_Est,Advanced Tracking | Plains Tracking | Open Land Navigation,Sleight of Hand & Cheating,History of the Realms | Ruins & Major Archaeological Sites | Nobility & Heraldry | Major Cities & Regions,Weaving & Spinning | High Court Intrigue & Politics | Herbalism & Potion Brewing,Turmish | Chondathan,Chondathan | Turmish,1536,293.4,universal_standard,1,Modest,Kettle hat | Longsword,930.0,606,Belt (leather) + Belt pouch (large) | Map case + blank regional map | Lamp oil (flacon) x3 | Grappling hook | 10' pole | Crowbar (standard) | Bâton de marche / Walking Staff | Longsword,Backpack (medium leather) | Tent 2-man leather | Sleeping furs (light) | Blanket (heavy) | Field rations (basic) x7 | Waterskin (1 gal) x2 | Canteen (1 pt) | Lantern (hooded) | Rope (standard 50') | Hammer + 10 pitons | Flint & steel | Tinderbox | Cloak (wool hooded) | Boots (normal leather) | Gloves (leather) | Hat (leather) | Kettle hat,21.14,NO,None,,5,3,0,4,0,204.1,97.4,4,-1,2,2,-1,1,13,-3,-3,2,Aucun,2026-05-28 13:35:34
CH-00210,Human,Calishite,Calimshan,Major Port City,Groupe2_Sud_Marchand,Desert Thermal Endurance,Urban Stealth & Shadowing | High Society Manipulation | Urban Observation and Tailing | Smuggling Networks | Fences and Buyers Network | Urban Observation and Tailing,Nobility & Heraldry | Trade Routes & Commerce | Dwarven Culture | Geography of Faerûn,Weapons & Armor Smithing,Infernal | Mulhorandi,Infernal | Mulhorandi,3237,293.4,universal_standard,3,Wealthy,Courser | Compass | Close Helmet (Maximilian) | Partisan | War Hammer (Renaissance),2910.0,327,Belt (leather) + Belt pouch (large) | Map case + blank regional map | Lamp oil (flacon) x3 | Grappling hook | 10' pole | Crowbar (standard) | Bâton de marche / Walking Staff | Compass | Close Helmet (Maximilian) | Partisan,Backpack (medium leather) | Tent 2-man leather | Sleeping furs (light) | Blanket (heavy) | Field rations (basic) x7 | Waterskin (1 gal) x2 | Canteen (1 pt) | Lantern (hooded) | Rope (standard 50') | Hammer + 10 pitons | Flint & steel | Tinderbox | Cloak (wool hooded) | Boots (normal leather) | Gloves (leather) | Hat (leather) | Courser | War Hammer (Renaissance),8.96,NO,None,,0,1,4,1,6,169.5,67.4,0,3,1,3,3,2,-4,-2,4,2,Aucun,2026-05-28 13:35:34
CH-00211,Human,Chondathan,Sword Coast,Lake Village,Groupe1_Cote_des_Epees,Advanced Tracking | Arctic Hunting | Plains Tracking,,Laws & Customs of Nations | Court Etiquette & Protocol | Major Cities & Regions,Masonry | Perfumery & Cosmetics,Turmish,Chondathan | Turmish,1145,293.4,universal_standard,1,Modest,Fauld | Plackart,720.0,425,Belt (leather) + Belt pouch (large) | Map case + blank regional map | Lamp oil (flacon) x3 | Grappling hook | 10' pole | Crowbar (standard) | Bâton de marche / Walking Staff | Fauld | Plackart,Backpack (medium leather) | Tent 2-man leather | Sleeping furs (light) | Blanket (heavy) | Field rations (basic) x7 | Waterskin (1 gal) x2 | Canteen (1 pt) | Lantern (hooded) | Rope (standard 50') | Hammer + 10 pitons | Flint & steel | Tinderbox | Cloak (wool hooded) | Boots (normal leather) | Gloves (leather) | Hat (leather),8.3,NO,None,,1,2,0,3,6,178.6,74.8,1,1,3,4,-1,-3,-2,3,2,4,Aucun,2026-05-28 13:35:34
CH-00212,Half-orc,Orc,Le Nord (The North),Isolated Hamlet,Groupe5_Nord_Sauvage,Mountain Endurance | Marsh Movement | Wetland Tracking | Advanced Tracking | Subterranean Hazard Resistance | Hermetic Medicine,Sleight of Hand & Cheating,Major Religions & Deities | Dwarven Culture | Guilds & Organizations,Animal Husbandry & Training,Goblin,Goblin | Géant | Illuskan | Orc,565,293.4,universal_standard,1,Modest,Arming Sword,450.0,115,Belt (leather) + Belt pouch (large) | Map case + blank regional map | Lamp oil (flacon) x3 | Grappling hook | 10' pole | Crowbar (standard) | Bâton de marche / Walking Staff | Arming Sword,Backpack (medium leather) | Tent 2-man leather | Sleeping furs (light) | Blanket (heavy) | Field rations (basic) x7 | Waterskin (1 gal) x2 | Canteen (1 pt) | Lantern (hooded) | Rope (standard 50') | Hammer + 10 pitons | Flint & steel | Tinderbox | Cloak (wool hooded) | Boots (normal leather) | Gloves (leather) | Hat (leather),49.64,NO,None,,9,6,3,5,-4,193.1,108.2,3,0,6,3,1,-3,3,3,-3,7,Force brutale + Vision dans le noir N1,2026-05-28 13:35:34
CH-00213,Human,Damaran,Damara,Rural Village,Groupe5_Nord_Sauvage,Extreme Cold Resistance | Complex Terrain Navigation | Arctic Hunting | Mountain Endurance | Hermetic Medicine | Technical Rock Climbing,,History of Imaskar | History of Magic | Genasi & Elemental Peoples | History of the Realms,Smithing & Metallurgy | Weaving & Spinning,Damaran | Chondathan,Chondathan | Damaran | Vaasan,864,293.4,universal_standard,1,Modest,"Courser | Lancet, bleeding",622.0,242,"Belt (leather) + Belt pouch (large) | Map case + blank regional map | Lamp oil (flacon) x3 | Grappling hook | 10' pole | Crowbar (standard) | Bâton de marche / Walking Staff | Lancet, bleeding",Backpack (medium leather) | Tent 2-man leather | Sleeping furs (light) | Blanket (heavy) | Field rations (basic) x7 | Waterskin (1 gal) x2 | Canteen (1 pt) | Lantern (hooded) | Rope (standard 50') | Hammer + 10 pitons | Flint & steel | Tinderbox | Cloak (wool hooded) | Boots (normal leather) | Gloves (leather) | Hat (leather) | Courser,-4.62,YES,Théurgique,Magie Verte,-2,-1,-1,-1,1,169.5,67.4,0,2,-2,-2,1,-4,2,-1,0,-3,Aucun,2026-05-28 13:35:34
CH-00214,Dwarf,Shield Dwarf,Citadel Adbar,Fortified City,Groupe6_Bloc_Nain,Complex Terrain Navigation | Mountain Endurance | Extreme Cold Resistance,Black Market Operations | Temple Politics & Religious Intrigue | High Society Manipulation | Urban Observation and Tailing,Spellplague & Its Aftermath | Court Etiquette & Protocol,Cartography | Smithing & Metallurgy | Herbalism & Potion Brewing,None,Géant | Nain | Undercommon,1333,293.4,universal_standard,2,Comfortable,Burgonet (Maximilian) | Plate crinet | Buckler,1270.0,63,Belt (leather) + Belt pouch (large) | Map case + blank regional map | Lamp oil (flacon) x3 | Grappling hook | 10' pole | Crowbar (standard) | Bâton de marche / Walking Staff | Burgonet (Maximilian) | Plate crinet | Buckler,Backpack (medium leather) | Tent 2-man leather | Sleeping furs (light) | Blanket (heavy) | Field rations (basic) x7 | Waterskin (1 gal) x2 | Canteen (1 pt) | Lantern (hooded) | Rope (standard 50') | Hammer + 10 pitons | Flint & steel | Tinderbox | Cloak (wool hooded) | Boots (normal leather) | Gloves (leather) | Hat (leather),27.6,NO,None,,6,2,6,-2,3,151.8,87.7,-2,0,0,1,6,-3,2,-3,-2,0,Vision dans le noir + Robustesse naine,2026-05-28 13:35:34
CH-00215,Elf,Wood Elf,Cormanthor,Remote Trading Post,Groupe3_Coeur_Continental,Primitive Fire Mastery | Complex Terrain Navigation | Shelter Construction | Advanced Tracking,Smuggling Networks,Weave Theory | Elven Culture | History of the Realms,Carpentry & Woodworking | Herbalism & Potion Brewing,Elfique,Elfique | Sylvestre,794,293.4,universal_standard,1,Modest,Simple Breastplate,500.0,294,Belt (leather) + Belt pouch (large) | Map case + blank regional map | Lamp oil (flacon) x3 | Grappling hook | 10' pole | Crowbar (standard) | Bâton de marche / Walking Staff | Simple Breastplate,Backpack (medium leather) | Tent 2-man leather | Sleeping furs (light) | Blanket (heavy) | Field rations (basic) x7 | Waterskin (1 gal) x2 | Canteen (1 pt) | Lantern (hooded) | Rope (standard 50') | Hammer + 10 pitons | Flint & steel | Tinderbox | Cloak (wool hooded) | Boots (normal leather) | Gloves (leather) | Hat (leather),-4.68,YES,Théurgique,Magie Blanche,-7,-3,0,-2,0,166.5,60.6,0,-4,-7,10,-1,-2,1,7,4,-4,Transe + Immunité sommeil + VN (N2),2026-05-28 13:35:34
CH-00216,Human,Tethyrian,Baldur's Gate,Small Town,Groupe1_Cote_des_Epees,Advanced Tracking | Storm and Seasickness Mastery,Urban Observation and Tailing | Lockpicking and Trap Disarming | Heraldry & Lineage Recognition,Local Folklore & Legends | Geography of Faerûn,Leatherworking & Tanning | Carpentry & Woodworking | Alchemy (Theory & Practice),Illuskan,Illuskan | Tethyrian | Thorass,2395,293.4,universal_standard,3,Wealthy,Close Helmet (Maximilian) | Destrier | Mace,2330.0,65,Belt (leather) + Belt pouch (large) | Map case + blank regional map | Lamp oil (flacon) x3 | Grappling hook | 10' pole | Crowbar (standard) | Bâton de marche / Walking Staff | Close Helmet (Maximilian) | Destrier | Mace,Backpack (medium leather) | Tent 2-man leather | Sleeping furs (light) | Blanket (heavy) | Field rations (basic) x7 | Waterskin (1 gal) x2 | Canteen (1 pt) | Lantern (hooded) | Rope (standard 50') | Hammer + 10 pitons | Flint & steel | Tinderbox | Cloak (wool hooded) | Boots (normal leather) | Gloves (leather) | Hat (leather),-10.08,YES,Arcanique,Magicien,-3,-4,-4,-4,8,171.0,67.4,0,-2,-4,-7,0,-2,-2,-2,-6,-7,Aucun,2026-05-28 13:35:34
CH-00217,Human,Calishite,Lake of Steam,Major Port City,Groupe3_Coeur_Continental,Desert Thermal Endurance,Sleight of Hand & Cheating | Lockpicking and Trap Disarming | Urban Observation and Tailing | Fences and Buyers Network | Black Market Operations,Trade Routes & Commerce | History of the Realms | Ruins & Major Archaeological Sites | History of Netheril,Weapons & Armor Smithing,Tashalan | Thorass,Calishite | Lantanna | Tashalan,1954,293.4,universal_standard,2,Comfortable,Arming Sword | Crossbow | Military Fork | Quiver,1820.0,134,Belt (leather) + Belt pouch (large) | Map case + blank regional map | Lamp oil (flacon) x3 | Grappling hook | 10' pole | Crowbar (standard) | Bâton de marche / Walking Staff | Arming Sword | Crossbow | Military Fork | Quiver,Backpack (medium leather) | Tent 2-man leather | Sleeping furs (light) | Blanket (heavy) | Field rations (basic) x7 | Waterskin (1 gal) x2 | Canteen (1 pt) | Lantern (hooded) | Rope (standard 50') | Hammer + 10 pitons | Flint & steel | Tinderbox | Cloak (wool hooded) | Boots (normal leather) | Gloves (leather) | Hat (leather),3.64,NO,None,,0,0,2,1,12,177.0,78.9,1,-6,4,1,1,-3,-4,-3,-6,4,Aucun,2026-05-28 13:35:34
CH-00218,Human,Chondathan,Vilhon Reach,Lake Village,Groupe4_Vilhon_Est,Wild Plant Foraging | Advanced Tracking | Open Land Navigation | Field Weapon Maintenance | Plains Tracking,Fences and Buyers Network,"Festivals, Calendars & Traditions | History of the Realms | Spellplague & Its Aftermath",Cartography | Masonry,Chondathan,Chondathan,1383,293.4,universal_standard,1,Modest,Suturing needle (curved) | Mace,383.0,1000,Belt (leather) + Belt pouch (large) | Map case + blank regional map | Lamp oil (flacon) x3 | Grappling hook | 10' pole | Crowbar (standard) | Bâton de marche / Walking Staff | Suturing needle (curved) | Mace,Backpack (medium leather) | Tent 2-man leather | Sleeping furs (light) | Blanket (heavy) | Field rations (basic) x7 | Waterskin (1 gal) x2 | Canteen (1 pt) | Lantern (hooded) | Rope (standard 50') | Hammer + 10 pitons | Flint & steel | Tinderbox | Cloak (wool hooded) | Boots (normal leather) | Gloves (leather) | Hat (leather),-2.0,NO,None,,1,-1,-1,-1,9,177.0,78.9,1,1,-2,-5,2,3,11,4,-4,-4,Aucun,2026-05-28 13:35:34
CH-00219,Human,Sossrim,The Cold Lands,Mountain Village,Groupe3_Coeur_Continental,Marsh Disease Resistance | Snow and Ice Shelter Building | Mountain Endurance | Extreme Cold Resistance | Arctic Hunting | Technical Rock Climbing,,Political Currents & Rivalries | Major Religions & Deities | Local Folklore & Legends,Embroidery & Fine Sewing,Illuskan,Illuskan | Sossrim,464,293.4,universal_standard,0,None,"Lancet, bleeding",2.0,462,"Belt (leather) + Belt pouch (large) | Map case + blank regional map | Lamp oil (flacon) x3 | Grappling hook | 10' pole | Crowbar (standard) | Bâton de marche / Walking Staff | Lancet, bleeding",Backpack (medium leather) | Tent 2-man leather | Sleeping furs (light) | Blanket (heavy) | Field rations (basic) x7 | Waterskin (1 gal) x2 | Canteen (1 pt) | Lantern (hooded) | Rope (standard 50') | Hammer + 10 pitons | Flint & steel | Tinderbox | Cloak (wool hooded) | Boots (normal leather) | Gloves (leather) | Hat (leather),44.38,NO,None,,8,5,5,4,-6,188.2,97.4,2,6,1,2,5,4,5,-1,3,1,Aucun,2026-05-28 13:35:34
CH-00220,Human,Chondathan,Chondath,Small Town,Groupe4_Vilhon_Est,Plains Tracking | Advanced Tracking | Coastal Survival,Guild Knowledge & Politics | Poison Lore & Subtle Application | Heraldry & Lineage Recognition | Urban Observation and Tailing,Local Folklore & Legends | Geography of Faerûn | Genasi & Elemental Peoples,Carpentry & Woodworking | Accounting & Estate Management,Illuskan,Chondathan | Illuskan,1796,293.4,universal_standard,2,Comfortable,Burgonet (Maximilian) | Morning Star,1325.0,471,Belt (leather) + Belt pouch (large) | Map case + blank regional map | Lamp oil (flacon) x3 | Grappling hook | 10' pole | Crowbar (standard) | Bâton de marche / Walking Staff | Burgonet (Maximilian) | Morning Star,Backpack (medium leather) | Tent 2-man leather | Sleeping furs (light) | Blanket (heavy) | Field rations (basic) x7 | Waterskin (1 gal) x2 | Canteen (1 pt) | Lantern (hooded) | Rope (standard 50') | Hammer + 10 pitons | Flint & steel | Tinderbox | Cloak (wool hooded) | Boots (normal leather) | Gloves (leather) | Hat (leather),-7.42,YES,Arcanique,Magicien,-4,-3,-1,-2,3,172.6,63.9,0,-4,1,-2,0,3,-2,-4,-4,0,Aucun,2026-05-28 13:35:34
CH-00221,Human,Rashemi,Rashemen,Forest Village,Groupe10_Rashemen,Wild Plant Foraging | Complex Terrain Navigation | Hermetic Medicine | Marsh Movement,Temple Politics & Religious Intrigue | Streetwise (Urban Underworld),Halfling Culture | Cultural Interactions | Guilds & Organizations | Secret Organizations,Weaving & Spinning,Infernal | Rashemi,Infernal | Rashemi,630,293.4,universal_standard,1,Modest,"Rouncey | Lancet, bleeding",452.0,178,"Belt (leather) + Belt pouch (large) | Map case + blank regional map | Lamp oil (flacon) x3 | Grappling hook | 10' pole | Crowbar (standard) | Bâton de marche / Walking Staff | Lancet, bleeding",Backpack (medium leather) | Tent 2-man leather | Sleeping furs (light) | Blanket (heavy) | Field rations (basic) x7 | Waterskin (1 gal) x2 | Canteen (1 pt) | Lantern (hooded) | Rope (standard 50') | Hammer + 10 pitons | Flint & steel | Tinderbox | Cloak (wool hooded) | Boots (normal leather) | Gloves (leather) | Hat (leather) | Rouncey,9.6,NO,None,,4,2,0,0,6,167.5,92.4,0,-4,-1,9,-2,2,0,-2,-1,2,Aucun,2026-05-28 13:35:34
CH-00222,Human,Ffolk,Moonshae Isles,Farming Hamlet,Groupe11_Moonshae,Battlefield Riding | Coastal Survival | Dark Water Swimming | River Crossing | Storm and Seasickness Mastery,Streetwise (Urban Underworld) | Noble Houses & Court Intrigue,Nobility & Heraldry | Halfling Culture,Masonry | Locksmithing & Mechanisms,None,Chondathan | Illuskan | Moonshae | Northlander,549,293.4,universal_standard,1,Modest,Besagews (paire),400.0,149,Belt (leather) + Belt pouch (large) | Map case + blank regional map | Lamp oil (flacon) x3 | Grappling hook | 10' pole | Crowbar (standard) | Bâton de marche / Walking Staff | Besagews (paire),Backpack (medium leather) | Tent 2-man leather | Sleeping furs (light) | Blanket (heavy) | Field rations (basic) x7 | Waterskin (1 gal) x2 | Canteen (1 pt) | Lantern (hooded) | Rope (standard 50') | Hammer + 10 pitons | Flint & steel | Tinderbox | Cloak (wool hooded) | Boots (normal leather) | Gloves (leather) | Hat (leather),0.02,NO,None,,2,0,-1,-2,11,161.8,74.8,-1,4,-3,-3,1,1,-2,5,0,-4,Aucun,2026-05-28 13:35:34
CH-00223,Dwarf,Shield Dwarf,Mithral Hall,Dwarven Fortress,Groupe6_Bloc_Nain,Snow and Ice Shelter Building,Criminal Organizations & Syndicates | Urban Observation and Tailing | Urban Observation and Tailing,Major Cities & Regions | Weave Theory | Aberration Lore | Nobility & Heraldry,Carpentry & Woodworking | Smithing & Metallurgy,Nain,Illuskan | Nain,1121,293.4,universal_standard,1,Modest,"Voulge | Lancet, bleeding | Couter (paire) | Buckler",862.0,259,"Belt (leather) + Belt pouch (large) | Map case + blank regional map | Lamp oil (flacon) x3 | Grappling hook | 10' pole | Crowbar (standard) | Bâton de marche / Walking Staff | Voulge | Lancet, bleeding | Couter (paire) | Buckler",Backpack (medium leather) | Tent 2-man leather | Sleeping furs (light) | Blanket (heavy) | Field rations (basic) x7 | Waterskin (1 gal) x2 | Canteen (1 pt) | Lantern (hooded) | Rope (standard 50') | Hammer + 10 pitons | Flint & steel | Tinderbox | Cloak (wool hooded) | Boots (normal leather) | Gloves (leather) | Hat (leather),-4.28,YES,Théurgique,Magie Verte,2,-2,-4,-9,4,131.5,78.9,-5,-3,-8,0,-2,4,-1,0,-4,-8,Vision dans le noir + Robustesse naine,2026-05-28 13:35:34
CH-00224,Human,Chondathan,Chondath,Small Town,Groupe4_Vilhon_Est,Coastal Survival | Advanced Tracking | River Crossing | Oceanic Navigation,Criminal Organizations & Syndicates | Fences and Buyers Network | Urban Stealth & Shadowing,Divine Myths & Legends | Halfling Culture,Weaving & Spinning,Chondathan,Chessentan | Chondathan | Infernal,1648,293.4,universal_standard,2,Comfortable,Courser | Simple Breastplate | Pike,1520.0,128,Belt (leather) + Belt pouch (large) | Map case + blank regional map | Lamp oil (flacon) x3 | Grappling hook | 10' pole | Crowbar (standard) | Bâton de marche / Walking Staff | Simple Breastplate | Pike,Backpack (medium leather) | Tent 2-man leather | Sleeping furs (light) | Blanket (heavy) | Field rations (basic) x7 | Waterskin (1 gal) x2 | Canteen (1 pt) | Lantern (hooded) | Rope (standard 50') | Hammer + 10 pitons | Flint & steel | Tinderbox | Cloak (wool hooded) | Boots (normal leather) | Gloves (leather) | Hat (leather) | Courser,-2.0,NO,None,,2,-1,-4,-1,11,170.8,74.8,0,4,-1,-8,-1,5,3,2,-3,-4,Aucun,2026-05-28 13:35:34
CH-00225,Half-elf,Wood Half-elf,Waterdeep,Major Port City,Groupe1_Cote_des_Epees,,Urban Stealth & Shadowing | Disguise & Impersonation | Sleight of Hand & Cheating | Criminal Organizations & Syndicates | Disguise & Impersonation,Major Cities & Regions | Fey & Feywild Knowledge | Spellplague & Its Aftermath | Court Etiquette & Protocol,Candle & Soap Making,Illuskan | Elfique,Elfique | Illuskan | Thorass,5094,293.4,universal_standard,2,Comfortable,Reinforced Gambeson | Bec de Corbin | Tassets,1550.0,3544,Belt (leather) + Belt pouch (large) | Map case + blank regional map | Lamp oil (flacon) x3 | Grappling hook | 10' pole | Crowbar (standard) | Bâton de marche / Walking Staff | Reinforced Gambeson | Bec de Corbin | Tassets,Backpack (medium leather) | Tent 2-man leather | Sleeping furs (light) | Blanket (heavy) | Field rations (basic) x7 | Waterskin (1 gal) x2 | Canteen (1 pt) | Lantern (hooded) | Rope (standard 50') | Hammer + 10 pitons | Flint & steel | Tinderbox | Cloak (wool hooded) | Boots (normal leather) | Gloves (leather) | Hat (leather),1.53,NO,None,,-6,-2,3,0,5,165.3,54.6,-1,0,1,6,1,-7,4,5,6,3,Méditation + Immunité sommeil + VN (N1),2026-05-28 13:35:34
CH-00226,Dwarf,Shield Dwarf,Citadel Adbar,Dwarven Fortress,Groupe6_Bloc_Nain,Underground Navigation,Noble Houses & Court Intrigue | Urban Stealth & Shadowing | Urban Stealth & Shadowing | City Secrets & Hidden Routes | Urban Observation and Tailing,"Spellplague & Its Aftermath | Political Currents & Rivalries | History of the Realms | Cosmology (Weave, Shadow Weave)",Cabinetmaking & Marquetry | Dyeing & Textile Coloring,Nain,Géant | Nain | Thorass,1122,293.4,universal_standard,1,Modest,Close Helmet (Maximilian) | Buckler,870.0,252,Belt (leather) + Belt pouch (large) | Map case + blank regional map | Lamp oil (flacon) x3 | Grappling hook | 10' pole | Crowbar (standard) | Bâton de marche / Walking Staff | Close Helmet (Maximilian) | Buckler,Backpack (medium leather) | Tent 2-man leather | Sleeping furs (light) | Blanket (heavy) | Field rations (basic) x7 | Waterskin (1 gal) x2 | Canteen (1 pt) | Lantern (hooded) | Rope (standard 50') | Hammer + 10 pitons | Flint & steel | Tinderbox | Cloak (wool hooded) | Boots (normal leather) | Gloves (leather) | Hat (leather),1.82,NO,None,,4,-2,-2,-7,16,137.6,78.9,-4,-1,-1,-10,2,-2,-3,-8,-8,-5,Vision dans le noir + Robustesse naine,2026-05-28 13:35:34
CH-00227,Half-orc,Half-Orc,Hordelands (The Endless Wastes),Nomad Camp,Groupe3_Coeur_Continental,Mountain Endurance | Weather Reading | Forced March Endurance | Open Land Navigation | Plains Tracking,,Orc & Goblinoid Culture | Local Folklore & Legends | History of Magic,Accounting & Estate Management,Illuskan,Goblin | Illuskan | Orc,457,293.4,universal_standard,0,None,Parma,280.0,177,Belt (leather) + Belt pouch (large) | Map case + blank regional map | Lamp oil (flacon) x3 | Grappling hook | 10' pole | Crowbar (standard) | Bâton de marche / Walking Staff | Parma,Backpack (medium leather) | Tent 2-man leather | Sleeping furs (light) | Blanket (heavy) | Field rations (basic) x7 | Waterskin (1 gal) x2 | Canteen (1 pt) | Lantern (hooded) | Rope (standard 50') | Hammer + 10 pitons | Flint & steel | Tinderbox | Cloak (wool hooded) | Boots (normal leather) | Gloves (leather) | Hat (leather),13.12,NO,None,,7,1,-6,-2,11,168.9,97.4,0,0,0,-8,-3,0,-1,-5,-8,-3,Force brutale + Vision dans le noir N1,2026-05-28 13:35:34
CH-00228,Human,Sossrim,The Cold Lands,Isolated Hamlet,Groupe3_Coeur_Continental,Technical Rock Climbing | Confined Space Stealth | Arctic Hunting | Snow and Ice Shelter Building | Mountain Endurance | Extreme Cold Resistance,Urban Observation and Tailing,"Lost Kingdoms & Cities | Spellplague & Its Aftermath | Religious Cults & Orders | Cosmology (Weave, Shadow Weave)",Navigation (Land & Sea),Reghed | Sossrim,Reghed | Sossrim,411,293.4,universal_standard,0,None,Buckler,220.0,191,Belt (leather) + Belt pouch (large) | Map case + blank regional map | Lamp oil (flacon) x3 | Grappling hook | 10' pole | Crowbar (standard) | Bâton de marche / Walking Staff | Buckler,Backpack (medium leather) | Tent 2-man leather | Sleeping furs (light) | Blanket (heavy) | Field rations (basic) x7 | Waterskin (1 gal) x2 | Canteen (1 pt) | Lantern (hooded) | Rope (standard 50') | Hammer + 10 pitons | Flint & steel | Tinderbox | Cloak (wool hooded) | Boots (normal leather) | Gloves (leather) | Hat (leather),-3.62,YES,Sauvage,Magie Noire,-1,-1,-2,0,0,181.9,74.8,1,-2,-2,2,-2,2,2,-1,-1,-2,Aucun,2026-05-28 13:35:34
CH-00229,Dwarf,Shield Dwarf,Ironmaster,Dwarven Fortress,Groupe3_Coeur_Continental,Technical Rock Climbing | Forced March Endurance | Mountain Endurance,Sleight of Hand & Cheating | City Secrets & Hidden Routes | Sleight of Hand & Cheating | Information Brokerage | Urban Stealth & Shadowing,"Nobility & Heraldry | Cosmology (Weave, Shadow Weave) | Local Folklore & Legends | History of Magic",Papermaking & Ink Making,Thorass | Nain,Illuskan | Nain | Thorass,973,293.4,universal_standard,1,Modest,Lockpicks (poor) | Haubergeon / Collerette,756.0,217,Belt (leather) + Belt pouch (large) | Map case + blank regional map | Lamp oil (flacon) x3 | Grappling hook | 10' pole | Crowbar (standard) | Bâton de marche / Walking Staff | Lockpicks (poor) | Haubergeon / Collerette,Backpack (medium leather) | Tent 2-man leather | Sleeping furs (light) | Blanket (heavy) | Field rations (basic) x7 | Waterskin (1 gal) x2 | Canteen (1 pt) | Lantern (hooded) | Rope (standard 50') | Hammer + 10 pitons | Flint & steel | Tinderbox | Cloak (wool hooded) | Boots (normal leather) | Gloves (leather) | Hat (leather),-9.56,YES,Théurgique,Magie Blanche,-2,-4,-4,-9,2,120.5,57.5,-7,-3,0,-2,-3,4,3,-3,-2,-1,Vision dans le noir + Robustesse naine,2026-05-28 13:35:34
CH-00230,Human,Chondathan,Sword Coast,Major Port City,Groupe1_Cote_des_Epees,Advanced Tracking | Open Land Navigation | Plains Tracking,Urban Observation and Tailing | Streetwise (Urban Underworld) | Forgery of Documents & Seals | Sleight of Hand & Cheating | Criminal Organizations & Syndicates,Political Currents & Rivalries | Trade Routes & Commerce | Geography of Faerûn | History of Imaskar,Stone & Wood Carving | Smithing & Metallurgy | Accounting & Estate Management,Thorass | Chondathan,Chondathan | Tethyrian | Thorass,1865,293.4,universal_standard,2,Comfortable,Partisan | Arming Sword | Rapier,1770.0,95,Belt (leather) + Belt pouch (large) | Map case + blank regional map | Lamp oil (flacon) x3 | Grappling hook | 10' pole | Crowbar (standard) | Bâton de marche / Walking Staff | Partisan | Arming Sword | Rapier,Backpack (medium leather) | Tent 2-man leather | Sleeping furs (light) | Blanket (heavy) | Field rations (basic) x7 | Waterskin (1 gal) x2 | Canteen (1 pt) | Lantern (hooded) | Rope (standard 50') | Hammer + 10 pitons | Flint & steel | Tinderbox | Cloak (wool hooded) | Boots (normal leather) | Gloves (leather) | Hat (leather),28.57,NO,None,,3,4,3,6,-3,183.5,74.8,2,3,8,5,0,5,0,5,4,9,Aucun,2026-05-28 13:35:34
CH-00231,Human,Tethyrian,Western Heartlands,Small Town,Groupe3_Coeur_Continental,Forest Stealth,Criminal Organizations & Syndicates | Heraldry & Lineage Recognition | Information Brokerage | Urban Observation and Tailing,Laws & Customs of Nations | Orc & Goblinoid Culture | Major Cities & Regions,Accounting & Estate Management | Jewelry & Goldsmithing | Leatherworking & Tanning,Elfique,Chondathan | Cormyrian | Elfique | Tethyrian,1376,293.4,universal_standard,2,Comfortable,Composite Crossbow | Quiver,1165.0,211,Belt (leather) + Belt pouch (large) | Map case + blank regional map | Lamp oil (flacon) x3 | Grappling hook | 10' pole | Crowbar (standard) | Bâton de marche / Walking Staff | Composite Crossbow | Quiver,Backpack (medium leather) | Tent 2-man leather | Sleeping furs (light) | Blanket (heavy) | Field rations (basic) x7 | Waterskin (1 gal) x2 | Canteen (1 pt) | Lantern (hooded) | Rope (standard 50') | Hammer + 10 pitons | Flint & steel | Tinderbox | Cloak (wool hooded) | Boots (normal leather) | Gloves (leather) | Hat (leather),-4.64,YES,Théurgique,Magie Blanche,-1,-1,-4,0,6,188.6,74.8,2,3,-6,-3,-1,4,-9,1,0,-7,Aucun,2026-05-28 13:35:34
CH-00232,Human,Calishite,Calimshan,Major Port City,Groupe2_Sud_Marchand,Wild Plant Foraging,Lockpicking and Trap Disarming | Guild Knowledge & Politics | Smuggling Networks,Nobility & Heraldry | Religious Cults & Orders | Halfling Culture | Trade Routes & Commerce,Fireworks Making | Calligraphy & Illumination | Shipbuilding,Calishite | Halruaan,Calishite | Halruaan,3778,293.4,universal_standard,2,Comfortable,Main-gauche | Cutlass | Bevor | Buckler,1300.0,2478,Belt (leather) + Belt pouch (large) | Map case + blank regional map | Lamp oil (flacon) x3 | Grappling hook | 10' pole | Crowbar (standard) | Bâton de marche / Walking Staff | Main-gauche | Cutlass | Bevor | Buckler,Backpack (medium leather) | Tent 2-man leather | Sleeping furs (light) | Blanket (heavy) | Field rations (basic) x7 | Waterskin (1 gal) x2 | Canteen (1 pt) | Lantern (hooded) | Rope (standard 50') | Hammer + 10 pitons | Flint & steel | Tinderbox | Cloak (wool hooded) | Boots (normal leather) | Gloves (leather) | Hat (leather),-1.52,NO,None,,2,-1,-3,-1,13,186.7,87.7,2,-2,-4,-2,-1,1,1,-3,-5,-5,Aucun,2026-05-28 13:35:34
CH-00233,Half-elf,Moon Half-elf,Waterdeep,Major Port City,Groupe1_Cote_des_Epees,,Poison Lore & Subtle Application | Disguise & Impersonation | Forgery of Documents & Seals | Black Market Operations | Disguise & Impersonation | Urban Stealth & Shadowing,Major Religions & Deities | History of Netheril | Guilds & Organizations | Major Cities & Regions,Lens Making & Optics,Druidic | Illuskan,Chondathan | Druidic | Elfique | Illuskan,4357,293.4,universal_standard,3,Wealthy,Palfrey | Sidesword | War Hammer (Renaissance) | Sallet ou Armet (classique) | Bevor | Lockpicks (average),2580.0,1777,Belt (leather) + Belt pouch (large) | Map case + blank regional map | Lamp oil (flacon) x3 | Grappling hook | 10' pole | Crowbar (standard) | Bâton de marche / Walking Staff | Sidesword | Sallet ou Armet (classique) | Bevor | Lockpicks (average),Backpack (medium leather) | Tent 2-man leather | Sleeping furs (light) | Blanket (heavy) | Field rations (basic) x7 | Waterskin (1 gal) x2 | Canteen (1 pt) | Lantern (hooded) | Rope (standard 50') | Hammer + 10 pitons | Flint & steel | Tinderbox | Cloak (wool hooded) | Boots (normal leather) | Gloves (leather) | Hat (leather) | Palfrey | War Hammer (Renaissance),-13.97,YES,Arcanique,Magicien,-9,-8,-6,-6,6,159.4,54.6,-1,-8,-4,-6,-3,0,7,-7,-8,-6,Méditation + Immunité sommeil + VN (N1),2026-05-28 13:35:34
CH-00234,Human,Chondathan,Sembia,Small Town,Groupe2_Sud_Marchand,Forced March Endurance,City Secrets & Hidden Routes | Sleight of Hand & Cheating,Geography of Faerûn | Trade Routes & Commerce | Gnomish Culture,Dyeing & Textile Coloring | Herbalism & Potion Brewing | Architecture,Illuskan,Chondathan | Illuskan,3416,293.4,universal_standard,3,Wealthy,Burgonet (Maximilian) | Main-gauche | Pavillion,2645.0,771,Belt (leather) + Belt pouch (large) | Map case + blank regional map | Lamp oil (flacon) x3 | Grappling hook | 10' pole | Crowbar (standard) | Bâton de marche / Walking Staff | Burgonet (Maximilian) | Main-gauche | Pavillion,Backpack (medium leather) | Tent 2-man leather | Sleeping furs (light) | Blanket (heavy) | Field rations (basic) x7 | Waterskin (1 gal) x2 | Canteen (1 pt) | Lantern (hooded) | Rope (standard 50') | Hammer + 10 pitons | Flint & steel | Tinderbox | Cloak (wool hooded) | Boots (normal leather) | Gloves (leather) | Hat (leather),-3.62,YES,Théurgique,Magie Verte,-2,-1,-1,0,3,169.4,71.0,0,-7,5,4,-3,-1,-6,-7,-4,6,Aucun,2026-05-28 13:35:34
CH-00235,Human,Chondathan,Sembia,Small Town,Groupe2_Sud_Marchand,Weather Reading | Forced March Endurance | Wild Plant Foraging,Disguise & Impersonation | Streetwise (Urban Underworld),"Dragon Lore | Festivals, Calendars & Traditions",Stone & Wood Carving,Illuskan,Chondathan | Illuskan | Turmish,2413,293.4,universal_standard,2,Comfortable,Bill | Close Helmet (Maximilian) | Arming Sword,1995.0,418,Belt (leather) + Belt pouch (large) | Map case + blank regional map | Lamp oil (flacon) x3 | Grappling hook | 10' pole | Crowbar (standard) | Bâton de marche / Walking Staff | Bill | Close Helmet (Maximilian) | Arming Sword,Backpack (medium leather) | Tent 2-man leather | Sleeping furs (light) | Blanket (heavy) | Field rations (basic) x7 | Waterskin (1 gal) x2 | Canteen (1 pt) | Lantern (hooded) | Rope (standard 50') | Hammer + 10 pitons | Flint & steel | Tinderbox | Cloak (wool hooded) | Boots (normal leather) | Gloves (leather) | Hat (leather),-5.78,YES,Théurgique,Magie Blanche,-1,-1,-3,-2,0,163.5,67.4,-1,0,0,-2,-2,0,3,-4,-1,-1,Aucun,2026-05-28 13:35:34
CH-00236,Human,Mulan,Old Empires,Fortified City,Groupe12_Old_Empires,Technical Rock Climbing | Marsh Movement,Streetwise (Urban Underworld) | Urban Observation and Tailing | Criminal Organizations & Syndicates | Urban Stealth & Shadowing,History of the Realms | Major Cities & Regions | Laws & Customs of Nations | History of Magic,Architecture,Infernal | Thorass,Infernal | Mulhorandi | Rashemi,1219,293.4,universal_standard,2,Comfortable,Haubergeon / Collerette | Bevor,1170.0,49,Belt (leather) + Belt pouch (large) | Map case + blank regional map | Lamp oil (flacon) x3 | Grappling hook | 10' pole | Crowbar (standard) | Bâton de marche / Walking Staff | Haubergeon / Collerette | Bevor,Backpack (medium leather) | Tent 2-man leather | Sleeping furs (light) | Blanket (heavy) | Field rations (basic) x7 | Waterskin (1 gal) x2 | Canteen (1 pt) | Lantern (hooded) | Rope (standard 50') | Hammer + 10 pitons | Flint & steel | Tinderbox | Cloak (wool hooded) | Boots (normal leather) | Gloves (leather) | Hat (leather),26.55,NO,None,,6,4,3,2,4,170.7,83.2,0,3,6,1,2,-4,-7,-1,1,6,Aucun,2026-05-28 13:35:34
CH-00237,Human,Rashemi,Aglarond,Forest Village,Groupe4_Vilhon_Est,Advanced Tracking | Marsh Movement | Shelter Construction,,Major Cities & Regions | Dwarven Culture | Fey & Feywild Knowledge,Masonry | Beekeeping,Rashemi,Aglarondan | Rashemi,779,293.4,universal_standard,1,Modest,Bec de Corbin,650.0,129,Belt (leather) + Belt pouch (large) | Map case + blank regional map | Lamp oil (flacon) x3 | Grappling hook | 10' pole | Crowbar (standard) | Bâton de marche / Walking Staff | Bec de Corbin,Backpack (medium leather) | Tent 2-man leather | Sleeping furs (light) | Blanket (heavy) | Field rations (basic) x7 | Waterskin (1 gal) x2 | Canteen (1 pt) | Lantern (hooded) | Rope (standard 50') | Hammer + 10 pitons | Flint & steel | Tinderbox | Cloak (wool hooded) | Boots (normal leather) | Gloves (leather) | Hat (leather),-2.62,YES,Théurgique,Magie Verte,-1,-2,2,-4,2,145.4,67.4,-3,-3,0,-1,3,-4,2,2,-3,-1,Aucun,2026-05-28 13:35:34
CH-00238,Human,Mulan,Unther,Fortified City,Groupe12_Old_Empires,Marsh Disease Resistance | Mountain Endurance,Fences and Buyers Network | Disguise & Impersonation,History of Magic | Laws & Customs of Nations | Court Etiquette & Protocol,Ceramics & Pottery,Untheric,Chessentan | Mulhorandi | Untheric,1244,293.4,universal_standard,0,None,Cloak (lin fin / soie) | Lockpicks (fine),120.0,1124,Belt (leather) + Belt pouch (large) | Map case + blank regional map | Lamp oil (flacon) x3 | Grappling hook | 10' pole | Crowbar (standard) | Bâton de marche / Walking Staff | Lockpicks (fine),Backpack (medium leather) | Tent 2-man leather | Sleeping furs (light) | Blanket (heavy) | Field rations (basic) x7 | Waterskin (1 gal) x2 | Canteen (1 pt) | Lantern (hooded) | Rope (standard 50') | Hammer + 10 pitons | Flint & steel | Tinderbox | Cloak (wool hooded) | Boots (normal leather) | Gloves (leather) | Hat (leather) | Cloak (lin fin / soie),-1.52,NO,None,,-3,-1,2,-1,9,155.0,57.5,-2,2,2,0,2,-7,0,6,3,2,Aucun,2026-05-28 13:35:34
CH-00239,Human,Mulan,Thay,Fortified City,Groupe9_Thay,Wild Plant Foraging | Marsh Disease Resistance,Disguise & Impersonation | Streetwise (Urban Underworld) | Criminal Organizations & Syndicates | City Secrets & Hidden Routes,Major Religions & Deities | History of the Realms | Geography of Faerûn,Stoneworking | Embroidery & Fine Sewing | Cooking (Fine Cuisine),Thayan,Mulhorandi | Thayan,2029,293.4,universal_standard,0,None,Buckler,220.0,1809,Belt (leather) + Belt pouch (large) | Map case + blank regional map | Lamp oil (flacon) x3 | Grappling hook | 10' pole | Crowbar (standard) | Bâton de marche / Walking Staff | Buckler,Backpack (medium leather) | Tent 2-man leather | Sleeping furs (light) | Blanket (heavy) | Field rations (basic) x7 | Waterskin (1 gal) x2 | Canteen (1 pt) | Lantern (hooded) | Rope (standard 50') | Hammer + 10 pitons | Flint & steel | Tinderbox | Cloak (wool hooded) | Boots (normal leather) | Gloves (leather) | Hat (leather),-0.6,NO,None,,-4,-2,3,-1,8,169.5,63.9,0,-3,-1,5,2,-5,4,4,1,0,Aucun,2026-05-28 13:35:34
CH-00240,Other,Goblin,Underdark,Logging Camp,Groupe14_Underdark,Confined Space Stealth | Underground Navigation | Mountain Endurance,Disguise & Impersonation,History of Magic | Halfling Culture | Major Cities & Regions | Political Currents & Rivalries,Cooking (Fine Cuisine),Goblin,Goblin | Undercommon,791,293.4,universal_standard,0,None,Lockpicks (average) | Boots (normal leather),15.0,776,Belt (leather) + Belt pouch (large) | Map case + blank regional map | Lamp oil (flacon) x3 | Grappling hook | 10' pole | Crowbar (standard) | Bâton de marche / Walking Staff | Lockpicks (average),Backpack (medium leather) | Tent 2-man leather | Sleeping furs (light) | Blanket (heavy) | Field rations (basic) x7 | Waterskin (1 gal) x2 | Canteen (1 pt) | Lantern (hooded) | Rope (standard 50') | Hammer + 10 pitons | Flint & steel | Tinderbox | Cloak (wool hooded) | Boots (normal leather) | Gloves (leather) | Hat (leather) | Boots (normal leather),-3.83,YES,Théurgique,Magie Blanche,-15,-6,4,-2,-7,137.5,30.6,-4,4,2,2,3,-1,3,1,12,2,Furtivité,2026-05-28 13:35:34
CH-00241,Dwarf,Gray Dwarf,Underdark,Mining Camp,Groupe14_Underdark,Mountain Endurance | Hermetic Medicine | Confined Space Stealth,Lockpicking and Trap Disarming | Urban Observation and Tailing,Major Cities & Regions | Fall of Myth Drannor | Magical Schools & Traditions | Nobility & Heraldry,Locksmithing & Mechanisms | Navigation (Land & Sea) | Heraldry & Lineage,Nain,Glifo (Drow) | Nain,1113,293.4,universal_standard,2,Comfortable,Burgonet (Maximilian) | Simple Breastplate,1050.0,63,Belt (leather) + Belt pouch (large) | Map case + blank regional map | Lamp oil (flacon) x3 | Grappling hook | 10' pole | Crowbar (standard) | Bâton de marche / Walking Staff | Burgonet (Maximilian) | Simple Breastplate,Backpack (medium leather) | Tent 2-man leather | Sleeping furs (light) | Blanket (heavy) | Field rations (basic) x7 | Waterskin (1 gal) x2 | Canteen (1 pt) | Lantern (hooded) | Rope (standard 50') | Hammer + 10 pitons | Flint & steel | Tinderbox | Cloak (wool hooded) | Boots (normal leather) | Gloves (leather) | Hat (leather),9.88,NO,None,,1,0,5,-4,3,126.1,57.5,-6,5,7,-4,5,1,3,1,3,5,Invisibilité + Agrandissement,2026-05-28 13:35:34
CH-00242,Elf,Wild Elf,High Forest,Farming Hamlet,Groupe3_Coeur_Continental,Forest Stealth | Advanced Tracking | Marsh Movement,Disguise & Impersonation | Streetwise (Urban Underworld),"Major Cities & Regions | Cosmology (Weave, Shadow Weave) | Laws & Customs of Nations | Major Religions & Deities",Masonry | Carpentry & Woodworking | Accounting & Estate Management,Géant | Thorass,Elfique | Elven High Speech | Géant,567,293.4,universal_standard,1,Modest,"War Hammer | Lancet, bleeding",402.0,165,"Belt (leather) + Belt pouch (large) | Map case + blank regional map | Lamp oil (flacon) x3 | Grappling hook | 10' pole | Crowbar (standard) | Bâton de marche / Walking Staff | Lancet, bleeding",Backpack (medium leather) | Tent 2-man leather | Sleeping furs (light) | Blanket (heavy) | Field rations (basic) x7 | Waterskin (1 gal) x2 | Canteen (1 pt) | Lantern (hooded) | Rope (standard 50') | Hammer + 10 pitons | Flint & steel | Tinderbox | Cloak (wool hooded) | Boots (normal leather) | Gloves (leather) | Hat (leather) | War Hammer,4.7,NO,None,,-4,-2,4,-1,8,175.7,67.4,1,-1,-5,3,4,1,1,5,1,-4,Transe + Immunité sommeil + VN (N2),2026-05-28 13:35:34
CH-00243,Human,Chondathan,Chondath,Small Town,Groupe4_Vilhon_Est,Plains Tracking | Advanced Tracking,Poison Lore & Subtle Application | Guild Knowledge & Politics | City Secrets & Hidden Routes,Nobility & Heraldry | Major Cities & Regions | Fey & Feywild Knowledge | Elven Culture,Clockmaking & Complex Mechanisms,Thorass | Chondathan,Chessentan | Chondathan | Thorass,1504,293.4,universal_standard,2,Comfortable,Halberd | Morning Star,1150.0,354,Belt (leather) + Belt pouch (large) | Map case + blank regional map | Lamp oil (flacon) x3 | Grappling hook | 10' pole | Crowbar (standard) | Bâton de marche / Walking Staff | Halberd | Morning Star,Backpack (medium leather) | Tent 2-man leather | Sleeping furs (light) | Blanket (heavy) | Field rations (basic) x7 | Waterskin (1 gal) x2 | Canteen (1 pt) | Lantern (hooded) | Rope (standard 50') | Hammer + 10 pitons | Flint & steel | Tinderbox | Cloak (wool hooded) | Boots (normal leather) | Gloves (leather) | Hat (leather),0.0,NO,None,,1,0,-1,0,14,188.5,83.2,2,1,-3,-3,1,7,-5,5,-3,-4,Aucun,2026-05-28 13:35:34
CH-00244,Human,Tethyrian,Western Heartlands,Rural Village,Groupe3_Coeur_Continental,Open Land Navigation | Advanced Tracking | Forest Stealth | Confined Space Stealth | Wild Plant Foraging,Urban Observation and Tailing,Laws & Customs of Nations | Geography of Faerûn | Gnomish Culture | Aberration Lore,Perfumery & Cosmetics | Smithing & Metallurgy,Illuskan | Tethyrian,Chondathan | Cormyrian | Illuskan | Tethyrian,1166,293.4,universal_standard,0,None,Gourdin / Cudgel | Cloak (wool),69.0,1097,Belt (leather) + Belt pouch (large) | Map case + blank regional map | Lamp oil (flacon) x3 | Grappling hook | 10' pole | Crowbar (standard) | Bâton de marche / Walking Staff | Gourdin / Cudgel,Backpack (medium leather) | Tent 2-man leather | Sleeping furs (light) | Blanket (heavy) | Field rations (basic) x7 | Waterskin (1 gal) x2 | Canteen (1 pt) | Lantern (hooded) | Rope (standard 50') | Hammer + 10 pitons | Flint & steel | Tinderbox | Cloak (wool hooded) | Boots (normal leather) | Gloves (leather) | Hat (leather) | Cloak (wool),0.0,NO,None,,1,0,-1,0,11,173.9,74.8,0,-4,8,-5,0,-3,2,-4,-7,6,Aucun,2026-05-28 13:35:34
CH-00245,Halfling,Lightfoot Halfling,Waterdeep,Large Town,Groupe1_Cote_des_Epees,Wild Plant Foraging | Coastal Survival,Disguise & Impersonation | Poison Lore & Subtle Application | City Secrets & Hidden Routes | Criminal Organizations & Syndicates,History of the Realms | Local Folklore & Legends | Nobility & Heraldry,Sail & Rope Making | Cooking (Fine Cuisine),Chondathan,Chondathan | Elfique,3572,293.4,universal_standard,2,Comfortable,Sallet ou Armet (classique) | Broadsword | Buckler,1320.0,2252,Belt (leather) + Belt pouch (large) | Map case + blank regional map | Lamp oil (flacon) x3 | Grappling hook | 10' pole | Crowbar (standard) | Bâton de marche / Walking Staff | Sallet ou Armet (classique) | Broadsword | Buckler,Backpack (medium leather) | Tent 2-man leather | Sleeping furs (light) | Blanket (heavy) | Field rations (basic) x7 | Waterskin (1 gal) x2 | Canteen (1 pt) | Lantern (hooded) | Rope (standard 50') | Hammer + 10 pitons | Flint & steel | Tinderbox | Cloak (wool hooded) | Boots (normal leather) | Gloves (leather) | Hat (leather),-8.15,YES,Théurgique,Magie Blanche,-17,-7,3,-4,-7,119.1,24.7,-7,5,6,1,2,0,2,6,14,6,Furtivité,2026-05-28 13:35:34
CH-00246,Human,Damaran,Silver Marches (Luruar),Forest Village,Groupe7_Marches_Argent,Mountain Endurance | Total Darkness Navigation | Technical Rock Climbing | Advanced Tracking | Complex Terrain Navigation,Guild Knowledge & Politics | Sleight of Hand & Cheating,"Laws & Customs of Nations | Guilds & Organizations | Geography of Faerûn | Festivals, Calendars & Traditions",Masonry | Candle & Soap Making | Leatherworking & Tanning,Damaran | Illuskan,Damaran | Géant | Illuskan | Nain,694,293.4,universal_standard,1,Modest,"Rouncey | Lancet, bleeding",452.0,242,"Belt (leather) + Belt pouch (large) | Map case + blank regional map | Lamp oil (flacon) x3 | Grappling hook | 10' pole | Crowbar (standard) | Bâton de marche / Walking Staff | Lancet, bleeding",Backpack (medium leather) | Tent 2-man leather | Sleeping furs (light) | Blanket (heavy) | Field rations (basic) x7 | Waterskin (1 gal) x2 | Canteen (1 pt) | Lantern (hooded) | Rope (standard 50') | Hammer + 10 pitons | Flint & steel | Tinderbox | Cloak (wool hooded) | Boots (normal leather) | Gloves (leather) | Hat (leather) | Rouncey,33.83,NO,None,,4,4,7,3,2,173.8,83.2,0,-2,8,6,4,-10,-5,5,0,10,Aucun,2026-05-28 13:35:34
CH-00247,Elf,Wood Elf,High Forest,Forest Village,Groupe3_Coeur_Continental,Advanced Tracking | Wild Plant Foraging | Forest Stealth | Complex Terrain Navigation,Criminal Organizations & Syndicates | Disguise & Impersonation,Cultural Interactions | Genasi & Elemental Peoples | Gnomish Culture | Laws & Customs of Nations,Fireworks Making,Elfique | Druidic,Druidic | Elfique,736,293.4,universal_standard,1,Modest,Maille collerette ou manches,640.0,96,Belt (leather) + Belt pouch (large) | Map case + blank regional map | Lamp oil (flacon) x3 | Grappling hook | 10' pole | Crowbar (standard) | Bâton de marche / Walking Staff | Maille collerette ou manches,Backpack (medium leather) | Tent 2-man leather | Sleeping furs (light) | Blanket (heavy) | Field rations (basic) x7 | Waterskin (1 gal) x2 | Canteen (1 pt) | Lantern (hooded) | Rope (standard 50') | Hammer + 10 pitons | Flint & steel | Tinderbox | Cloak (wool hooded) | Boots (normal leather) | Gloves (leather) | Hat (leather),0.38,NO,None,,-2,-1,1,-1,9,174.0,71.0,0,-2,-3,4,1,-1,2,-1,0,-2,Transe + Immunité sommeil + VN (N2),2026-05-28 13:35:34
CH-00248,Human,Calishite,Calimshan,Smuggler's Port,Groupe2_Sud_Marchand,Desert Thermal Endurance | Open Land Navigation | Desert Water Mastery,Criminal Organizations & Syndicates | Guild Knowledge & Politics,Ruins & Major Archaeological Sites | Religious Cults & Orders | Political Currents & Rivalries,Leatherworking & Tanning,Chondathan,Calishite | Chondathan | Thorass,2901,293.4,universal_standard,3,Wealthy,Rouncey | Palfrey | Courser | Lance | Plate chanfron | Buckler,2315.0,586,Belt (leather) + Belt pouch (large) | Map case + blank regional map | Lamp oil (flacon) x3 | Grappling hook | 10' pole | Crowbar (standard) | Bâton de marche / Walking Staff | Lance | Plate chanfron | Buckler,Backpack (medium leather) | Tent 2-man leather | Sleeping furs (light) | Blanket (heavy) | Field rations (basic) x7 | Waterskin (1 gal) x2 | Canteen (1 pt) | Lantern (hooded) | Rope (standard 50') | Hammer + 10 pitons | Flint & steel | Tinderbox | Cloak (wool hooded) | Boots (normal leather) | Gloves (leather) | Hat (leather) | Rouncey | Palfrey | Courser,14.18,NO,None,,5,1,3,-1,11,183.0,108.2,2,-8,-3,4,3,-4,0,2,-8,-2,Aucun,2026-05-28 13:35:34
CH-00249,Human,Uthgardt,Le Nord (The North),Logging Camp,Groupe5_Nord_Sauvage,Forest Stealth | Plains Tracking | Advanced Tracking,,History of Imaskar | Religious Cults & Orders | Major Cities & Regions | Halfling Culture,Alchemy (Theory & Practice) | Carpentry & Woodworking | Weapons & Armor Smithing,Illuskan,Illuskan | Uthgardt,686,293.4,universal_standard,0,None,Buckler,220.0,466,Belt (leather) + Belt pouch (large) | Map case + blank regional map | Lamp oil (flacon) x3 | Grappling hook | 10' pole | Crowbar (standard) | Bâton de marche / Walking Staff | Buckler,Backpack (medium leather) | Tent 2-man leather | Sleeping furs (light) | Blanket (heavy) | Field rations (basic) x7 | Waterskin (1 gal) x2 | Canteen (1 pt) | Lantern (hooded) | Rope (standard 50') | Hammer + 10 pitons | Flint & steel | Tinderbox | Cloak (wool hooded) | Boots (normal leather) | Gloves (leather) | Hat (leather),-7.08,YES,Théurgique,Magie Verte,0,-2,-7,-3,1,172.3,78.9,0,-4,-2,-2,-5,3,9,2,-6,-3,Aucun,2026-05-28 13:35:34
CH-00250,Halfling,Ghostwise Halfling,The Shaar,Mining Camp,Groupe3_Coeur_Continental,Wild Plant Foraging | Open Land Navigation | Forest Stealth | Plains Tracking,Streetwise (Urban Underworld) | City Secrets & Hidden Routes,"Festivals, Calendars & Traditions | Local Folklore & Legends | Court Etiquette & Protocol | Political Currents & Rivalries",Smithing & Metallurgy | Ceramics & Pottery | Beekeeping,Dambrathan,Chondathan | Dambrathan | Shaaran,803,293.4,universal_standard,1,Modest,"War Hammer | Lancet, bleeding",402.0,401,"Belt (leather) + Belt pouch (large) | Map case + blank regional map | Lamp oil (flacon) x3 | Grappling hook | 10' pole | Crowbar (standard) | Bâton de marche / Walking Staff | Lancet, bleeding",Backpack (medium leather) | Tent 2-man leather | Sleeping furs (light) | Blanket (heavy) | Field rations (basic) x7 | Waterskin (1 gal) x2 | Canteen (1 pt) | Lantern (hooded) | Rope (standard 50') | Hammer + 10 pitons | Flint & steel | Tinderbox | Cloak (wool hooded) | Boots (normal leather) | Gloves (leather) | Hat (leather) | War Hammer,-10.4,YES,Théurgique,Magie Verte,-19,-7,2,-5,-10,117.2,23.5,-8,7,2,6,0,4,5,7,19,4,Télépathie,2026-05-28 13:35:34
CH-00251,Human,Mulan,Mulhorand,Large Town,Groupe8_Mulhorand,Wild Plant Foraging | Desert Water Mastery,City Secrets & Hidden Routes | Forgery of Documents & Seals | Noble Houses & Court Intrigue | Lockpicking and Trap Disarming,Laws & Customs of Nations | History of the Realms | Dwarven Culture,Poison Lore & Application,Mulhorandi,Chessentan | Mulhorandi | Thayan,1266,293.4,universal_standard,1,Modest,Maille collerette ou manches,640.0,626,Belt (leather) + Belt pouch (large) | Map case + blank regional map | Lamp oil (flacon) x3 | Grappling hook | 10' pole | Crowbar (standard) | Bâton de marche / Walking Staff | Maille collerette ou manches,Backpack (medium leather) | Tent 2-man leather | Sleeping furs (light) | Blanket (heavy) | Field rations (basic) x7 | Waterskin (1 gal) x2 | Canteen (1 pt) | Lantern (hooded) | Rope (standard 50') | Hammer + 10 pitons | Flint & steel | Tinderbox | Cloak (wool hooded) | Boots (normal leather) | Gloves (leather) | Hat (leather),12.98,NO,None,,3,3,-1,3,3,181.9,74.8,1,5,5,0,-2,-6,3,12,3,5,Aucun,2026-05-28 13:35:34
CH-00252,Dwarf,Gold Dwarf,Citadel Adbar,Mining Camp,Groupe6_Bloc_Nain,Underground Navigation | Hermetic Medicine | Extreme Cold Resistance,Streetwise (Urban Underworld) | Heraldry & Lineage Recognition,Cultural Interactions | Major Religions & Deities,Shipbuilding,Thorass,Chondathan | Nain | Thorass,841,293.4,universal_standard,1,Modest,Bevor | Maille collerette ou manches,600.0,241,Belt (leather) + Belt pouch (large) | Map case + blank regional map | Lamp oil (flacon) x3 | Grappling hook | 10' pole | Crowbar (standard) | Bâton de marche / Walking Staff | Bevor | Maille collerette ou manches,Backpack (medium leather) | Tent 2-man leather | Sleeping furs (light) | Blanket (heavy) | Field rations (basic) x7 | Waterskin (1 gal) x2 | Canteen (1 pt) | Lantern (hooded) | Rope (standard 50') | Hammer + 10 pitons | Flint & steel | Tinderbox | Cloak (wool hooded) | Boots (normal leather) | Gloves (leather) | Hat (leather),6.85,NO,None,,5,1,-3,-6,3,126.9,74.8,-6,3,0,1,-3,6,6,3,2,0,Vision dans le noir + Robustesse naine,2026-05-28 13:35:34
CH-00253,Human,Imaskari,Unther,Large Town,Groupe12_Old_Empires,Hermetic Medicine | Underground Navigation | Mountain Endurance,Urban Stealth & Shadowing | Information Brokerage,Laws & Customs of Nations | History of Netheril,Viticulture & Winemaking | Shipbuilding,None,Chessentan | Mulhorandi | Untheric,1495,293.4,universal_standard,2,Comfortable,Burgonet (Maximilian) | Buckler,1320.0,175,Belt (leather) + Belt pouch (large) | Map case + blank regional map | Lamp oil (flacon) x3 | Grappling hook | 10' pole | Crowbar (standard) | Bâton de marche / Walking Staff | Burgonet (Maximilian) | Buckler,Backpack (medium leather) | Tent 2-man leather | Sleeping furs (light) | Blanket (heavy) | Field rations (basic) x7 | Waterskin (1 gal) x2 | Canteen (1 pt) | Lantern (hooded) | Rope (standard 50') | Hammer + 10 pitons | Flint & steel | Tinderbox | Cloak (wool hooded) | Boots (normal leather) | Gloves (leather) | Hat (leather),16.93,NO,None,,1,1,6,2,5,185.2,78.9,2,-1,1,4,5,5,-2,2,0,2,Aucun,2026-05-28 13:35:34
CH-00254,Human,Chondathan,The Dalelands,Rural Village,Groupe3_Coeur_Continental,Complex Terrain Navigation | Forest Stealth | Advanced Tracking,Fences and Buyers Network,Astronomy & Star Navigation | Spellplague & Its Aftermath | Fey & Feywild Knowledge,Leatherworking & Tanning | Architecture,Chondathan,Chondathan,1146,293.4,universal_standard,1,Modest,Simple Breastplate,500.0,646,Belt (leather) + Belt pouch (large) | Map case + blank regional map | Lamp oil (flacon) x3 | Grappling hook | 10' pole | Crowbar (standard) | Bâton de marche / Walking Staff | Simple Breastplate,Backpack (medium leather) | Tent 2-man leather | Sleeping furs (light) | Blanket (heavy) | Field rations (basic) x7 | Waterskin (1 gal) x2 | Canteen (1 pt) | Lantern (hooded) | Rope (standard 50') | Hammer + 10 pitons | Flint & steel | Tinderbox | Cloak (wool hooded) | Boots (normal leather) | Gloves (leather) | Hat (leather),0.0,NO,None,,-1,1,-1,1,1,165.0,60.6,-1,10,-1,2,-1,9,8,8,10,-1,Aucun,2026-05-28 13:35:34
CH-00255,Human,Arkaiun,Sembia,Small Town,Groupe2_Sud_Marchand,Plains Tracking | Weather Reading | Wild Plant Foraging | Advanced Tracking,Criminal Organizations & Syndicates | Sleight of Hand & Cheating | Smuggling Networks | Streetwise (Urban Underworld),Secret Organizations | Divine Myths & Legends | Lost Kingdoms & Cities,Smithing & Metallurgy,Arkaiun,Arkaiun | Chondathan | Dambrathan,2864,293.4,universal_standard,2,Comfortable,Burgonet (Maximilian) | Military Fork | Cuisses (renforcées),1815.0,1049,Belt (leather) + Belt pouch (large) | Map case + blank regional map | Lamp oil (flacon) x3 | Grappling hook | 10' pole | Crowbar (standard) | Bâton de marche / Walking Staff | Burgonet (Maximilian) | Military Fork | Cuisses (renforcées),Backpack (medium leather) | Tent 2-man leather | Sleeping furs (light) | Blanket (heavy) | Field rations (basic) x7 | Waterskin (1 gal) x2 | Canteen (1 pt) | Lantern (hooded) | Rope (standard 50') | Hammer + 10 pitons | Flint & steel | Tinderbox | Cloak (wool hooded) | Boots (normal leather) | Gloves (leather) | Hat (leather),0.0,NO,None,,1,-1,1,-1,13,190.1,87.7,2,-2,-5,-2,3,2,0,-2,-5,-6,Aucun,2026-05-28 13:35:34
CH-00256,Dwarf,Gold Dwarf,Great Rift,Dwarven Fortress,Groupe6_Bloc_Nain,Complex Terrain Navigation | Technical Rock Climbing,City Secrets & Hidden Routes | Information Brokerage | Black Market Operations | Lockpicking and Trap Disarming,Local Folklore & Legends | History of the Realms | Dwarven Culture | Major Cities & Regions,Accounting & Estate Management | Masonry | Smithing & Metallurgy,Chondathan | Nain,Chondathan | Nain,1051,293.4,universal_standard,1,Modest,Maul | Buckler,670.0,381,Belt (leather) + Belt pouch (large) | Map case + blank regional map | Lamp oil (flacon) x3 | Grappling hook | 10' pole | Crowbar (standard) | Bâton de marche / Walking Staff | Maul | Buckler,Backpack (medium leather) | Tent 2-man leather | Sleeping furs (light) | Blanket (heavy) | Field rations (basic) x7 | Waterskin (1 gal) x2 | Canteen (1 pt) | Lantern (hooded) | Rope (standard 50') | Hammer + 10 pitons | Flint & steel | Tinderbox | Cloak (wool hooded) | Boots (normal leather) | Gloves (leather) | Hat (leather),23.22,NO,None,,9,2,0,-5,4,134.9,92.4,-5,3,-1,-2,1,2,1,0,-2,-2,Vision dans le noir + Robustesse naine,2026-05-28 13:35:34
CH-00257,Human,Tethyrian,Baldur's Gate,Large Town,Groupe1_Cote_des_Epees,Coastal Survival | Littoral Foraging,Noble Houses & Court Intrigue | Fences and Buyers Network | Lockpicking and Trap Disarming,Halfling Culture | Political Currents & Rivalries | Major Cities & Regions | Local Folklore & Legends,Jewelry & Goldsmithing,Chondathan | Thorass,Chondathan | Elfique | Elven High Speech,2596,293.4,universal_standard,1,Modest,Rapier,800.0,1796,Belt (leather) + Belt pouch (large) | Map case + blank regional map | Lamp oil (flacon) x3 | Grappling hook | 10' pole | Crowbar (standard) | Bâton de marche / Walking Staff | Rapier,Backpack (medium leather) | Tent 2-man leather | Sleeping furs (light) | Blanket (heavy) | Field rations (basic) x7 | Waterskin (1 gal) x2 | Canteen (1 pt) | Lantern (hooded) | Rope (standard 50') | Hammer + 10 pitons | Flint & steel | Tinderbox | Cloak (wool hooded) | Boots (normal leather) | Gloves (leather) | Hat (leather),12.24,NO,None,,2,0,4,2,6,185.1,83.2,2,-5,5,-2,4,-3,8,5,-7,4,Aucun,2026-05-28 13:35:34
CH-00258,Human,Turami,Dragon Coast,Major Port City,Groupe3_Coeur_Continental,,Urban Stealth & Shadowing | Disguise & Impersonation | Smuggling Networks | Guild Knowledge & Politics | Black Market Operations,Political Currents & Rivalries | Trade Routes & Commerce | Guilds & Organizations,Cooking (Fine Cuisine) | Embroidery & Fine Sewing | Brewing & Distilling,Turami,Chondathan | Thorass | Turami,1684,293.4,universal_standard,1,Modest,Kite shield | Lance | Buckler,600.0,1084,Belt (leather) + Belt pouch (large) | Map case + blank regional map | Lamp oil (flacon) x3 | Grappling hook | 10' pole | Crowbar (standard) | Bâton de marche / Walking Staff | Kite shield | Lance | Buckler,Backpack (medium leather) | Tent 2-man leather | Sleeping furs (light) | Blanket (heavy) | Field rations (basic) x7 | Waterskin (1 gal) x2 | Canteen (1 pt) | Lantern (hooded) | Rope (standard 50') | Hammer + 10 pitons | Flint & steel | Tinderbox | Cloak (wool hooded) | Boots (normal leather) | Gloves (leather) | Hat (leather),30.4,NO,None,,5,4,4,4,-5,167.7,74.8,0,7,6,3,2,-8,6,7,6,7,Aucun,2026-05-28 13:35:34
CH-00259,Half-elf,Wood Half-elf,Silver Marches (Luruar),Isolated Hamlet,Groupe7_Marches_Argent,Mountain Endurance | Forest Stealth | Wild Plant Foraging | Complex Terrain Navigation | Advanced Tracking,Heraldry & Lineage Recognition | Streetwise (Urban Underworld),Spellplague & Its Aftermath | Nobility & Heraldry | Religious Cults & Orders | Fey & Feywild Knowledge,Weapons & Armor Smithing | Architecture,Chondathan | Illuskan,Chondathan | Géant | Illuskan,559,293.4,universal_standard,1,Modest,Plackart,400.0,159,Belt (leather) + Belt pouch (large) | Map case + blank regional map | Lamp oil (flacon) x3 | Grappling hook | 10' pole | Crowbar (standard) | Bâton de marche / Walking Staff | Plackart,Backpack (medium leather) | Tent 2-man leather | Sleeping furs (light) | Blanket (heavy) | Field rations (basic) x7 | Waterskin (1 gal) x2 | Canteen (1 pt) | Lantern (hooded) | Rope (standard 50') | Hammer + 10 pitons | Flint & steel | Tinderbox | Cloak (wool hooded) | Boots (normal leather) | Gloves (leather) | Hat (leather),4.02,NO,None,,-2,1,0,2,4,168.0,60.6,0,3,4,4,-2,-5,2,-1,6,5,Méditation + Immunité sommeil + VN (N1),2026-05-28 13:35:34
CH-00260,Human,Damaran,The Cold Lands,Remote Trading Post,Groupe3_Coeur_Continental,Snow and Ice Shelter Building | Complex Terrain Navigation | Technical Rock Climbing | Extreme Cold Resistance | Mountain Endurance,Lockpicking and Trap Disarming,Laws & Customs of Nations | Fall of Myth Drannor | Guilds & Organizations | Ruins & Major Archaeological Sites,Perfumery & Cosmetics | Weaving & Spinning | Dyeing & Textile Coloring,Reghed | Géant,Damaran | Géant | Illuskan | Reghed,597,293.4,universal_standard,1,Modest,Compass | Lance,340.0,257,Belt (leather) + Belt pouch (large) | Map case + blank regional map | Lamp oil (flacon) x3 | Grappling hook | 10' pole | Crowbar (standard) | Bâton de marche / Walking Staff | Compass | Lance,Backpack (medium leather) | Tent 2-man leather | Sleeping furs (light) | Blanket (heavy) | Field rations (basic) x7 | Waterskin (1 gal) x2 | Canteen (1 pt) | Lantern (hooded) | Rope (standard 50') | Hammer + 10 pitons | Flint & steel | Tinderbox | Cloak (wool hooded) | Boots (normal leather) | Gloves (leather) | Hat (leather),4.28,NO,None,,2,0,2,-1,7,178.6,83.2,1,2,-4,-1,4,2,8,1,-1,-5,Aucun,2026-05-28 13:35:34
CH-00261,Dwarf,Shield Dwarf,Ironmaster,Mining Camp,Groupe3_Coeur_Continental,Marsh Movement | Underground Navigation | Total Darkness Navigation | Technical Rock Climbing | Mountain Endurance,City Secrets & Hidden Routes,Legendary Artifacts & Relics | Guilds & Organizations | Laws & Customs of Nations | Ruins & Major Archaeological Sites,Cartography,Nain,Nain | Thorass,859,293.4,universal_standard,1,Modest,Cutlass,720.0,139,Belt (leather) + Belt pouch (large) | Map case + blank regional map | Lamp oil (flacon) x3 | Grappling hook | 10' pole | Crowbar (standard) | Bâton de marche / Walking Staff | Cutlass,Backpack (medium leather) | Tent 2-man leather | Sleeping furs (light) | Blanket (heavy) | Field rations (basic) x7 | Waterskin (1 gal) x2 | Canteen (1 pt) | Lantern (hooded) | Rope (standard 50') | Hammer + 10 pitons | Flint & steel | Tinderbox | Cloak (wool hooded) | Boots (normal leather) | Gloves (leather) | Hat (leather),15.31,NO,None,,6,3,-1,-4,3,145.0,92.4,-3,2,-8,10,-2,10,1,3,5,-5,Vision dans le noir + Robustesse naine,2026-05-28 13:35:34
CH-00262,Human,Chondathan,Sword Coast,Major Port City,Groupe1_Cote_des_Epees,,City Secrets & Hidden Routes | Streetwise (Urban Underworld) | Streetwise (Urban Underworld) | Lockpicking and Trap Disarming | Poison Lore & Subtle Application,Fey & Feywild Knowledge | Weave Theory | Ruins & Major Archaeological Sites | Orc & Goblinoid Culture,Preservation & Salting | Navigation (Land & Sea) | Cooking (Fine Cuisine),Chondathan,Chondathan | Illuskan,1815,293.4,universal_standard,2,Comfortable,Close Helmet (Maximilian) | Composite Crossbow | Quiver,1440.0,375,Belt (leather) + Belt pouch (large) | Map case + blank regional map | Lamp oil (flacon) x3 | Grappling hook | 10' pole | Crowbar (standard) | Bâton de marche / Walking Staff | Close Helmet (Maximilian) | Composite Crossbow | Quiver,Backpack (medium leather) | Tent 2-man leather | Sleeping furs (light) | Blanket (heavy) | Field rations (basic) x7 | Waterskin (1 gal) x2 | Canteen (1 pt) | Lantern (hooded) | Rope (standard 50') | Hammer + 10 pitons | Flint & steel | Tinderbox | Cloak (wool hooded) | Boots (normal leather) | Gloves (leather) | Hat (leather),2.19,NO,None,,-5,0,2,2,4,172.7,57.5,0,1,2,7,0,6,1,8,7,4,Aucun,2026-05-28 13:35:34
CH-00263,Human,Nar,Damara,Isolated Farmstead,Groupe5_Nord_Sauvage,Mountain Endurance | Forest Stealth | Plains Tracking,,Dwarven Culture | Orc & Goblinoid Culture | History of the Realms | Court Etiquette & Protocol,Smithing & Metallurgy | Architecture,Thorass | Damaran,Chondathan | Damaran | Thorass,969,293.4,universal_standard,1,Modest,Ranseur,750.0,219,Belt (leather) + Belt pouch (large) | Map case + blank regional map | Lamp oil (flacon) x3 | Grappling hook | 10' pole | Crowbar (standard) | Bâton de marche / Walking Staff | Ranseur,Backpack (medium leather) | Tent 2-man leather | Sleeping furs (light) | Blanket (heavy) | Field rations (basic) x7 | Waterskin (1 gal) x2 | Canteen (1 pt) | Lantern (hooded) | Rope (standard 50') | Hammer + 10 pitons | Flint & steel | Tinderbox | Cloak (wool hooded) | Boots (normal leather) | Gloves (leather) | Hat (leather),-11.02,YES,Arcanique,Magicien,-1,-4,-8,-5,9,175.4,83.2,1,-4,-8,-7,-4,8,0,0,-9,-11,Aucun,2026-05-28 13:35:34
CH-00264,Human,Chondathan,The Dalelands,Logging Camp,Groupe3_Coeur_Continental,Open Land Navigation | Plains Tracking | Advanced Tracking | Wild Plant Foraging,Disguise & Impersonation | Disguise & Impersonation,Major Cities & Regions | Geography of Faerûn | Dragon Lore | History of Imaskar,Beekeeping | Cartography | Animal Husbandry & Training,Sembian,Chondathan | Sembian,896,293.4,universal_standard,0,None,"Lancet, bleeding",2.0,894,"Belt (leather) + Belt pouch (large) | Map case + blank regional map | Lamp oil (flacon) x3 | Grappling hook | 10' pole | Crowbar (standard) | Bâton de marche / Walking Staff | Lancet, bleeding",Backpack (medium leather) | Tent 2-man leather | Sleeping furs (light) | Blanket (heavy) | Field rations (basic) x7 | Waterskin (1 gal) x2 | Canteen (1 pt) | Lantern (hooded) | Rope (standard 50') | Hammer + 10 pitons | Flint & steel | Tinderbox | Cloak (wool hooded) | Boots (normal leather) | Gloves (leather) | Hat (leather),-9.31,YES,Théurgique,Magie Blanche,-6,-4,-1,-3,1,155.0,57.5,-2,-7,1,5,-2,-1,2,-2,-1,2,Aucun,2026-05-28 13:35:34
CH-00265,Human,Illuskan,Icewind Dale,Remote Trading Post,Groupe5_Nord_Sauvage,Battlefield Riding | Storm and Seasickness Mastery | Trapping and Snaring | Oceanic Navigation | Advanced Tracking | Deep-Sea Fishing,Smuggling Networks,Lost Kingdoms & Cities | Magical Schools & Traditions,Architecture | Cabinetmaking & Marquetry,None,Illuskan | Northlander | Reghed,494,293.4,universal_standard,0,None,"Lancet, bleeding",2.0,492,"Belt (leather) + Belt pouch (large) | Map case + blank regional map | Lamp oil (flacon) x3 | Grappling hook | 10' pole | Crowbar (standard) | Bâton de marche / Walking Staff | Lancet, bleeding",Backpack (medium leather) | Tent 2-man leather | Sleeping furs (light) | Blanket (heavy) | Field rations (basic) x7 | Waterskin (1 gal) x2 | Canteen (1 pt) | Lantern (hooded) | Rope (standard 50') | Hammer + 10 pitons | Flint & steel | Tinderbox | Cloak (wool hooded) | Boots (normal leather) | Gloves (leather) | Hat (leather),5.96,NO,None,,4,0,-1,0,11,180.0,92.4,1,-10,9,-7,0,-2,6,-12,-15,6,Aucun,2026-05-28 13:35:34
CH-00266,Human,Chondathan,Vilhon Reach,Major Port City,Groupe4_Vilhon_Est,Open Land Navigation,Black Market Operations | Urban Observation and Tailing | Disguise & Impersonation | Poison Lore & Subtle Application,Legendary Artifacts & Relics | Aberration Lore | Fey & Feywild Knowledge | Court Etiquette & Protocol,Preservation & Salting | Navigation (Land & Sea) | Weapons & Armor Smithing,Chondathan | Thorass,Chondathan,2758,293.4,universal_standard,2,Comfortable,Composite Crossbow | Rouncey | Buckler | Quiver,1460.0,1298,Belt (leather) + Belt pouch (large) | Map case + blank regional map | Lamp oil (flacon) x3 | Grappling hook | 10' pole | Crowbar (standard) | Bâton de marche / Walking Staff | Composite Crossbow | Buckler | Quiver,Backpack (medium leather) | Tent 2-man leather | Sleeping furs (light) | Blanket (heavy) | Field rations (basic) x7 | Waterskin (1 gal) x2 | Canteen (1 pt) | Lantern (hooded) | Rope (standard 50') | Hammer + 10 pitons | Flint & steel | Tinderbox | Cloak (wool hooded) | Boots (normal leather) | Gloves (leather) | Hat (leather) | Rouncey,-5.09,YES,Arcanique,Magicien,-1,-1,-5,0,3,185.2,78.9,2,-3,-2,-1,-4,-1,1,-2,-4,-3,Aucun,2026-05-28 13:35:34
CH-00267,Human,Turami,Turmish,Isolated Farmstead,Groupe2_Sud_Marchand,Littoral Foraging | Complex Terrain Navigation | Technical Rock Climbing | Mountain Endurance,Heraldry & Lineage Recognition,Major Cities & Regions | Trade Routes & Commerce | Dragon Lore,Cooking (Fine Cuisine) | Stoneworking,Chondathan,Chondathan,1472,293.4,universal_standard,1,Modest,Military Fork | Kettle hat,760.0,712,Belt (leather) + Belt pouch (large) | Map case + blank regional map | Lamp oil (flacon) x3 | Grappling hook | 10' pole | Crowbar (standard) | Bâton de marche / Walking Staff | Military Fork,Backpack (medium leather) | Tent 2-man leather | Sleeping furs (light) | Blanket (heavy) | Field rations (basic) x7 | Waterskin (1 gal) x2 | Canteen (1 pt) | Lantern (hooded) | Rope (standard 50') | Hammer + 10 pitons | Flint & steel | Tinderbox | Cloak (wool hooded) | Boots (normal leather) | Gloves (leather) | Hat (leather) | Kettle hat,3.66,NO,None,,3,2,-4,-1,11,173.7,87.7,0,0,-3,4,-4,-4,-3,0,0,-2,Aucun,2026-05-28 13:35:34
CH-00268,Human,Chondathan,Chondath,Large Town,Groupe4_Vilhon_Est,Coastal Survival | Advanced Tracking,Criminal Organizations & Syndicates | Streetwise (Urban Underworld),"Laws & Customs of Nations | Ancient Realms (Netheril, Imaskar...) | Guilds & Organizations | Divine Myths & Legends",Leatherworking & Tanning,Chondathan | Thorass,Chondathan | Thorass,2038,293.4,universal_standard,0,None,"Lancet, bleeding",2.0,2036,"Belt (leather) + Belt pouch (large) | Map case + blank regional map | Lamp oil (flacon) x3 | Grappling hook | 10' pole | Crowbar (standard) | Bâton de marche / Walking Staff | Lancet, bleeding",Backpack (medium leather) | Tent 2-man leather | Sleeping furs (light) | Blanket (heavy) | Field rations (basic) x7 | Waterskin (1 gal) x2 | Canteen (1 pt) | Lantern (hooded) | Rope (standard 50') | Hammer + 10 pitons | Flint & steel | Tinderbox | Cloak (wool hooded) | Boots (normal leather) | Gloves (leather) | Hat (leather),-5.24,YES,Sauvage,Magie Bleue,-2,-1,-2,-1,1,162.0,67.4,-1,-1,0,2,-2,-4,0,2,0,0,Aucun,2026-05-28 13:35:34
CH-00269,Human,Calishite,Calimshan,Smuggler's Port,Groupe2_Sud_Marchand,Wild Plant Foraging | Open Land Navigation | Desert Thermal Endurance | Plains Tracking | Littoral Foraging,Black Market Operations | Sleight of Hand & Cheating,History of Imaskar | Trade Routes & Commerce | Dragon Lore,Carpentry & Woodworking | Embroidery & Fine Sewing | Herbalism & Potion Brewing,Tashalan,Infernal | Mulhorandi | Tashalan,3067,293.4,universal_standard,3,Wealthy,Shamshir | Chain barding | Buckler,2300.0,767,Belt (leather) + Belt pouch (large) | Map case + blank regional map | Lamp oil (flacon) x3 | Grappling hook | 10' pole | Crowbar (standard) | Bâton de marche / Walking Staff | Shamshir | Chain barding | Buckler,Backpack (medium leather) | Tent 2-man leather | Sleeping furs (light) | Blanket (heavy) | Field rations (basic) x7 | Waterskin (1 gal) x2 | Canteen (1 pt) | Lantern (hooded) | Rope (standard 50') | Hammer + 10 pitons | Flint & steel | Tinderbox | Cloak (wool hooded) | Boots (normal leather) | Gloves (leather) | Hat (leather),2.0,NO,None,,1,0,1,0,11,167.7,74.8,0,-3,3,3,0,-3,-5,-2,-2,4,Aucun,2026-05-28 13:35:34
CH-00270,Human,Tethyrian,Amn,Smuggler's Port,Groupe2_Sud_Marchand,Wild Plant Foraging | Advanced Tracking | Forest Stealth,,Religious Cults & Orders | Major Cities & Regions | Divine Myths & Legends | Trade Routes & Commerce,Ritual Object Crafting | Cooking (Fine Cuisine) | Glassworking,Chondathan,Chondathan | Cormyrian,1739,293.4,universal_standard,2,Comfortable,Palfrey | Voulge | Coat (leather) | Buckler,1288.0,451,Belt (leather) + Belt pouch (large) | Map case + blank regional map | Lamp oil (flacon) x3 | Grappling hook | 10' pole | Crowbar (standard) | Bâton de marche / Walking Staff | Voulge | Buckler,Backpack (medium leather) | Tent 2-man leather | Sleeping furs (light) | Blanket (heavy) | Field rations (basic) x7 | Waterskin (1 gal) x2 | Canteen (1 pt) | Lantern (hooded) | Rope (standard 50') | Hammer + 10 pitons | Flint & steel | Tinderbox | Cloak (wool hooded) | Boots (normal leather) | Gloves (leather) | Hat (leather) | Palfrey | Coat (leather),7.66,NO,None,,1,1,3,1,6,174.0,71.0,0,2,3,0,3,4,0,9,1,3,Aucun,2026-05-28 13:35:34
CH-00271,Human,Chondathan,Chondath,Forest Village,Groupe4_Vilhon_Est,Plains Tracking | Advanced Tracking | Open Land Navigation,Forgery of Documents & Seals | Urban Stealth & Shadowing,Local Folklore & Legends | Legendary Artifacts & Relics | Geography of Faerûn,Bone & Ivory Carving,Illuskan,Chondathan | Illuskan | Thorass,1299,293.4,universal_standard,1,Modest,Chain crinet | Tent 2-man leather,420.0,879,Belt (leather) + Belt pouch (large) | Map case + blank regional map | Lamp oil (flacon) x3 | Grappling hook | 10' pole | Crowbar (standard) | Bâton de marche / Walking Staff | Chain crinet,Backpack (medium leather) | Tent 2-man leather | Sleeping furs (light) | Blanket (heavy) | Field rations (basic) x7 | Waterskin (1 gal) x2 | Canteen (1 pt) | Lantern (hooded) | Rope (standard 50') | Hammer + 10 pitons | Flint & steel | Tinderbox | Cloak (wool hooded) | Boots (normal leather) | Gloves (leather) | Hat (leather) | Tent 2-man leather,3.04,NO,None,,1,-2,3,-1,13,191.8,87.7,2,-7,0,-5,5,-1,5,-5,-11,-2,Aucun,2026-05-28 13:35:34
CH-00272,Human,Damaran,Damara,Fortified City,Groupe5_Nord_Sauvage,Hermetic Medicine | Extreme Cold Resistance,City Secrets & Hidden Routes | Sleight of Hand & Cheating | Sleight of Hand & Cheating,"Festivals, Calendars & Traditions | Geography of Faerûn | Secret Organizations",Leatherworking & Tanning | Cooking (Fine Cuisine) | Exotic Herbalism,Damaran,Damaran | Nar,1117,293.4,universal_standard,1,Modest,"Palfrey | Lancet, bleeding",572.0,545,"Belt (leather) + Belt pouch (large) | Map case + blank regional map | Lamp oil (flacon) x3 | Grappling hook | 10' pole | Crowbar (standard) | Bâton de marche / Walking Staff | Lancet, bleeding",Backpack (medium leather) | Tent 2-man leather | Sleeping furs (light) | Blanket (heavy) | Field rations (basic) x7 | Waterskin (1 gal) x2 | Canteen (1 pt) | Lantern (hooded) | Rope (standard 50') | Hammer + 10 pitons | Flint & steel | Tinderbox | Cloak (wool hooded) | Boots (normal leather) | Gloves (leather) | Hat (leather) | Palfrey,20.91,NO,None,,7,3,0,1,7,184.8,97.4,2,5,-3,-3,2,-3,-3,9,-1,-4,Aucun,2026-05-28 13:35:34
CH-00273,Half-elf,Moon Half-elf,Sembia,Large Town,Groupe2_Sud_Marchand,Plains Tracking | Complex Terrain Navigation | Forest Stealth | Weather Reading,Urban Observation and Tailing | Sleight of Hand & Cheating | Disguise & Impersonation,Trade Routes & Commerce | Guilds & Organizations | Divine Myths & Legends,Jewelry & Goldsmithing | Masonry,Chondathan,Chondathan | Elven High Speech,3109,293.4,universal_standard,2,Comfortable,Fauld | Maul | Kettle hat | Courser | Buckler,1890.0,1219,Belt (leather) + Belt pouch (large) | Map case + blank regional map | Lamp oil (flacon) x3 | Grappling hook | 10' pole | Crowbar (standard) | Bâton de marche / Walking Staff | Fauld | Maul | Buckler,Backpack (medium leather) | Tent 2-man leather | Sleeping furs (light) | Blanket (heavy) | Field rations (basic) x7 | Waterskin (1 gal) x2 | Canteen (1 pt) | Lantern (hooded) | Rope (standard 50') | Hammer + 10 pitons | Flint & steel | Tinderbox | Cloak (wool hooded) | Boots (normal leather) | Gloves (leather) | Hat (leather) | Kettle hat | Courser,2.53,NO,None,,-6,-2,3,1,8,168.3,54.6,0,-2,4,5,1,-6,-3,4,3,5,Méditation + Immunité sommeil + VN (N1),2026-05-28 13:35:34
CH-00274,Human,Damaran,Damara,Fortified City,Groupe5_Nord_Sauvage,Complex Terrain Navigation | Mountain Endurance | Technical Rock Climbing,Streetwise (Urban Underworld) | Urban Stealth & Shadowing,Gnomish Culture | Nobility & Heraldry | Laws & Customs of Nations,Calligraphy & Illumination | Leatherworking & Tanning | Smithing & Metallurgy,Chondathan,Chondathan | Damaran,1440,293.4,universal_standard,1,Modest,Boots (normal leather) | Lance,325.0,1115,Belt (leather) + Belt pouch (large) | Map case + blank regional map | Lamp oil (flacon) x3 | Grappling hook | 10' pole | Crowbar (standard) | Bâton de marche / Walking Staff | Lance,Backpack (medium leather) | Tent 2-man leather | Sleeping furs (light) | Blanket (heavy) | Field rations (basic) x7 | Waterskin (1 gal) x2 | Canteen (1 pt) | Lantern (hooded) | Rope (standard 50') | Hammer + 10 pitons | Flint & steel | Tinderbox | Cloak (wool hooded) | Boots (normal leather) | Gloves (leather) | Hat (leather) | Boots (normal leather),-3.9,YES,Arcanique,Magicien,1,-1,-7,0,6,177.0,74.8,1,-1,4,-8,-5,0,-7,-1,-7,1,Aucun,2026-05-28 13:35:34
CH-00275,Human,Chondathan,Vilhon Reach,Major Port City,Groupe4_Vilhon_Est,,Streetwise (Urban Underworld) | Poison Lore & Subtle Application | High Society Manipulation,Geography of Faerûn | Astronomy & Star Navigation | Court Etiquette & Protocol | Major Cities & Regions,Accounting & Estate Management,Chondathan,Chessentan | Chondathan,2452,293.4,universal_standard,1,Modest,Longbow | Quiver,340.0,2112,Belt (leather) + Belt pouch (large) | Map case + blank regional map | Lamp oil (flacon) x3 | Grappling hook | 10' pole | Crowbar (standard) | Bâton de marche / Walking Staff | Longbow | Quiver,Backpack (medium leather) | Tent 2-man leather | Sleeping furs (light) | Blanket (heavy) | Field rations (basic) x7 | Waterskin (1 gal) x2 | Canteen (1 pt) | Lantern (hooded) | Rope (standard 50') | Hammer + 10 pitons | Flint & steel | Tinderbox | Cloak (wool hooded) | Boots (normal leather) | Gloves (leather) | Hat (leather),-9.7,YES,Arcanique,Magicien,-7,-4,-1,-3,1,149.7,51.8,-3,-4,2,4,-2,-2,0,-1,2,3,Aucun,2026-05-28 13:35:34
CH-00276,Human,Chondathan,Chondath,Forest Village,Groupe4_Vilhon_Est,Plains Tracking | River Crossing | Dark Water Swimming | Advanced Tracking,,"Laws & Customs of Nations | Gnomish Culture | Fall of Myth Drannor | Festivals, Calendars & Traditions",Candle & Soap Making,Chondathan | Thorass,Chondathan,980,293.4,universal_standard,1,Modest,Burgonet (Maximilian),825.0,155,Belt (leather) + Belt pouch (large) | Map case + blank regional map | Lamp oil (flacon) x3 | Grappling hook | 10' pole | Crowbar (standard) | Bâton de marche / Walking Staff | Burgonet (Maximilian),Backpack (medium leather) | Tent 2-man leather | Sleeping furs (light) | Blanket (heavy) | Field rations (basic) x7 | Waterskin (1 gal) x2 | Canteen (1 pt) | Lantern (hooded) | Rope (standard 50') | Hammer + 10 pitons | Flint & steel | Tinderbox | Cloak (wool hooded) | Boots (normal leather) | Gloves (leather) | Hat (leather),1.29,NO,None,,-6,-3,4,0,8,175.8,60.6,1,-5,-1,7,2,-5,3,5,1,1,Aucun,2026-05-28 13:35:34
CH-00277,Human,Mulan,Mulhorand,Major Trade City,Groupe8_Mulhorand,,Fences and Buyers Network | Poison Lore & Subtle Application | Urban Stealth & Shadowing | Lockpicking and Trap Disarming | Black Market Operations,Lost Kingdoms & Cities | Cultural Interactions | Trade Routes & Commerce | Local Folklore & Legends,Dyeing & Textile Coloring,Mulhorandi | Thorass,Mulhorandi | Untheric,2433,293.4,universal_standard,0,None,"Lancet, bleeding",2.0,2431,"Belt (leather) + Belt pouch (large) | Map case + blank regional map | Lamp oil (flacon) x3 | Grappling hook | 10' pole | Crowbar (standard) | Bâton de marche / Walking Staff | Lancet, bleeding",Backpack (medium leather) | Tent 2-man leather | Sleeping furs (light) | Blanket (heavy) | Field rations (basic) x7 | Waterskin (1 gal) x2 | Canteen (1 pt) | Lantern (hooded) | Rope (standard 50') | Hammer + 10 pitons | Flint & steel | Tinderbox | Cloak (wool hooded) | Boots (normal leather) | Gloves (leather) | Hat (leather),16.93,NO,None,,1,1,6,2,8,167.8,71.0,0,1,6,-1,6,0,-9,2,0,5,Aucun,2026-05-28 13:35:34
CH-00278,Human,Mulan,Unther,Elven Enclave,Groupe12_Old_Empires,Complex Terrain Navigation,Forgery of Documents & Seals | Streetwise (Urban Underworld) | City Secrets & Hidden Routes,Major Religions & Deities | Political Currents & Rivalries | Guilds & Organizations | Fall of Myth Drannor,Smithing & Metallurgy,Mulhorandi | Untheric,Infernal | Mulhorandi | Untheric,1187,293.4,universal_standard,1,Modest,Main-gauche,480.0,707,Belt (leather) + Belt pouch (large) | Map case + blank regional map | Lamp oil (flacon) x3 | Grappling hook | 10' pole | Crowbar (standard) | Bâton de marche / Walking Staff | Main-gauche,Backpack (medium leather) | Tent 2-man leather | Sleeping furs (light) | Blanket (heavy) | Field rations (basic) x7 | Waterskin (1 gal) x2 | Canteen (1 pt) | Lantern (hooded) | Rope (standard 50') | Hammer + 10 pitons | Flint & steel | Tinderbox | Cloak (wool hooded) | Boots (normal leather) | Gloves (leather) | Hat (leather),5.96,NO,None,,0,-1,4,0,7,174.1,67.4,0,1,6,-8,6,-4,7,1,-4,3,Aucun,2026-05-28 13:35:34
CH-00279,Dwarf,Shield Dwarf,Citadel Adbar,Dwarven Fortress,Groupe6_Bloc_Nain,Mountain Endurance | Underground Navigation,Urban Observation and Tailing | Heraldry & Lineage Recognition | Noble Houses & Court Intrigue | Lockpicking and Trap Disarming,History of the Realms | Secret Organizations | Fall of Myth Drannor | Major Religions & Deities,Brewing & Distilling | Locksmithing & Mechanisms | Engraving on Metal & Gems,Thorass | Nain,Nain | Thorass,1054,293.4,universal_standard,1,Modest,Pike,600.0,454,Belt (leather) + Belt pouch (large) | Map case + blank regional map | Lamp oil (flacon) x3 | Grappling hook | 10' pole | Crowbar (standard) | Bâton de marche / Walking Staff | Pike,Backpack (medium leather) | Tent 2-man leather | Sleeping furs (light) | Blanket (heavy) | Field rations (basic) x7 | Waterskin (1 gal) x2 | Canteen (1 pt) | Lantern (hooded) | Rope (standard 50') | Hammer + 10 pitons | Flint & steel | Tinderbox | Cloak (wool hooded) | Boots (normal leather) | Gloves (leather) | Hat (leather),5.02,NO,None,,1,0,3,-4,4,135.3,67.4,-5,-1,4,4,1,1,4,-6,2,5,Vision dans le noir + Robustesse naine,2026-05-28 13:35:34
CH-00280,Human,Tethyrian,Baldur's Gate,Major Port City,Groupe1_Cote_des_Epees,Advanced Tracking,Guild Knowledge & Politics | Urban Stealth & Shadowing | Smuggling Networks | Information Brokerage | Noble Houses & Court Intrigue | Streetwise (Urban Underworld),Geography of Faerûn | Major Religions & Deities | Trade Routes & Commerce | Spellplague & Its Aftermath,Embroidery & Fine Sewing,Chondathan | Thorass,Chondathan | Elfique | Tethyrian,4780,293.4,universal_standard,1,Modest,"War Hammer (Renaissance) | War Hammer | Lancet, bleeding",922.0,3858,"Belt (leather) + Belt pouch (large) | Map case + blank regional map | Lamp oil (flacon) x3 | Grappling hook | 10' pole | Crowbar (standard) | Bâton de marche / Walking Staff | Lancet, bleeding",Backpack (medium leather) | Tent 2-man leather | Sleeping furs (light) | Blanket (heavy) | Field rations (basic) x7 | Waterskin (1 gal) x2 | Canteen (1 pt) | Lantern (hooded) | Rope (standard 50') | Hammer + 10 pitons | Flint & steel | Tinderbox | Cloak (wool hooded) | Boots (normal leather) | Gloves (leather) | Hat (leather) | War Hammer (Renaissance) | War Hammer,-3.51,YES,Théurgique,Magie Blanche,1,-1,-6,0,3,188.5,78.9,2,2,-3,-6,-3,4,1,-1,-3,-5,Aucun,2026-05-28 13:35:34
CH-00281,Human,Chondathan,The Dalelands,Rural Village,Groupe3_Coeur_Continental,Wild Plant Foraging | Complex Terrain Navigation | Forest Stealth | Open Land Navigation,Fences and Buyers Network,Court Etiquette & Protocol | Major Religions & Deities,Shipbuilding,Chondathan,Chondathan | Druidic | Sembian,1051,293.4,universal_standard,1,Modest,Tassets | Tent 4-man leather,625.0,426,Belt (leather) + Belt pouch (large) | Map case + blank regional map | Lamp oil (flacon) x3 | Grappling hook | 10' pole | Crowbar (standard) | Bâton de marche / Walking Staff | Tassets,Backpack (medium leather) | Tent 2-man leather | Sleeping furs (light) | Blanket (heavy) | Field rations (basic) x7 | Waterskin (1 gal) x2 | Canteen (1 pt) | Lantern (hooded) | Rope (standard 50') | Hammer + 10 pitons | Flint & steel | Tinderbox | Cloak (wool hooded) | Boots (normal leather) | Gloves (leather) | Hat (leather) | Tent 4-man leather,11.52,NO,None,,5,1,1,0,10,188.3,92.4,2,1,2,-10,4,-6,4,-5,-8,-2,Aucun,2026-05-28 13:35:34
CH-00282,Human,Rashemi,Rashemen,Logging Camp,Groupe10_Rashemen,Advanced Tracking | Forest Stealth | Marsh Movement | Hermetic Medicine | Wild Plant Foraging,,"Laws & Customs of Nations | Cosmology (Weave, Shadow Weave) | Nobility & Heraldry | Divine Myths & Legends",Clockmaking & Complex Mechanisms | Beekeeping | Ritual Object Crafting,Rashemi | Thorass,Chondathan | Rashemi,668,293.4,universal_standard,0,None,"Lancet, bleeding",2.0,666,"Belt (leather) + Belt pouch (large) | Map case + blank regional map | Lamp oil (flacon) x3 | Grappling hook | 10' pole | Crowbar (standard) | Bâton de marche / Walking Staff | Lancet, bleeding",Backpack (medium leather) | Tent 2-man leather | Sleeping furs (light) | Blanket (heavy) | Field rations (basic) x7 | Waterskin (1 gal) x2 | Canteen (1 pt) | Lantern (hooded) | Rope (standard 50') | Hammer + 10 pitons | Flint & steel | Tinderbox | Cloak (wool hooded) | Boots (normal leather) | Gloves (leather) | Hat (leather),39.52,NO,None,,8,5,4,3,-5,178.3,97.4,1,3,3,5,2,6,3,6,2,4,Aucun,2026-05-28 13:35:34
CH-00283,Half-orc,Orc,Uthgardt Tribes,Farming Hamlet,Groupe3_Coeur_Continental,Extreme Cold Resistance | Mountain Endurance | Advanced Tracking | Hermetic Medicine | Snow and Ice Shelter Building,Lockpicking and Trap Disarming,Orc & Goblinoid Culture | Elven Culture | Astronomy & Star Navigation,Navigation (Land & Sea) | Preservation & Salting | Engraving on Metal & Gems,Orc,Infernal | Orc | Undercommon,599,293.4,universal_standard,1,Modest,Tassets,375.0,224,Belt (leather) + Belt pouch (large) | Map case + blank regional map | Lamp oil (flacon) x3 | Grappling hook | 10' pole | Crowbar (standard) | Bâton de marche / Walking Staff | Tassets,Backpack (medium leather) | Tent 2-man leather | Sleeping furs (light) | Blanket (heavy) | Field rations (basic) x7 | Waterskin (1 gal) x2 | Canteen (1 pt) | Lantern (hooded) | Rope (standard 50') | Hammer + 10 pitons | Flint & steel | Tinderbox | Cloak (wool hooded) | Boots (normal leather) | Gloves (leather) | Hat (leather),43.1,NO,None,,10,5,0,4,-1,189.7,108.2,2,2,7,-4,0,6,0,4,-5,5,Force brutale + Vision dans le noir N1,2026-05-28 13:35:34
CH-00284,Human,Chondathan,The Dalelands,Rural Village,Groupe3_Coeur_Continental,Open Land Navigation | Advanced Tracking | Wild Plant Foraging | Forest Stealth,,"Ancient Realms (Netheril, Imaskar...) | Secret Organizations | History of Imaskar | Political Currents & Rivalries",Candle & Soap Making | Smithing & Metallurgy,Chondathan | Thorass,Chondathan,1153,293.4,universal_standard,1,Modest,"Courser | Lancet, bleeding",622.0,531,"Belt (leather) + Belt pouch (large) | Map case + blank regional map | Lamp oil (flacon) x3 | Grappling hook | 10' pole | Crowbar (standard) | Bâton de marche / Walking Staff | Lancet, bleeding",Backpack (medium leather) | Tent 2-man leather | Sleeping furs (light) | Blanket (heavy) | Field rations (basic) x7 | Waterskin (1 gal) x2 | Canteen (1 pt) | Lantern (hooded) | Rope (standard 50') | Hammer + 10 pitons | Flint & steel | Tinderbox | Cloak (wool hooded) | Boots (normal leather) | Gloves (leather) | Hat (leather) | Courser,-3.78,YES,Théurgique,Magie Verte,-1,-2,1,-3,3,162.0,67.4,-1,3,-3,-4,3,-2,-1,3,0,-5,Aucun,2026-05-28 13:35:34
CH-00285,Halfling,Strongheart Halfling,Luiren,Forest Village,Groupe3_Coeur_Continental,Wild Plant Foraging | Complex Terrain Navigation | Forest Stealth | Advanced Tracking | Primitive Fire Mastery,Urban Stealth & Shadowing | Streetwise (Urban Underworld),Fey & Feywild Knowledge | History of the Realms | Major Cities & Regions | History of Imaskar,Carpentry & Woodworking | Cabinetmaking & Marquetry | Leatherworking & Tanning,Gnomish | Thorass,Chondathan | Elfique | Gnomish,988,293.4,universal_standard,1,Modest,Fauld | Backpack (large leather) | Buckler,707.0,281,Belt (leather) + Belt pouch (large) | Map case + blank regional map | Lamp oil (flacon) x3 | Grappling hook | 10' pole | Crowbar (standard) | Bâton de marche / Walking Staff | Fauld | Buckler,Backpack (medium leather) | Tent 2-man leather | Sleeping furs (light) | Blanket (heavy) | Field rations (basic) x7 | Waterskin (1 gal) x2 | Canteen (1 pt) | Lantern (hooded) | Rope (standard 50') | Hammer + 10 pitons | Flint & steel | Tinderbox | Cloak (wool hooded) | Boots (normal leather) | Gloves (leather) | Hat (leather) | Backpack (large leather),4.46,NO,None,,-15,-6,7,-2,-3,119.2,26.1,-7,1,14,2,4,5,3,8,11,14,Robustesse,2026-05-28 13:35:34
CH-00286,Human,Ffolk,Nelanther Isles,Fishing Village,Groupe3_Coeur_Continental,Coastal Survival | Deep-Sea Fishing | Storm and Seasickness Mastery,Black Market Operations,Halfling Culture | History of the Realms | Laws & Customs of Nations | Major Religions & Deities,Sail & Rope Making,Northlander | Thorass,Chondathan | Northlander,701,293.4,universal_standard,1,Modest,"Palfrey | Lancet, bleeding",572.0,129,"Belt (leather) + Belt pouch (large) | Map case + blank regional map | Lamp oil (flacon) x3 | Grappling hook | 10' pole | Crowbar (standard) | Bâton de marche / Walking Staff | Lancet, bleeding",Backpack (medium leather) | Tent 2-man leather | Sleeping furs (light) | Blanket (heavy) | Field rations (basic) x7 | Waterskin (1 gal) x2 | Canteen (1 pt) | Lantern (hooded) | Rope (standard 50') | Hammer + 10 pitons | Flint & steel | Tinderbox | Cloak (wool hooded) | Boots (normal leather) | Gloves (leather) | Hat (leather) | Palfrey,0.64,NO,None,,-1,0,2,-1,8,165.0,67.4,-1,0,1,3,1,0,0,7,2,2,Aucun,2026-05-28 13:35:34
CH-00287,Human,Rashemi,Rashemen,Rural Village,Groupe10_Rashemen,Forest Stealth | Advanced Tracking | Complex Terrain Navigation | Wild Plant Foraging | Hermetic Medicine | Marsh Movement,Streetwise (Urban Underworld) | Urban Stealth & Shadowing,"Local Folklore & Legends | Cosmology (Weave, Shadow Weave) | Cultural Interactions",Mosaic & Fresco Art | Candle & Soap Making,Thayan,Rashemi | Thayan,684,293.4,universal_standard,0,None,Buckler,220.0,464,Belt (leather) + Belt pouch (large) | Map case + blank regional map | Lamp oil (flacon) x3 | Grappling hook | 10' pole | Crowbar (standard) | Bâton de marche / Walking Staff | Buckler,Backpack (medium leather) | Tent 2-man leather | Sleeping furs (light) | Blanket (heavy) | Field rations (basic) x7 | Waterskin (1 gal) x2 | Canteen (1 pt) | Lantern (hooded) | Rope (standard 50') | Hammer + 10 pitons | Flint & steel | Tinderbox | Cloak (wool hooded) | Boots (normal leather) | Gloves (leather) | Hat (leather),5.28,NO,None,,-1,1,2,2,4,165.0,60.6,-1,2,8,2,0,8,-1,3,4,8,Aucun,2026-05-28 13:35:34
CH-00288,Human,Chondathan,Chondath,Small Town,Groupe4_Vilhon_Est,Open Land Navigation,Smuggling Networks | Guild Knowledge & Politics,Trade Routes & Commerce | Local Folklore & Legends | Political Currents & Rivalries,Shipbuilding,Chondathan,Chondathan | Thorass,1604,293.4,universal_standard,1,Modest,Composite Crossbow | Quiver,790.0,814,Belt (leather) + Belt pouch (large) | Map case + blank regional map | Lamp oil (flacon) x3 | Grappling hook | 10' pole | Crowbar (standard) | Bâton de marche / Walking Staff | Composite Crossbow | Quiver,Backpack (medium leather) | Tent 2-man leather | Sleeping furs (light) | Blanket (heavy) | Field rations (basic) x7 | Waterskin (1 gal) x2 | Canteen (1 pt) | Lantern (hooded) | Rope (standard 50') | Hammer + 10 pitons | Flint & steel | Tinderbox | Cloak (wool hooded) | Boots (normal leather) | Gloves (leather) | Hat (leather),3.64,NO,None,,0,2,0,1,8,172.4,71.0,0,5,-2,5,-1,-1,-5,8,7,-1,Aucun,2026-05-28 13:35:34
CH-00289,Human,Vaasan,Vaasa,Fortified City,Groupe5_Nord_Sauvage,River Crossing | Technical Rock Climbing | Marsh Movement | Extreme Cold Resistance,Heraldry & Lineage Recognition | Sleight of Hand & Cheating,Dragon Lore | Political Currents & Rivalries | Religious Cults & Orders,Shipbuilding | Carpentry & Woodworking,Vaasan,Illuskan | Vaasan,1008,293.4,universal_standard,0,None,"Tent 2-man leather | Lancet, bleeding",152.0,856,"Belt (leather) + Belt pouch (large) | Map case + blank regional map | Lamp oil (flacon) x3 | Grappling hook | 10' pole | Crowbar (standard) | Bâton de marche / Walking Staff | Lancet, bleeding",Backpack (medium leather) | Tent 2-man leather | Sleeping furs (light) | Blanket (heavy) | Field rations (basic) x7 | Waterskin (1 gal) x2 | Canteen (1 pt) | Lantern (hooded) | Rope (standard 50') | Hammer + 10 pitons | Flint & steel | Tinderbox | Cloak (wool hooded) | Boots (normal leather) | Gloves (leather) | Hat (leather) | Tent 2-man leather,-3.09,YES,Arcanique,Magicien,-1,0,-5,1,-4,166.5,60.6,0,6,3,-3,-4,4,3,0,4,2,Aucun,2026-05-28 13:35:34
CH-00290,Half-elf,Moon Half-elf,Sembia,Large Town,Groupe2_Sud_Marchand,Forced March Endurance | Wild Plant Foraging | Plains Tracking | Forest Stealth,Urban Stealth & Shadowing | Guild Knowledge & Politics | Urban Stealth & Shadowing | City Secrets & Hidden Routes,Political Currents & Rivalries | Major Cities & Regions,Cabinetmaking & Marquetry,None,Chondathan | Elfique | Sylvestre,2675,293.4,universal_standard,2,Comfortable,Sallet ou Armet (classique) | Burgonet (Maximilian),1375.0,1300,Belt (leather) + Belt pouch (large) | Map case + blank regional map | Lamp oil (flacon) x3 | Grappling hook | 10' pole | Crowbar (standard) | Bâton de marche / Walking Staff | Sallet ou Armet (classique) | Burgonet (Maximilian),Backpack (medium leather) | Tent 2-man leather | Sleeping furs (light) | Blanket (heavy) | Field rations (basic) x7 | Waterskin (1 gal) x2 | Canteen (1 pt) | Lantern (hooded) | Rope (standard 50') | Hammer + 10 pitons | Flint & steel | Tinderbox | Cloak (wool hooded) | Boots (normal leather) | Gloves (leather) | Hat (leather),3.64,NO,None,,1,-1,2,-1,11,173.8,78.9,0,-4,1,-1,3,-2,0,1,-5,0,Méditation + Immunité sommeil + VN (N1),2026-05-28 13:35:34
CH-00291,Half-elf,Wood Half-elf,High Forest,Forest Village,Groupe3_Coeur_Continental,Marsh Movement | Advanced Tracking | Wild Plant Foraging | Hermetic Medicine | Forest Stealth | Confined Space Stealth,,"Cosmology (Weave, Shadow Weave) | Nobility & Heraldry | Divine Myths & Legends | Lost Kingdoms & Cities",Candle & Soap Making | Dyeing & Textile Coloring,Elfique | Thorass,Chondathan | Druidic | Elfique,769,293.4,universal_standard,1,Modest,Longsword,650.0,119,Belt (leather) + Belt pouch (large) | Map case + blank regional map | Lamp oil (flacon) x3 | Grappling hook | 10' pole | Crowbar (standard) | Bâton de marche / Walking Staff | Longsword,Backpack (medium leather) | Tent 2-man leather | Sleeping furs (light) | Blanket (heavy) | Field rations (basic) x7 | Waterskin (1 gal) x2 | Canteen (1 pt) | Lantern (hooded) | Rope (standard 50') | Hammer + 10 pitons | Flint & steel | Tinderbox | Cloak (wool hooded) | Boots (normal leather) | Gloves (leather) | Hat (leather),-4.4,YES,Arcanique,Magicien,-1,-2,-3,-2,3,159.1,67.4,-1,-2,4,-6,-1,-4,0,-6,-5,2,Méditation + Immunité sommeil + VN (N1),2026-05-28 13:35:34
CH-00292,Human,Rashemi,Rashemen,Mountain Village,Groupe10_Rashemen,Advanced Tracking | Marsh Movement | Forest Stealth | Oceanic Navigation | Hermetic Medicine | Wild Plant Foraging,Disguise & Impersonation | Guild Knowledge & Politics,Legendary Artifacts & Relics | Trade Routes & Commerce | Fey & Feywild Knowledge,Shipbuilding | Leatherworking & Tanning | Poison Lore & Application,Thayan,Mulhorandi | Rashemi | Thayan,850,293.4,universal_standard,1,Modest,Cuisses (renforcées),680.0,170,Belt (leather) + Belt pouch (large) | Map case + blank regional map | Lamp oil (flacon) x3 | Grappling hook | 10' pole | Crowbar (standard) | Bâton de marche / Walking Staff | Cuisses (renforcées),Backpack (medium leather) | Tent 2-man leather | Sleeping furs (light) | Blanket (heavy) | Field rations (basic) x7 | Waterskin (1 gal) x2 | Canteen (1 pt) | Lantern (hooded) | Rope (standard 50') | Hammer + 10 pitons | Flint & steel | Tinderbox | Cloak (wool hooded) | Boots (normal leather) | Gloves (leather) | Hat (leather),3.64,NO,None,,2,0,0,1,12,185.0,87.7,2,-4,1,-1,1,-4,-1,-6,-6,0,Aucun,2026-05-28 13:35:34
CH-00293,Human,Chondathan,The Dalelands,Farming Hamlet,Groupe3_Coeur_Continental,Extreme Cold Resistance | Complex Terrain Navigation | Wild Plant Foraging | Plains Tracking | Advanced Tracking | Open Land Navigation,Disguise & Impersonation,History of the Realms | Trade Routes & Commerce | Major Cities & Regions | Religious Cults & Orders,Leatherworking & Tanning | Smithing & Metallurgy,Chondathan | Sembian,Chondathan | Elfique | Sembian,822,293.4,universal_standard,0,None,"Lancet, bleeding",2.0,820,"Belt (leather) + Belt pouch (large) | Map case + blank regional map | Lamp oil (flacon) x3 | Grappling hook | 10' pole | Crowbar (standard) | Bâton de marche / Walking Staff | Lancet, bleeding",Backpack (medium leather) | Tent 2-man leather | Sleeping furs (light) | Blanket (heavy) | Field rations (basic) x7 | Waterskin (1 gal) x2 | Canteen (1 pt) | Lantern (hooded) | Rope (standard 50') | Hammer + 10 pitons | Flint & steel | Tinderbox | Cloak (wool hooded) | Boots (normal leather) | Gloves (leather) | Hat (leather),-7.02,YES,Théurgique,Magie Verte,-2,-2,-2,-3,0,156.3,63.9,-2,4,-4,-2,0,0,4,-2,3,-5,Aucun,2026-05-28 13:35:34
CH-00294,Human,Calishite,Lantan,Large Town,Groupe3_Coeur_Continental,Desert Water Mastery | Open Land Navigation,Streetwise (Urban Underworld) | Smuggling Networks | Sleight of Hand & Cheating,Aberration Lore | Weave Theory | Political Currents & Rivalries | Secret Organizations,Weaving & Spinning,Thorass | Mulhorandi,Chondathan | Lantanna | Mulhorandi,4762,293.4,universal_standard,3,Wealthy,Mace | Falchion | War Hammer | Palfrey | Close Helmet (Maximilian) | Maille collerette ou manches,3740.0,1022,Belt (leather) + Belt pouch (large) | Map case + blank regional map | Lamp oil (flacon) x3 | Grappling hook | 10' pole | Crowbar (standard) | Bâton de marche / Walking Staff | Mace | Falchion | Close Helmet (Maximilian) | Maille collerette ou manches,Backpack (medium leather) | Tent 2-man leather | Sleeping furs (light) | Blanket (heavy) | Field rations (basic) x7 | Waterskin (1 gal) x2 | Canteen (1 pt) | Lantern (hooded) | Rope (standard 50') | Hammer + 10 pitons | Flint & steel | Tinderbox | Cloak (wool hooded) | Boots (normal leather) | Gloves (leather) | Hat (leather) | War Hammer | Palfrey,-5.86,YES,Théurgique,Magie Blanche,-2,-1,-2,-2,-3,156.3,63.9,-2,2,-2,2,-2,-5,8,3,3,-2,Aucun,2026-05-28 13:35:34
CH-00295,Halfling,Strongheart Halfling,Cormyr,Large Town,Groupe3_Coeur_Continental,Forest Stealth | Primitive Fire Mastery | Advanced Tracking,Black Market Operations | Guild Knowledge & Politics | Disguise & Impersonation,Local Folklore & Legends | Trade Routes & Commerce | Elven Culture | Guilds & Organizations,Masonry | Cooking (Fine Cuisine) | Cabinetmaking & Marquetry,Gnomish | Chondathan,Chondathan | Gnomish | Sembian,1860,293.4,universal_standard,2,Comfortable,Kettle hat | Reinforced Gambeson | Main-gauche,1410.0,450,Belt (leather) + Belt pouch (large) | Map case + blank regional map | Lamp oil (flacon) x3 | Grappling hook | 10' pole | Crowbar (standard) | Bâton de marche / Walking Staff | Reinforced Gambeson | Main-gauche,Backpack (medium leather) | Tent 2-man leather | Sleeping furs (light) | Blanket (heavy) | Field rations (basic) x7 | Waterskin (1 gal) x2 | Canteen (1 pt) | Lantern (hooded) | Rope (standard 50') | Hammer + 10 pitons | Flint & steel | Tinderbox | Cloak (wool hooded) | Boots (normal leather) | Gloves (leather) | Hat (leather) | Kettle hat,-10.94,YES,Arcanique,Magicien,-24,-11,4,-8,-6,112.0,21.1,-9,0,-1,7,2,7,1,5,15,1,Robustesse,2026-05-28 13:35:34
CH-00296,Human,Tethyrian,Sword Coast,Fishing Village,Groupe1_Cote_des_Epees,Deep-Sea Fishing | Advanced Tracking | Wild Plant Foraging | Forest Stealth | Marsh Movement | Coastal Survival,Forgery of Documents & Seals,"Major Cities & Regions | Elven Culture | Ancient Realms (Netheril, Imaskar...) | Major Religions & Deities",Jewelry & Goldsmithing | Masonry | Shipbuilding,Chondathan,Chondathan,1217,293.4,universal_standard,1,Modest,Kite shield | Maille collerette ou manches,380.0,837,Belt (leather) + Belt pouch (large) | Map case + blank regional map | Lamp oil (flacon) x3 | Grappling hook | 10' pole | Crowbar (standard) | Bâton de marche / Walking Staff | Kite shield | Maille collerette ou manches,Backpack (medium leather) | Tent 2-man leather | Sleeping furs (light) | Blanket (heavy) | Field rations (basic) x7 | Waterskin (1 gal) x2 | Canteen (1 pt) | Lantern (hooded) | Rope (standard 50') | Hammer + 10 pitons | Flint & steel | Tinderbox | Cloak (wool hooded) | Boots (normal leather) | Gloves (leather) | Hat (leather),1.02,NO,None,,2,0,0,-2,7,170.7,83.2,0,1,-7,4,1,3,7,-7,1,-6,Aucun,2026-05-28 13:35:34
CH-00297,Human,Chondathan,Sembia,Major Trade City,Groupe2_Sud_Marchand,Advanced Tracking,Criminal Organizations & Syndicates | Information Brokerage | Forgery of Documents & Seals | Noble Houses & Court Intrigue | Urban Observation and Tailing | Disguise & Impersonation,Dwarven Culture | Astronomy & Star Navigation | Guilds & Organizations | History of the Realms,Heraldry & Lineage | Sail & Rope Making | Smithing & Metallurgy,Sembian | Chondathan,Chondathan | Sembian,4129,293.4,universal_standard,2,Comfortable,Haubergeon / Collerette | War Hammer (Renaissance) | Longsword,1930.0,2199,Belt (leather) + Belt pouch (large) | Map case + blank regional map | Lamp oil (flacon) x3 | Grappling hook | 10' pole | Crowbar (standard) | Bâton de marche / Walking Staff | Haubergeon / Collerette | Longsword,Backpack (medium leather) | Tent 2-man leather | Sleeping furs (light) | Blanket (heavy) | Field rations (basic) x7 | Waterskin (1 gal) x2 | Canteen (1 pt) | Lantern (hooded) | Rope (standard 50') | Hammer + 10 pitons | Flint & steel | Tinderbox | Cloak (wool hooded) | Boots (normal leather) | Gloves (leather) | Hat (leather) | War Hammer (Renaissance),11.09,NO,None,,-3,-1,7,-1,9,163.5,63.9,-1,-2,0,7,5,-1,-10,6,3,2,Aucun,2026-05-28 13:35:34
CH-00298,Human,Mulan,Old Empires,Fortified City,Groupe12_Old_Empires,Extreme Cold Resistance | Technical Rock Climbing | Plains Tracking,Streetwise (Urban Underworld) | Streetwise (Urban Underworld) | City Secrets & Hidden Routes | Lockpicking and Trap Disarming,Religious Cults & Orders | Genasi & Elemental Peoples | Dragon Lore,Sail & Rope Making | Architecture,Mulhorandi,Mulhorandi | Thayan | Untheric,1329,293.4,universal_standard,2,Comfortable,Garde-reins | Tassets longs,1165.0,164,Belt (leather) + Belt pouch (large) | Map case + blank regional map | Lamp oil (flacon) x3 | Grappling hook | 10' pole | Crowbar (standard) | Bâton de marche / Walking Staff | Garde-reins | Tassets longs,Backpack (medium leather) | Tent 2-man leather | Sleeping furs (light) | Blanket (heavy) | Field rations (basic) x7 | Waterskin (1 gal) x2 | Canteen (1 pt) | Lantern (hooded) | Rope (standard 50') | Hammer + 10 pitons | Flint & steel | Tinderbox | Cloak (wool hooded) | Boots (normal leather) | Gloves (leather) | Hat (leather),-5.52,YES,Arcanique,Magicien,1,-1,-7,-2,4,167.7,74.8,0,0,0,-6,-5,3,0,-2,-5,-2,Aucun,2026-05-28 13:35:34
CH-00299,Human,Tethyrian,Baldur's Gate,Smuggler's Port,Groupe1_Cote_des_Epees,Dark Water Swimming | Coastal Survival | Wild Plant Foraging | Forest Stealth | Oceanic Navigation | Storm and Seasickness Mastery,Urban Stealth & Shadowing | Sleight of Hand & Cheating,Aberration Lore | Trade Routes & Commerce | Cultural Interactions,Cooking (Fine Cuisine),Druidic,Cormyrian | Druidic | Elfique | Tethyrian,2375,293.4,universal_standard,3,Wealthy,Close Helmet (Maximilian) | Cloak (fur-lined) | War Hammer | Partisan | Courser,2215.0,160,Belt (leather) + Belt pouch (large) | Map case + blank regional map | Lamp oil (flacon) x3 | Grappling hook | 10' pole | Crowbar (standard) | Bâton de marche / Walking Staff | Close Helmet (Maximilian) | Partisan,Backpack (medium leather) | Tent 2-man leather | Sleeping furs (light) | Blanket (heavy) | Field rations (basic) x7 | Waterskin (1 gal) x2 | Canteen (1 pt) | Lantern (hooded) | Rope (standard 50') | Hammer + 10 pitons | Flint & steel | Tinderbox | Cloak (wool hooded) | Boots (normal leather) | Gloves (leather) | Hat (leather) | Cloak (fur-lined) | War Hammer | Courser,30.87,NO,None,,4,4,6,3,-3,175.4,83.2,1,2,2,7,4,6,3,3,4,4,Aucun,2026-05-28 13:35:34
CH-00300,Human,Lantanna,Lantan,Rural Village,Groupe3_Coeur_Continental,Weather Reading | Marsh Movement | Oceanic Navigation | Littoral Foraging | Coastal Survival,Streetwise (Urban Underworld) | Urban Stealth & Shadowing,History of the Realms | Fall of Myth Drannor | Nobility & Heraldry | Laws & Customs of Nations,Lens Making & Optics,Calishite | Chondathan,Calishite | Chondathan | Lantanna,2665,293.4,universal_standard,2,Comfortable,Burgonet (Maximilian) | Maul | Garde-reins,2075.0,590,Belt (leather) + Belt pouch (large) | Map case + blank regional map | Lamp oil (flacon) x3 | Grappling hook | 10' pole | Crowbar (standard) | Bâton de marche / Walking Staff | Burgonet (Maximilian) | Maul | Garde-reins,Backpack (medium leather) | Tent 2-man leather | Sleeping furs (light) | Blanket (heavy) | Field rations (basic) x7 | Waterskin (1 gal) x2 | Canteen (1 pt) | Lantern (hooded) | Rope (standard 50') | Hammer + 10 pitons | Flint & steel | Tinderbox | Cloak (wool hooded) | Boots (normal leather) | Gloves (leather) | Hat (leather),7.34,NO,None,,4,1,-2,1,7,175.3,87.7,1,-2,5,-3,-2,1,6,2,-6,4,Aucun,2026-05-28 13:35:34
CH-00301,Human,Tethyrian,Tethyr,Large Town,Groupe2_Sud_Marchand,Plains Tracking | Forest Stealth,City Secrets & Hidden Routes | City Secrets & Hidden Routes | Guild Knowledge & Politics | Criminal Organizations & Syndicates,Trade Routes & Commerce | Political Currents & Rivalries | Laws & Customs of Nations | Guilds & Organizations,Cooking (Fine Cuisine) | Cabinetmaking & Marquetry,Chondathan | Thorass,Chondathan | Halruaan | Thorass,2358,293.4,universal_standard,3,Wealthy,Destrier | Arming Sword | Military Fork,2230.0,128,Belt (leather) + Belt pouch (large) | Map case + blank regional map | Lamp oil (flacon) x3 | Grappling hook | 10' pole | Crowbar (standard) | Bâton de marche / Walking Staff | Destrier | Arming Sword | Military Fork,Backpack (medium leather) | Tent 2-man leather | Sleeping furs (light) | Blanket (heavy) | Field rations (basic) x7 | Waterskin (1 gal) x2 | Canteen (1 pt) | Lantern (hooded) | Rope (standard 50') | Hammer + 10 pitons | Flint & steel | Tinderbox | Cloak (wool hooded) | Boots (normal leather) | Gloves (leather) | Hat (leather),-0.45,NO,None,,2,1,-5,-1,10,164.7,74.8,-1,3,-2,0,-4,10,-3,-2,1,-2,Aucun,2026-05-28 13:35:34
CH-00302,Human,Arkaiun,Sembia,Smuggler's Port,Groupe2_Sud_Marchand,Wild Plant Foraging | Weather Reading | Forced March Endurance | Open Land Navigation | Plains Tracking,Fences and Buyers Network,"Cosmology (Weave, Shadow Weave) | Local Folklore & Legends",Stoneworking | Lens Making & Optics | Masonry,None,Arkaiun | Chondathan | Cormyrian | Thindol,2760,293.4,universal_standard,2,Comfortable,Reinforced Gambeson | Mail coif | Bec de Corbin,1520.0,1240,Belt (leather) + Belt pouch (large) | Map case + blank regional map | Lamp oil (flacon) x3 | Grappling hook | 10' pole | Crowbar (standard) | Bâton de marche / Walking Staff | Reinforced Gambeson | Mail coif | Bec de Corbin,Backpack (medium leather) | Tent 2-man leather | Sleeping furs (light) | Blanket (heavy) | Field rations (basic) x7 | Waterskin (1 gal) x2 | Canteen (1 pt) | Lantern (hooded) | Rope (standard 50') | Hammer + 10 pitons | Flint & steel | Tinderbox | Cloak (wool hooded) | Boots (normal leather) | Gloves (leather) | Hat (leather),-9.54,YES,Théurgique,Magie Blanche,-2,-4,-4,-4,8,173.9,74.8,0,-5,-1,-10,0,1,1,0,-11,-5,Aucun,2026-05-28 13:35:34
CH-00303,Human,Calishite,Lake of Steam,Major Port City,Groupe3_Coeur_Continental,,Black Market Operations | Urban Stealth & Shadowing | Urban Stealth & Shadowing | Black Market Operations,"Festivals, Calendars & Traditions | Astronomy & Star Navigation | Local Folklore & Legends | Geography of Faerûn",Masonry | Accounting & Estate Management | Leatherworking & Tanning,Calishite | Thorass,Calishite | Infernal,2079,293.4,universal_standard,1,Modest,Waterskin (5 gal) | Maille collerette ou manches,647.0,1432,Belt (leather) + Belt pouch (large) | Map case + blank regional map | Lamp oil (flacon) x3 | Grappling hook | 10' pole | Crowbar (standard) | Bâton de marche / Walking Staff | Maille collerette ou manches,Backpack (medium leather) | Tent 2-man leather | Sleeping furs (light) | Blanket (heavy) | Field rations (basic) x7 | Waterskin (1 gal) x2 | Canteen (1 pt) | Lantern (hooded) | Rope (standard 50') | Hammer + 10 pitons | Flint & steel | Tinderbox | Cloak (wool hooded) | Boots (normal leather) | Gloves (leather) | Hat (leather) | Waterskin (5 gal),10.47,NO,None,,-1,-2,7,-3,11,148.1,63.9,-3,-6,8,-3,7,3,-10,-5,-6,7,Aucun,2026-05-28 13:35:34
CH-00304,Human,Calishite,Calimshan,Large Town,Groupe2_Sud_Marchand,Desert Water Mastery | Desert Thermal Endurance,Black Market Operations | Disguise & Impersonation | Noble Houses & Court Intrigue,Local Folklore & Legends | Political Currents & Rivalries,Jewelry & Goldsmithing | Viticulture & Winemaking | Accounting & Estate Management,Thorass,Calishite | Chondathan | Halruaan,3150,293.4,universal_standard,3,Wealthy,Destrier | Rapier | Close Helmet (Maximilian),3075.0,75,Belt (leather) + Belt pouch (large) | Map case + blank regional map | Lamp oil (flacon) x3 | Grappling hook | 10' pole | Crowbar (standard) | Bâton de marche / Walking Staff | Destrier | Rapier | Close Helmet (Maximilian),Backpack (medium leather) | Tent 2-man leather | Sleeping furs (light) | Blanket (heavy) | Field rations (basic) x7 | Waterskin (1 gal) x2 | Canteen (1 pt) | Lantern (hooded) | Rope (standard 50') | Hammer + 10 pitons | Flint & steel | Tinderbox | Cloak (wool hooded) | Boots (normal leather) | Gloves (leather) | Hat (leather),8.92,NO,None,,2,2,1,2,3,180.2,78.9,1,-2,4,4,-1,2,9,1,-1,5,Aucun,2026-05-28 13:35:34
CH-00305,Dwarf,Shield Dwarf,Citadel Adbar,Dwarven Fortress,Groupe6_Bloc_Nain,,Heraldry & Lineage Recognition | Disguise & Impersonation | Disguise & Impersonation | Lockpicking and Trap Disarming,Fey & Feywild Knowledge | History of the Realms | Lost Kingdoms & Cities | History of Magic,Leatherworking & Tanning | Smithing & Metallurgy | Weaving & Spinning,Géant | Thorass,Géant | Nain,1185,293.4,universal_standard,2,Comfortable,Heavy Crossbow | Quiver,990.0,195,Belt (leather) + Belt pouch (large) | Map case + blank regional map | Lamp oil (flacon) x3 | Grappling hook | 10' pole | Crowbar (standard) | Bâton de marche / Walking Staff | Heavy Crossbow | Quiver,Backpack (medium leather) | Tent 2-man leather | Sleeping furs (light) | Blanket (heavy) | Field rations (basic) x7 | Waterskin (1 gal) x2 | Canteen (1 pt) | Lantern (hooded) | Rope (standard 50') | Hammer + 10 pitons | Flint & steel | Tinderbox | Cloak (wool hooded) | Boots (normal leather) | Gloves (leather) | Hat (leather),2.86,NO,None,,3,1,-4,-3,5,132.8,71.0,-5,-1,6,4,-6,10,-2,5,1,7,Vision dans le noir + Robustesse naine,2026-05-28 13:35:34
CH-00306,Human,Illuskan,Luskan,Fishing Village,Groupe1_Cote_des_Epees,Arctic Hunting | Oceanic Navigation | Technical Rock Climbing | Deep-Sea Fishing | Storm and Seasickness Mastery,,Cultural Interactions | Laws & Customs of Nations | Ruins & Major Archaeological Sites | Elven Culture,Leatherworking & Tanning | Weapons & Armor Smithing,Vaasan | Illuskan,Illuskan | Reghed | Vaasan,718,293.4,universal_standard,0,None,"Lancet, bleeding",2.0,716,"Belt (leather) + Belt pouch (large) | Map case + blank regional map | Lamp oil (flacon) x3 | Grappling hook | 10' pole | Crowbar (standard) | Bâton de marche / Walking Staff | Lancet, bleeding",Backpack (medium leather) | Tent 2-man leather | Sleeping furs (light) | Blanket (heavy) | Field rations (basic) x7 | Waterskin (1 gal) x2 | Canteen (1 pt) | Lantern (hooded) | Rope (standard 50') | Hammer + 10 pitons | Flint & steel | Tinderbox | Cloak (wool hooded) | Boots (normal leather) | Gloves (leather) | Hat (leather),-4.88,YES,Théurgique,Magie Blanche,1,-2,-4,-2,8,188.4,87.7,2,-2,-4,-8,0,-1,-2,-5,-9,-7,Aucun,2026-05-28 13:35:34
CH-00307,Dwarf,Gold Dwarf,Mithral Hall,Mountain Village,Groupe6_Bloc_Nain,Snow and Ice Shelter Building | Underground Navigation | Technical Rock Climbing,Heraldry & Lineage Recognition | High Society Manipulation,History of Netheril | Fey & Feywild Knowledge | Dwarven Culture | Local Folklore & Legends,Accounting & Estate Management,Géant | Nain,Géant | Nain | Undercommon,775,293.4,universal_standard,1,Modest,"Courser | Lancet, bleeding",622.0,153,"Belt (leather) + Belt pouch (large) | Map case + blank regional map | Lamp oil (flacon) x3 | Grappling hook | 10' pole | Crowbar (standard) | Bâton de marche / Walking Staff | Lancet, bleeding",Backpack (medium leather) | Tent 2-man leather | Sleeping furs (light) | Blanket (heavy) | Field rations (basic) x7 | Waterskin (1 gal) x2 | Canteen (1 pt) | Lantern (hooded) | Rope (standard 50') | Hammer + 10 pitons | Flint & steel | Tinderbox | Cloak (wool hooded) | Boots (normal leather) | Gloves (leather) | Hat (leather) | Courser,14.29,NO,None,,6,2,0,-4,3,138.7,87.7,-4,-2,2,1,0,4,8,-1,-3,2,Vision dans le noir + Robustesse naine,2026-05-28 13:35:34
CH-00308,Human,Chondathan,Western Heartlands,Small Town,Groupe3_Coeur_Continental,Open Land Navigation | Plains Tracking,Streetwise (Urban Underworld) | Guild Knowledge & Politics | Urban Observation and Tailing | Information Brokerage,Major Cities & Regions | Guilds & Organizations,Ceramics & Pottery | Navigation (Land & Sea),Illuskan,Chondathan | Illuskan | Thorass,1454,293.4,universal_standard,0,None,Buckler,220.0,1234,Belt (leather) + Belt pouch (large) | Map case + blank regional map | Lamp oil (flacon) x3 | Grappling hook | 10' pole | Crowbar (standard) | Bâton de marche / Walking Staff | Buckler,Backpack (medium leather) | Tent 2-man leather | Sleeping furs (light) | Blanket (heavy) | Field rations (basic) x7 | Waterskin (1 gal) x2 | Canteen (1 pt) | Lantern (hooded) | Rope (standard 50') | Hammer + 10 pitons | Flint & steel | Tinderbox | Cloak (wool hooded) | Boots (normal leather) | Gloves (leather) | Hat (leather),14.12,NO,None,,4,3,-3,3,5,186.8,83.2,2,3,2,1,-3,1,0,-6,1,2,Aucun,2026-05-28 13:35:34
CH-00309,Human,Chondathan,The Dalelands,Rural Village,Groupe3_Coeur_Continental,Wild Plant Foraging | Open Land Navigation | Complex Terrain Navigation | Forest Stealth | Plains Tracking,,Trade Routes & Commerce | History of the Realms,Dyeing & Textile Coloring,Chessentan,Chessentan | Chondathan | Druidic,1135,293.4,universal_standard,0,None,"Lancet, bleeding | Lamp oil | Buckler",223.0,912,"Belt (leather) + Belt pouch (large) | Map case + blank regional map | Lamp oil (flacon) x3 | Grappling hook | 10' pole | Crowbar (standard) | Bâton de marche / Walking Staff | Lancet, bleeding | Lamp oil | Buckler",Backpack (medium leather) | Tent 2-man leather | Sleeping furs (light) | Blanket (heavy) | Field rations (basic) x7 | Waterskin (1 gal) x2 | Canteen (1 pt) | Lantern (hooded) | Rope (standard 50') | Hammer + 10 pitons | Flint & steel | Tinderbox | Cloak (wool hooded) | Boots (normal leather) | Gloves (leather) | Hat (leather),-4.86,YES,Théurgique,Magie Blanche,-2,-2,0,-2,-2,155.0,57.5,-2,1,6,-7,2,1,6,3,-2,3,Aucun,2026-05-28 13:35:34
CH-00310,Human,Chondathan,Vilhon Reach,Large Town,Groupe4_Vilhon_Est,Open Land Navigation | Advanced Tracking | Wild Animal Handling,Guild Knowledge & Politics | City Secrets & Hidden Routes | Disguise & Impersonation | Criminal Organizations & Syndicates,"History of Magic | Dwarven Culture | Festivals, Calendars & Traditions | Aberration Lore",Accounting & Estate Management,Chondathan,Chessentan | Chondathan,1955,293.4,universal_standard,1,Modest,"Coat (leather) | Lucerne Hammer | Fishing net (large) | Lancet, bleeding",720.0,1235,"Belt (leather) + Belt pouch (large) | Map case + blank regional map | Lamp oil (flacon) x3 | Grappling hook | 10' pole | Crowbar (standard) | Bâton de marche / Walking Staff | Lancet, bleeding",Backpack (medium leather) | Tent 2-man leather | Sleeping furs (light) | Blanket (heavy) | Field rations (basic) x7 | Waterskin (1 gal) x2 | Canteen (1 pt) | Lantern (hooded) | Rope (standard 50') | Hammer + 10 pitons | Flint & steel | Tinderbox | Cloak (wool hooded) | Boots (normal leather) | Gloves (leather) | Hat (leather) | Coat (leather) | Lucerne Hammer | Fishing net (large),-7.67,YES,Arcanique,Magicien,-3,-1,-6,-1,-1,160.7,60.6,-1,3,-2,1,-5,-5,5,-3,4,-2,Aucun,2026-05-28 13:35:34
CH-00311,Elf,Moon Elf,Silver Marches (Luruar),Farming Hamlet,Groupe7_Marches_Argent,Technical Rock Climbing | Forest Stealth | Advanced Tracking | Mountain Endurance,,History of the Realms | Major Cities & Regions | Court Etiquette & Protocol,Locksmithing & Mechanisms | Forgery of Official Documents | Stone & Wood Carving,Illuskan,Elfique | Illuskan | Reghed,587,293.4,universal_standard,0,None,"Lancet, bleeding",2.0,585,"Belt (leather) + Belt pouch (large) | Map case + blank regional map | Lamp oil (flacon) x3 | Grappling hook | 10' pole | Crowbar (standard) | Bâton de marche / Walking Staff | Lancet, bleeding",Backpack (medium leather) | Tent 2-man leather | Sleeping furs (light) | Blanket (heavy) | Field rations (basic) x7 | Waterskin (1 gal) x2 | Canteen (1 pt) | Lantern (hooded) | Rope (standard 50') | Hammer + 10 pitons | Flint & steel | Tinderbox | Cloak (wool hooded) | Boots (normal leather) | Gloves (leather) | Hat (leather),4.02,NO,None,,-1,1,-2,2,5,178.9,67.4,1,3,0,5,-3,6,1,9,5,1,Transe + Immunité sommeil + VN (N2),2026-05-28 13:35:34
CH-00312,Human,Tethyrian,Amn,Isolated Farmstead,Groupe2_Sud_Marchand,Desert Water Mastery | Forest Stealth | Advanced Tracking | Wild Plant Foraging,City Secrets & Hidden Routes,History of Netheril | Trade Routes & Commerce | Magical Schools & Traditions | Halfling Culture,Weapons & Armor Smithing | Architecture | Cabinetmaking & Marquetry,Chondathan | Thorass,Chondathan,1948,293.4,universal_standard,1,Modest,Scimitar | Fauld,800.0,1148,Belt (leather) + Belt pouch (large) | Map case + blank regional map | Lamp oil (flacon) x3 | Grappling hook | 10' pole | Crowbar (standard) | Bâton de marche / Walking Staff | Scimitar | Fauld,Backpack (medium leather) | Tent 2-man leather | Sleeping furs (light) | Blanket (heavy) | Field rations (basic) x7 | Waterskin (1 gal) x2 | Canteen (1 pt) | Lantern (hooded) | Rope (standard 50') | Hammer + 10 pitons | Flint & steel | Tinderbox | Cloak (wool hooded) | Boots (normal leather) | Gloves (leather) | Hat (leather),13.56,NO,None,,5,3,-2,1,6,181.7,87.7,1,9,-7,3,-1,3,-4,0,7,-6,Aucun,2026-05-28 13:35:34
CH-00313,Human,Calishite,Tethyr,Fortified City,Groupe2_Sud_Marchand,Desert Thermal Endurance,Urban Stealth & Shadowing | Streetwise (Urban Underworld) | High Society Manipulation | Forgery of Documents & Seals,Gnomish Culture | Divine Myths & Legends,Beekeeping | Lens Making & Optics | Animal Husbandry & Training,Tashalan,Chondathan | Mulhorandi | Tashalan,2112,293.4,universal_standard,1,Modest,Ranseur | Buckler,720.0,1392,Belt (leather) + Belt pouch (large) | Map case + blank regional map | Lamp oil (flacon) x3 | Grappling hook | 10' pole | Crowbar (standard) | Bâton de marche / Walking Staff | Ranseur | Buckler,Backpack (medium leather) | Tent 2-man leather | Sleeping furs (light) | Blanket (heavy) | Field rations (basic) x7 | Waterskin (1 gal) x2 | Canteen (1 pt) | Lantern (hooded) | Rope (standard 50') | Hammer + 10 pitons | Flint & steel | Tinderbox | Cloak (wool hooded) | Boots (normal leather) | Gloves (leather) | Hat (leather),3.02,NO,None,,-2,1,2,1,3,165.0,67.4,-1,-2,1,12,-2,6,2,11,6,5,Aucun,2026-05-28 13:35:34
CH-00314,Half-elf,Wood Half-elf,Waterdeep,Major Port City,Groupe1_Cote_des_Epees,Littoral Foraging | Oceanic Navigation,Information Brokerage | Guild Knowledge & Politics | Streetwise (Urban Underworld) | Streetwise (Urban Underworld) | Lockpicking and Trap Disarming,Divine Myths & Legends | Fey & Feywild Knowledge | Aberration Lore | Genasi & Elemental Peoples,Cabinetmaking & Marquetry,Thorass,Chondathan | Thorass,4443,293.4,universal_standard,2,Comfortable,Metal file (small) | Longbow | Rapier | War Hammer | Palfrey | Cloak (fur-lined) | Quiver,2143.0,2300,Belt (leather) + Belt pouch (large) | Map case + blank regional map | Lamp oil (flacon) x3 | Grappling hook | 10' pole | Crowbar (standard) | Bâton de marche / Walking Staff | Metal file (small) | Longbow | Rapier | Quiver,Backpack (medium leather) | Tent 2-man leather | Sleeping furs (light) | Blanket (heavy) | Field rations (basic) x7 | Waterskin (1 gal) x2 | Canteen (1 pt) | Lantern (hooded) | Rope (standard 50') | Hammer + 10 pitons | Flint & steel | Tinderbox | Cloak (wool hooded) | Boots (normal leather) | Gloves (leather) | Hat (leather) | War Hammer | Palfrey | Cloak (fur-lined),-3.78,YES,Sauvage,Magie Verte,-1,-2,-3,-1,4,177.0,74.8,1,-4,2,-5,-1,-3,0,-3,-7,0,Méditation + Immunité sommeil + VN (N1),2026-05-28 13:35:34
CH-00315,Human,Damaran,Vaasa,Large Town,Groupe5_Nord_Sauvage,Technical Rock Climbing,Sleight of Hand & Cheating | Urban Observation and Tailing | Urban Stealth & Shadowing | Criminal Organizations & Syndicates,Orc & Goblinoid Culture | History of Netheril | Geography of Faerûn,Candle & Soap Making,Chondathan,Chondathan | Reghed,629,293.4,universal_standard,0,None,Parma,280.0,349,Belt (leather) + Belt pouch (large) | Map case + blank regional map | Lamp oil (flacon) x3 | Grappling hook | 10' pole | Crowbar (standard) | Bâton de marche / Walking Staff | Parma,Backpack (medium leather) | Tent 2-man leather | Sleeping furs (light) | Blanket (heavy) | Field rations (basic) x7 | Waterskin (1 gal) x2 | Canteen (1 pt) | Lantern (hooded) | Rope (standard 50') | Hammer + 10 pitons | Flint & steel | Tinderbox | Cloak (wool hooded) | Boots (normal leather) | Gloves (leather) | Hat (leather),0.64,NO,None,,-1,-1,2,0,9,159.1,67.4,-1,-6,9,1,0,3,-3,2,-4,9,Aucun,2026-05-28 13:35:34
CH-00316,Human,Tethyrian,Amn,Large Town,Groupe2_Sud_Marchand,Desert Thermal Endurance | Forest Stealth,Sleight of Hand & Cheating | Noble Houses & Court Intrigue,Trade Routes & Commerce | Nobility & Heraldry | Political Currents & Rivalries,Stoneworking,Chondathan,Chondathan | Tethyrian,2526,293.4,universal_standard,3,Wealthy,Rouncey | Spear | Tassets | Light Crossbow | Bec de Corbin | Partisan | Quiver,2483.0,43,Belt (leather) + Belt pouch (large) | Map case + blank regional map | Lamp oil (flacon) x3 | Grappling hook | 10' pole | Crowbar (standard) | Bâton de marche / Walking Staff | Spear | Tassets | Light Crossbow | Bec de Corbin | Partisan | Quiver,Backpack (medium leather) | Tent 2-man leather | Sleeping furs (light) | Blanket (heavy) | Field rations (basic) x7 | Waterskin (1 gal) x2 | Canteen (1 pt) | Lantern (hooded) | Rope (standard 50') | Hammer + 10 pitons | Flint & steel | Tinderbox | Cloak (wool hooded) | Boots (normal leather) | Gloves (leather) | Hat (leather) | Rouncey,12.16,NO,None,,5,2,-1,1,4,175.4,83.2,1,7,-1,-6,2,5,8,9,0,-3,Aucun,2026-05-28 13:35:34
CH-00317,Human,Damaran,Damara,Rural Village,Groupe5_Nord_Sauvage,Extreme Cold Resistance | Complex Terrain Navigation | Hermetic Medicine,Noble Houses & Court Intrigue | Urban Stealth & Shadowing,"History of Imaskar | Astronomy & Star Navigation | Dragon Lore | Cosmology (Weave, Shadow Weave)",Cooking (Fine Cuisine) | Cartography,Vaasan | Nar,Chondathan | Nar | Vaasan,796,293.4,universal_standard,1,Modest,Fauld,640.0,156,Belt (leather) + Belt pouch (large) | Map case + blank regional map | Lamp oil (flacon) x3 | Grappling hook | 10' pole | Crowbar (standard) | Bâton de marche / Walking Staff | Fauld,Backpack (medium leather) | Tent 2-man leather | Sleeping furs (light) | Blanket (heavy) | Field rations (basic) x7 | Waterskin (1 gal) x2 | Canteen (1 pt) | Lantern (hooded) | Rope (standard 50') | Hammer + 10 pitons | Flint & steel | Tinderbox | Cloak (wool hooded) | Boots (normal leather) | Gloves (leather) | Hat (leather),2.5,NO,None,,3,0,-3,0,16,193.4,92.4,3,1,-5,-4,0,1,-6,9,-5,-7,Aucun,2026-05-28 13:35:34
CH-00318,Human,Tethyrian,The Dalelands,Remote Trading Post,Groupe3_Coeur_Continental,Advanced Tracking | Plains Tracking | Complex Terrain Navigation | Forest Stealth | Wild Plant Foraging,Urban Observation and Tailing,"Local Folklore & Legends | Festivals, Calendars & Traditions | Cultural Interactions | Secret Organizations",Cooking (Fine Cuisine),Sembian | Chondathan,Chondathan | Cormyrian | Sembian,982,293.4,universal_standard,1,Modest,Palfrey | Buckler,790.0,192,Belt (leather) + Belt pouch (large) | Map case + blank regional map | Lamp oil (flacon) x3 | Grappling hook | 10' pole | Crowbar (standard) | Bâton de marche / Walking Staff | Buckler,Backpack (medium leather) | Tent 2-man leather | Sleeping furs (light) | Blanket (heavy) | Field rations (basic) x7 | Waterskin (1 gal) x2 | Canteen (1 pt) | Lantern (hooded) | Rope (standard 50') | Hammer + 10 pitons | Flint & steel | Tinderbox | Cloak (wool hooded) | Boots (normal leather) | Gloves (leather) | Hat (leather) | Palfrey,-9.03,YES,Arcanique,Magicien,-3,-3,-2,-5,4,157.7,67.4,-2,-3,-5,2,-1,3,-2,-7,-1,-5,Aucun,2026-05-28 13:35:34
CH-00319,Human,Calishite,Amn,Caravan Oasis,Groupe2_Sud_Marchand,Wild Plant Foraging | Open Land Navigation | Desert Water Mastery | Desert Thermal Endurance,Urban Stealth & Shadowing,Spellplague & Its Aftermath | Major Cities & Regions | Elven Culture,Cooking (Fine Cuisine) | Fireworks Making | Masonry,Tashalan,Calishite | Chondathan | Tashalan,1650,293.4,universal_standard,1,Modest,Ranseur | Chain crinet | Leeches (50),772.0,878,Belt (leather) + Belt pouch (large) | Map case + blank regional map | Lamp oil (flacon) x3 | Grappling hook | 10' pole | Crowbar (standard) | Bâton de marche / Walking Staff | Ranseur | Chain crinet | Leeches (50),Backpack (medium leather) | Tent 2-man leather | Sleeping furs (light) | Blanket (heavy) | Field rations (basic) x7 | Waterskin (1 gal) x2 | Canteen (1 pt) | Lantern (hooded) | Rope (standard 50') | Hammer + 10 pitons | Flint & steel | Tinderbox | Cloak (wool hooded) | Boots (normal leather) | Gloves (leather) | Hat (leather),3.64,NO,None,,2,1,1,-1,7,164.7,74.8,-1,2,3,-3,2,3,3,7,-1,2,Aucun,2026-05-28 13:35:34
CH-00320,Dwarf,Urdunnir,Great Rift,Mountain Village,Groupe6_Bloc_Nain,Wild Plant Foraging | Advanced Tracking | Confined Space Stealth | Complex Terrain Navigation | Mountain Endurance | Technical Rock Climbing,Sleight of Hand & Cheating,"Major Religions & Deities | Ruins & Major Archaeological Sites | Orc & Goblinoid Culture | Festivals, Calendars & Traditions",Masonry | Cooking (Fine Cuisine) | Carpentry & Woodworking,Nain,Géant | Nain,735,293.4,universal_standard,1,Modest,Maille collerette ou manches | Buckler,540.0,195,Belt (leather) + Belt pouch (large) | Map case + blank regional map | Lamp oil (flacon) x3 | Grappling hook | 10' pole | Crowbar (standard) | Bâton de marche / Walking Staff | Maille collerette ou manches | Buckler,Backpack (medium leather) | Tent 2-man leather | Sleeping furs (light) | Blanket (heavy) | Field rations (basic) x7 | Waterskin (1 gal) x2 | Canteen (1 pt) | Lantern (hooded) | Rope (standard 50') | Hammer + 10 pitons | Flint & steel | Tinderbox | Cloak (wool hooded) | Boots (normal leather) | Gloves (leather) | Hat (leather),35.63,NO,None,,10,6,-3,-2,-4,136.2,92.4,-5,7,-1,8,-5,12,-3,11,7,1,Marche à travers la pierre,2026-05-28 13:35:34
CH-00321,Human,Uthgardt,Le Nord (The North),Isolated Hamlet,Groupe5_Nord_Sauvage,Plains Tracking | Total Darkness Navigation | Marsh Movement | Advanced Tracking | Forest Stealth | Confined Space Stealth,Lockpicking and Trap Disarming | Urban Stealth & Shadowing,Divine Myths & Legends | Gnomish Culture | Nobility & Heraldry | Court Etiquette & Protocol,Jewelry & Goldsmithing,Vaasan | Illuskan,Illuskan | Northlander | Uthgardt | Vaasan,490,293.4,universal_standard,0,None,"Kettle hat | Lancet, bleeding",282.0,208,"Belt (leather) + Belt pouch (large) | Map case + blank regional map | Lamp oil (flacon) x3 | Grappling hook | 10' pole | Crowbar (standard) | Bâton de marche / Walking Staff | Lancet, bleeding",Backpack (medium leather) | Tent 2-man leather | Sleeping furs (light) | Blanket (heavy) | Field rations (basic) x7 | Waterskin (1 gal) x2 | Canteen (1 pt) | Lantern (hooded) | Rope (standard 50') | Hammer + 10 pitons | Flint & steel | Tinderbox | Cloak (wool hooded) | Boots (normal leather) | Gloves (leather) | Hat (leather) | Kettle hat,2.64,NO,None,,0,-1,3,-2,13,175.4,83.2,1,-4,-5,1,4,5,-4,-3,-5,-5,Aucun,2026-05-28 13:35:34
CH-00322,Human,Tethyrian,Tethyr,Remote Monastery,Groupe2_Sud_Marchand,Forest Stealth | Advanced Tracking | Desert Water Mastery | Wild Plant Foraging | Weather Reading,Criminal Organizations & Syndicates,Nobility & Heraldry | Trade Routes & Commerce | Local Folklore & Legends | Fall of Myth Drannor,Candle & Soap Making | Weapons & Armor Smithing,Halruaan | Illuskan,Halruaan | Illuskan | Tethyrian,1243,293.4,universal_standard,1,Modest,Kettle hat | Shamshir,860.0,383,Belt (leather) + Belt pouch (large) | Map case + blank regional map | Lamp oil (flacon) x3 | Grappling hook | 10' pole | Crowbar (standard) | Bâton de marche / Walking Staff | Shamshir,Backpack (medium leather) | Tent 2-man leather | Sleeping furs (light) | Blanket (heavy) | Field rations (basic) x7 | Waterskin (1 gal) x2 | Canteen (1 pt) | Lantern (hooded) | Rope (standard 50') | Hammer + 10 pitons | Flint & steel | Tinderbox | Cloak (wool hooded) | Boots (normal leather) | Gloves (leather) | Hat (leather) | Kettle hat,3.87,NO,None,,4,1,-5,-1,12,181.6,92.4,1,3,-5,-4,-2,-8,3,-4,-3,-7,Aucun,2026-05-28 13:35:34
CH-00323,Human,Calishite,Calimshan,Large Town,Groupe2_Sud_Marchand,Open Land Navigation | Plains Tracking,Black Market Operations | Lockpicking and Trap Disarming | Streetwise (Urban Underworld) | Urban Stealth & Shadowing,Court Etiquette & Protocol | Nobility & Heraldry,Accounting & Estate Management | Carpentry & Woodworking | Jewelry & Goldsmithing,Halruaan,Chondathan | Halruaan | Mulhorandi | Thorass,3245,293.4,universal_standard,2,Comfortable,Shamshir | Close Helmet (Maximilian),1555.0,1690,Belt (leather) + Belt pouch (large) | Map case + blank regional map | Lamp oil (flacon) x3 | Grappling hook | 10' pole | Crowbar (standard) | Bâton de marche / Walking Staff | Shamshir | Close Helmet (Maximilian),Backpack (medium leather) | Tent 2-man leather | Sleeping furs (light) | Blanket (heavy) | Field rations (basic) x7 | Waterskin (1 gal) x2 | Canteen (1 pt) | Lantern (hooded) | Rope (standard 50') | Hammer + 10 pitons | Flint & steel | Tinderbox | Cloak (wool hooded) | Boots (normal leather) | Gloves (leather) | Hat (leather),4.64,NO,None,,2,1,1,0,11,167.7,78.9,0,1,0,0,1,-2,-6,-8,-1,0,Aucun,2026-05-28 13:35:34
CH-00324,Human,Reghedman,Icewind Dale,Mountain Village,Groupe5_Nord_Sauvage,Littoral Foraging | Arctic Hunting | Snow and Ice Shelter Building,Smuggling Networks,Legendary Artifacts & Relics | Aberration Lore | Court Etiquette & Protocol | Secret Organizations,Heraldry & Lineage,Illuskan | Sossrim,Illuskan | Sossrim,537,293.4,universal_standard,0,None,"Lancet, bleeding",2.0,535,"Belt (leather) + Belt pouch (large) | Map case + blank regional map | Lamp oil (flacon) x3 | Grappling hook | 10' pole | Crowbar (standard) | Bâton de marche / Walking Staff | Lancet, bleeding",Backpack (medium leather) | Tent 2-man leather | Sleeping furs (light) | Blanket (heavy) | Field rations (basic) x7 | Waterskin (1 gal) x2 | Canteen (1 pt) | Lantern (hooded) | Rope (standard 50') | Hammer + 10 pitons | Flint & steel | Tinderbox | Cloak (wool hooded) | Boots (normal leather) | Gloves (leather) | Hat (leather),10.32,NO,None,,1,3,0,3,-1,156.4,57.5,-2,9,10,0,-2,-1,4,-1,9,10,Aucun,2026-05-28 13:35:34
CH-00325,Human,Chondathan,Western Heartlands,Isolated Farmstead,Groupe3_Coeur_Continental,Open Land Navigation | Plains Tracking | Shelter Construction | Subterranean Hazard Resistance | Advanced Tracking,,Local Folklore & Legends | Dwarven Culture | Geography of Faerûn | History of the Realms,Animal Husbandry & Training | Weapons & Armor Smithing | Accounting & Estate Management,Tethyrian,Chondathan | Elfique | Tethyrian,1248,293.4,universal_standard,1,Modest,Gauntlets (renforcés) | Buckler,780.0,468,Belt (leather) + Belt pouch (large) | Map case + blank regional map | Lamp oil (flacon) x3 | Grappling hook | 10' pole | Crowbar (standard) | Bâton de marche / Walking Staff | Gauntlets (renforcés) | Buckler,Backpack (medium leather) | Tent 2-man leather | Sleeping furs (light) | Blanket (heavy) | Field rations (basic) x7 | Waterskin (1 gal) x2 | Canteen (1 pt) | Lantern (hooded) | Rope (standard 50') | Hammer + 10 pitons | Flint & steel | Tinderbox | Cloak (wool hooded) | Boots (normal leather) | Gloves (leather) | Hat (leather),7.96,NO,None,,4,2,-4,1,6,186.6,92.4,2,1,-2,2,-4,1,7,-3,-1,-2,Aucun,2026-05-28 13:35:34
CH-00326,Human,Illuskan,Neverwinter,Major Port City,Groupe1_Cote_des_Epees,Oceanic Navigation,Noble Houses & Court Intrigue | Sleight of Hand & Cheating | Heraldry & Lineage Recognition | Streetwise (Urban Underworld) | Fences and Buyers Network,Aberration Lore | Court Etiquette & Protocol | Laws & Customs of Nations,Papermaking & Ink Making | Smithing & Metallurgy,Illuskan,Illuskan | Northlander | Sossrim,1215,293.4,universal_standard,1,Modest,Heater shield | Reinforced Gambeson,695.0,520,Belt (leather) + Belt pouch (large) | Map case + blank regional map | Lamp oil (flacon) x3 | Grappling hook | 10' pole | Crowbar (standard) | Bâton de marche / Walking Staff | Heater shield | Reinforced Gambeson,Backpack (medium leather) | Tent 2-man leather | Sleeping furs (light) | Blanket (heavy) | Field rations (basic) x7 | Waterskin (1 gal) x2 | Canteen (1 pt) | Lantern (hooded) | Rope (standard 50') | Hammer + 10 pitons | Flint & steel | Tinderbox | Cloak (wool hooded) | Boots (normal leather) | Gloves (leather) | Hat (leather),-11.34,YES,Arcanique,Magicien,-6,-3,-6,-3,0,165.0,60.6,-1,-3,-6,5,-6,-5,10,-4,2,-5,Aucun,2026-05-28 13:35:34
CH-00327,Human,Chondathan,Chondath,Small Town,Groupe4_Vilhon_Est,Open Land Navigation | Plains Tracking,Streetwise (Urban Underworld) | Forgery of Documents & Seals,Religious Cults & Orders | Astronomy & Star Navigation,Stoneworking | Cartography | Weaving & Spinning,Chondathan,Chondathan,1303,293.4,universal_standard,1,Modest,"Kettle hat | Rouncey | Lancet, bleeding",732.0,571,"Belt (leather) + Belt pouch (large) | Map case + blank regional map | Lamp oil (flacon) x3 | Grappling hook | 10' pole | Crowbar (standard) | Bâton de marche / Walking Staff | Lancet, bleeding",Backpack (medium leather) | Tent 2-man leather | Sleeping furs (light) | Blanket (heavy) | Field rations (basic) x7 | Waterskin (1 gal) x2 | Canteen (1 pt) | Lantern (hooded) | Rope (standard 50') | Hammer + 10 pitons | Flint & steel | Tinderbox | Cloak (wool hooded) | Boots (normal leather) | Gloves (leather) | Hat (leather) | Kettle hat | Rouncey,15.79,NO,None,,6,3,-3,1,7,186.4,102.7,2,-2,0,1,-3,4,1,5,-5,0,Aucun,2026-05-28 13:35:34
CH-00328,Half-elf,Wood Half-elf,Cormanthor,Elven Enclave,Groupe3_Coeur_Continental,,Urban Observation and Tailing | Urban Observation and Tailing | Urban Stealth & Shadowing | Urban Observation and Tailing,"Guilds & Organizations | Divine Myths & Legends | Court Etiquette & Protocol | Festivals, Calendars & Traditions",Shipbuilding | Carpentry & Woodworking | Brewing & Distilling,Sylvestre | Thorass,Chondathan | Sylvestre,826,293.4,universal_standard,1,Modest,Tassets longs | Suturing needle (curved),643.0,183,Belt (leather) + Belt pouch (large) | Map case + blank regional map | Lamp oil (flacon) x3 | Grappling hook | 10' pole | Crowbar (standard) | Bâton de marche / Walking Staff | Tassets longs | Suturing needle (curved),Backpack (medium leather) | Tent 2-man leather | Sleeping furs (light) | Blanket (heavy) | Field rations (basic) x7 | Waterskin (1 gal) x2 | Canteen (1 pt) | Lantern (hooded) | Rope (standard 50') | Hammer + 10 pitons | Flint & steel | Tinderbox | Cloak (wool hooded) | Boots (normal leather) | Gloves (leather) | Hat (leather),4.8,NO,None,,4,-1,-1,-3,15,175.1,97.4,1,-6,-2,-5,2,0,-2,2,-11,-4,Méditation + Immunité sommeil + VN (N1),2026-05-28 13:35:34
CH-00329,Human,Chondathan,The Dalelands,Rural Village,Groupe3_Coeur_Continental,Complex Terrain Navigation | Plains Tracking | Open Land Navigation | Forest Stealth,Urban Observation and Tailing | Disguise & Impersonation,"Geography of Faerûn | Orc & Goblinoid Culture | Cosmology (Weave, Shadow Weave) | Local Folklore & Legends",Leatherworking & Tanning | Engraving on Metal & Gems | Beekeeping,Chondathan | Thorass,Chondathan | Illuskan,943,293.4,universal_standard,1,Modest,Glaive | Kettle hat,830.0,113,Belt (leather) + Belt pouch (large) | Map case + blank regional map | Lamp oil (flacon) x3 | Grappling hook | 10' pole | Crowbar (standard) | Bâton de marche / Walking Staff | Glaive,Backpack (medium leather) | Tent 2-man leather | Sleeping furs (light) | Blanket (heavy) | Field rations (basic) x7 | Waterskin (1 gal) x2 | Canteen (1 pt) | Lantern (hooded) | Rope (standard 50') | Hammer + 10 pitons | Flint & steel | Tinderbox | Cloak (wool hooded) | Boots (normal leather) | Gloves (leather) | Hat (leather) | Kettle hat,-7.14,YES,Théurgique,Magie Verte,-2,-2,-7,0,5,182.1,67.4,1,-1,3,-6,-5,-2,-3,-7,-4,1,Aucun,2026-05-28 13:35:34
CH-00330,Human,Tethyrian,Tethyr,Mountain Village,Groupe2_Sud_Marchand,Plains Tracking | Weather Reading | Forest Stealth | Wild Plant Foraging | Advanced Tracking,Fences and Buyers Network,Weave Theory | Elven Culture | Lost Kingdoms & Cities,Glassworking | Weapons & Armor Smithing,Lantanna,Chondathan | Elfique | Lantanna,1296,293.4,universal_standard,1,Modest,Palfrey | Buckler,790.0,506,Belt (leather) + Belt pouch (large) | Map case + blank regional map | Lamp oil (flacon) x3 | Grappling hook | 10' pole | Crowbar (standard) | Bâton de marche / Walking Staff | Buckler,Backpack (medium leather) | Tent 2-man leather | Sleeping furs (light) | Blanket (heavy) | Field rations (basic) x7 | Waterskin (1 gal) x2 | Canteen (1 pt) | Lantern (hooded) | Rope (standard 50') | Hammer + 10 pitons | Flint & steel | Tinderbox | Cloak (wool hooded) | Boots (normal leather) | Gloves (leather) | Hat (leather) | Palfrey,-1.16,NO,None,,1,1,-3,-1,7,159.0,71.0,-1,3,-2,4,-3,-1,3,3,4,-1,Aucun,2026-05-28 13:35:34
CH-00331,Human,Tethyrian,Amn,Smuggler's Port,Groupe2_Sud_Marchand,Desert Water Mastery | Open Land Navigation | Advanced Tracking | Forest Stealth | Desert Thermal Endurance,,"Nobility & Heraldry | Lost Kingdoms & Cities | Ancient Realms (Netheril, Imaskar...)",Candle & Soap Making,Sembian,Chondathan | Illuskan | Sembian | Tethyrian,2360,293.4,universal_standard,3,Wealthy,Chain barding | Broadsword | Buckler,2270.0,90,Belt (leather) + Belt pouch (large) | Map case + blank regional map | Lamp oil (flacon) x3 | Grappling hook | 10' pole | Crowbar (standard) | Bâton de marche / Walking Staff | Chain barding | Broadsword | Buckler,Backpack (medium leather) | Tent 2-man leather | Sleeping furs (light) | Blanket (heavy) | Field rations (basic) x7 | Waterskin (1 gal) x2 | Canteen (1 pt) | Lantern (hooded) | Rope (standard 50') | Hammer + 10 pitons | Flint & steel | Tinderbox | Cloak (wool hooded) | Boots (normal leather) | Gloves (leather) | Hat (leather),23.78,NO,None,,4,3,5,2,1,160.5,71.0,-1,5,8,0,4,-5,-2,2,4,8,Aucun,2026-05-28 13:35:34
CH-00332,Human,Chondathan,Chondath,Large Town,Groupe4_Vilhon_Est,Advanced Tracking,Guild Knowledge & Politics | Criminal Organizations & Syndicates,Secret Organizations | Trade Routes & Commerce | Lost Kingdoms & Cities,Accounting & Estate Management | Cooking (Fine Cuisine),Chondathan,Chondathan,1422,293.4,universal_standard,2,Comfortable,Flanged Mace | Sallet ou Armet (classique),1100.0,322,Belt (leather) + Belt pouch (large) | Map case + blank regional map | Lamp oil (flacon) x3 | Grappling hook | 10' pole | Crowbar (standard) | Bâton de marche / Walking Staff | Flanged Mace | Sallet ou Armet (classique),Backpack (medium leather) | Tent 2-man leather | Sleeping furs (light) | Blanket (heavy) | Field rations (basic) x7 | Waterskin (1 gal) x2 | Canteen (1 pt) | Lantern (hooded) | Rope (standard 50') | Hammer + 10 pitons | Flint & steel | Tinderbox | Cloak (wool hooded) | Boots (normal leather) | Gloves (leather) | Hat (leather),9.6,NO,None,,2,2,-4,4,8,200.6,87.7,3,-6,7,3,-6,1,0,-5,-6,8,Aucun,2026-05-28 13:35:34
CH-00333,Other,Hobgoblin,Calimshan,Major Trade City,Groupe2_Sud_Marchand,Open Land Navigation,Criminal Organizations & Syndicates | Sleight of Hand & Cheating | Urban Stealth & Shadowing | Black Market Operations | Criminal Organizations & Syndicates,Trade Routes & Commerce | History of Magic | Genasi & Elemental Peoples | Halfling Culture,Carpentry & Woodworking,Chondathan | Thorass,Chondathan | Goblin | Thorass,3867,293.4,universal_standard,1,Modest,Halberd,650.0,3217,Belt (leather) + Belt pouch (large) | Map case + blank regional map | Lamp oil (flacon) x3 | Grappling hook | 10' pole | Crowbar (standard) | Bâton de marche / Walking Staff | Halberd,Backpack (medium leather) | Tent 2-man leather | Sleeping furs (light) | Blanket (heavy) | Field rations (basic) x7 | Waterskin (1 gal) x2 | Canteen (1 pt) | Lantern (hooded) | Rope (standard 50') | Hammer + 10 pitons | Flint & steel | Tinderbox | Cloak (wool hooded) | Boots (normal leather) | Gloves (leather) | Hat (leather),0.34,NO,None,,1,-1,1,-3,6,145.5,63.9,-3,3,3,-4,2,1,6,0,1,1,Discipline militaire,2026-05-28 13:35:34
CH-00334,Human,Chondathan,The Dalelands,Rural Village,Groupe3_Coeur_Continental,Plains Tracking | Advanced Tracking | Complex Terrain Navigation | Deep-Sea Fishing | Forest Stealth | Open Land Navigation,Black Market Operations | Fences and Buyers Network,Court Etiquette & Protocol | Major Religions & Deities | Halfling Culture | Major Cities & Regions,Heraldry & Lineage | Smithing & Metallurgy | Brewing & Distilling,Druidic | Thorass,Chondathan | Druidic | Elfique | Sembian,1001,293.4,universal_standard,0,None,Buckler,220.0,781,Belt (leather) + Belt pouch (large) | Map case + blank regional map | Lamp oil (flacon) x3 | Grappling hook | 10' pole | Crowbar (standard) | Bâton de marche / Walking Staff | Buckler,Backpack (medium leather) | Tent 2-man leather | Sleeping furs (light) | Blanket (heavy) | Field rations (basic) x7 | Waterskin (1 gal) x2 | Canteen (1 pt) | Lantern (hooded) | Rope (standard 50') | Hammer + 10 pitons | Flint & steel | Tinderbox | Cloak (wool hooded) | Boots (normal leather) | Gloves (leather) | Hat (leather),-7.29,YES,Théurgique,Magie Verte,-1,-1,-8,-1,3,171.0,67.4,0,5,-2,-5,-5,4,-3,2,1,-4,Aucun,2026-05-28 13:35:34
CH-00335,Elf,Moon Elf,Silver Marches (Luruar),Remote Trading Post,Groupe7_Marches_Argent,Complex Terrain Navigation | Forest Stealth | Advanced Tracking | Mountain Endurance | Wild Plant Foraging,Criminal Organizations & Syndicates,Dragon Lore | Local Folklore & Legends | Cultural Interactions | Gnomish Culture,High Court Intrigue & Politics,Sylvestre | Druidic,Druidic | Elfique | Sylvestre,948,293.4,universal_standard,1,Modest,Ranseur,500.0,448,Belt (leather) + Belt pouch (large) | Map case + blank regional map | Lamp oil (flacon) x3 | Grappling hook | 10' pole | Crowbar (standard) | Bâton de marche / Walking Staff | Ranseur,Backpack (medium leather) | Tent 2-man leather | Sleeping furs (light) | Blanket (heavy) | Field rations (basic) x7 | Waterskin (1 gal) x2 | Canteen (1 pt) | Lantern (hooded) | Rope (standard 50') | Hammer + 10 pitons | Flint & steel | Tinderbox | Cloak (wool hooded) | Boots (normal leather) | Gloves (leather) | Hat (leather),4.5,NO,None,,-3,-1,3,0,6,172.6,63.9,0,-1,2,2,2,2,2,1,1,2,Transe + Immunité sommeil + VN (N2),2026-05-28 13:35:34
CH-00336,Human,Ffolk,Nelanther Isles,Fishing Village,Groupe3_Coeur_Continental,Coastal Survival | Littoral Foraging | Deep-Sea Fishing | Storm and Seasickness Mastery | Oceanic Navigation,,"Major Religions & Deities | Local Folklore & Legends | Fall of Myth Drannor | Ancient Realms (Netheril, Imaskar...)",Leatherworking & Tanning | Cartography,Illuskan | Chondathan,Chondathan | Illuskan | Thorass,815,293.4,universal_standard,1,Modest,Light Crossbow | Quiver,590.0,225,Belt (leather) + Belt pouch (large) | Map case + blank regional map | Lamp oil (flacon) x3 | Grappling hook | 10' pole | Crowbar (standard) | Bâton de marche / Walking Staff | Light Crossbow | Quiver,Backpack (medium leather) | Tent 2-man leather | Sleeping furs (light) | Blanket (heavy) | Field rations (basic) x7 | Waterskin (1 gal) x2 | Canteen (1 pt) | Lantern (hooded) | Rope (standard 50') | Hammer + 10 pitons | Flint & steel | Tinderbox | Cloak (wool hooded) | Boots (normal leather) | Gloves (leather) | Hat (leather),16.9,NO,None,,4,2,3,2,8,180.1,87.7,1,-3,6,1,2,0,-4,-8,-4,6,Aucun,2026-05-28 13:35:34
CH-00337,Human,Illuskan,Neverwinter,Small Town,Groupe1_Cote_des_Epees,Storm and Seasickness Mastery | Deep-Sea Fishing,Urban Stealth & Shadowing | Criminal Organizations & Syndicates,"Cosmology (Weave, Shadow Weave) | Local Folklore & Legends | Dragon Lore",Jewelry & Goldsmithing | Locksmithing & Mechanisms,Sossrim,Illuskan | Sossrim,837,293.4,universal_standard,1,Modest,Halberd,650.0,187,Belt (leather) + Belt pouch (large) | Map case + blank regional map | Lamp oil (flacon) x3 | Grappling hook | 10' pole | Crowbar (standard) | Bâton de marche / Walking Staff | Halberd,Backpack (medium leather) | Tent 2-man leather | Sleeping furs (light) | Blanket (heavy) | Field rations (basic) x7 | Waterskin (1 gal) x2 | Canteen (1 pt) | Lantern (hooded) | Rope (standard 50') | Hammer + 10 pitons | Flint & steel | Tinderbox | Cloak (wool hooded) | Boots (normal leather) | Gloves (leather) | Hat (leather),12.24,NO,None,,4,2,2,0,5,170.7,83.2,0,1,1,2,2,-4,3,0,0,1,Aucun,2026-05-28 13:35:34
CH-00338,Human,Damaran,Silver Marches (Luruar),Isolated Hamlet,Groupe7_Marches_Argent,Technical Rock Climbing | Dark Water Swimming | Advanced Tracking | Complex Terrain Navigation | Wild Plant Foraging,,"Nobility & Heraldry | Major Cities & Regions | Trade Routes & Commerce | Festivals, Calendars & Traditions",Masonry,Illuskan | Reghed,Damaran | Illuskan | Reghed,654,293.4,universal_standard,1,Modest,Leather barding,350.0,304,Belt (leather) + Belt pouch (large) | Map case + blank regional map | Lamp oil (flacon) x3 | Grappling hook | 10' pole | Crowbar (standard) | Bâton de marche / Walking Staff | Leather barding,Backpack (medium leather) | Tent 2-man leather | Sleeping furs (light) | Blanket (heavy) | Field rations (basic) x7 | Waterskin (1 gal) x2 | Canteen (1 pt) | Lantern (hooded) | Rope (standard 50') | Hammer + 10 pitons | Flint & steel | Tinderbox | Cloak (wool hooded) | Boots (normal leather) | Gloves (leather) | Hat (leather),-7.37,YES,Théurgique,Magie Verte,-4,-4,1,-5,6,164.8,71.0,-1,-8,-5,2,2,-1,-2,-7,-6,-5,Aucun,2026-05-28 13:35:34
CH-00339,Dwarf,Arctic Dwarf,Great Glacier,Remote Trading Post,Groupe3_Coeur_Continental,Island Navigation | Wetland Tracking | Primitive Fire Mastery | Desert Water Mastery | Savanna Plant Knowledge | Marsh Disease Resistance,Information Brokerage | Noble Houses & Court Intrigue,Divine Myths & Legends | Magical Schools & Traditions | Trade Routes & Commerce,Weapons & Armor Smithing | Masonry,Illuskan,Illuskan | Nain | Uluik,262,293.4,universal_standard,0,None,,0,262,Belt (leather) + Belt pouch (large) | Map case + blank regional map | Lamp oil (flacon) x3 | Grappling hook | 10' pole | Crowbar (standard) | Bâton de marche / Walking Staff,Backpack (medium leather) | Tent 2-man leather | Sleeping furs (light) | Blanket (heavy) | Field rations (basic) x7 | Waterskin (1 gal) x2 | Canteen (1 pt) | Lantern (hooded) | Rope (standard 50') | Hammer + 10 pitons | Flint & steel | Tinderbox | Cloak (wool hooded) | Boots (normal leather) | Gloves (leather) | Hat (leather),-13.8,YES,Théurgique,Magie Verte,-11,-6,-4,-8,-4,107.6,33.9,-9,3,0,3,-5,0,4,0,11,1,Vision dans le noir + Robustesse naine,2026-05-28 13:35:34
CH-00340,Halfling,Strongheart Halfling,Luiren,Rural Village,Groupe3_Coeur_Continental,Plains Tracking | Wild Plant Foraging | Primitive Fire Mastery | Forest Stealth,,"Cosmology (Weave, Shadow Weave) | History of the Realms | Weave Theory | Spellplague & Its Aftermath",Perfumery & Cosmetics | Dyeing & Textile Coloring,Chondathan,Chondathan | Gnomish,999,293.4,universal_standard,0,None,Lance,320.0,679,Belt (leather) + Belt pouch (large) | Map case + blank regional map | Lamp oil (flacon) x3 | Grappling hook | 10' pole | Crowbar (standard) | Bâton de marche / Walking Staff | Lance,Backpack (medium leather) | Tent 2-man leather | Sleeping furs (light) | Blanket (heavy) | Field rations (basic) x7 | Waterskin (1 gal) x2 | Canteen (1 pt) | Lantern (hooded) | Rope (standard 50') | Hammer + 10 pitons | Flint & steel | Tinderbox | Cloak (wool hooded) | Boots (normal leather) | Gloves (leather) | Hat (leather),-10.36,YES,Arcanique,Magicien,-17,-5,0,-1,-8,125.7,24.7,-6,4,10,6,-4,-4,1,4,16,12,Robustesse,2026-05-28 13:35:34
CH-00341,Elf,Wood Elf,High Forest,Logging Camp,Groupe3_Coeur_Continental,Hermetic Medicine | Wild Plant Foraging | Complex Terrain Navigation | Marsh Movement | Forest Stealth,Guild Knowledge & Politics | Urban Stealth & Shadowing,Elven Culture | Trade Routes & Commerce,Rare Dye Making | Weapons & Armor Smithing | Carpentry & Woodworking,None,Elfique | Elven High Speech,784,293.4,universal_standard,1,Modest,Cranial drill | Main-gauche | Buckler,706.0,78,Belt (leather) + Belt pouch (large) | Map case + blank regional map | Lamp oil (flacon) x3 | Grappling hook | 10' pole | Crowbar (standard) | Bâton de marche / Walking Staff | Cranial drill | Main-gauche | Buckler,Backpack (medium leather) | Tent 2-man leather | Sleeping furs (light) | Blanket (heavy) | Field rations (basic) x7 | Waterskin (1 gal) x2 | Canteen (1 pt) | Lantern (hooded) | Rope (standard 50') | Hammer + 10 pitons | Flint & steel | Tinderbox | Cloak (wool hooded) | Boots (normal leather) | Gloves (leather) | Hat (leather),30.21,NO,None,,2,3,7,3,-4,178.6,78.9,1,-2,4,9,4,2,8,5,2,7,Transe + Immunité sommeil + VN (N2),2026-05-28 13:35:34
CH-00342,Human,Tethyrian,Amn,Major Trade City,Groupe2_Sud_Marchand,Desert Thermal Endurance | Forest Stealth | Wild Plant Foraging,Streetwise (Urban Underworld) | Heraldry & Lineage Recognition | Criminal Organizations & Syndicates | Urban Observation and Tailing | Noble Houses & Court Intrigue | Urban Observation and Tailing,History of the Realms | History of Imaskar | Laws & Customs of Nations | Major Cities & Regions,Carpentry & Woodworking | Locksmithing & Mechanisms | Herbalism & Potion Brewing,Chessentan,Chessentan | Elfique | Tethyrian,2814,293.4,universal_standard,2,Comfortable,Garde-reins | Cutlass | Buckler,1050.0,1764,Belt (leather) + Belt pouch (large) | Map case + blank regional map | Lamp oil (flacon) x3 | Grappling hook | 10' pole | Crowbar (standard) | Bâton de marche / Walking Staff | Garde-reins | Cutlass | Buckler,Backpack (medium leather) | Tent 2-man leather | Sleeping furs (light) | Blanket (heavy) | Field rations (basic) x7 | Waterskin (1 gal) x2 | Canteen (1 pt) | Lantern (hooded) | Rope (standard 50') | Hammer + 10 pitons | Flint & steel | Tinderbox | Cloak (wool hooded) | Boots (normal leather) | Gloves (leather) | Hat (leather),-2.62,YES,Arcanique,Magicien,-1,-2,0,0,2,185.2,74.8,2,0,-4,-3,2,7,0,-4,-3,-5,Aucun,2026-05-28 13:35:34
CH-00343,Human,Uthgardt,Spine of the World,Mountain Village,Groupe3_Coeur_Continental,Mountain Endurance | Plains Tracking | Desert Thermal Endurance | Advanced Tracking | Signaling and Rescue | Forest Stealth,,Divine Myths & Legends | Trade Routes & Commerce | Cultural Interactions | Ruins & Major Archaeological Sites,Papermaking & Ink Making,Illuskan,Illuskan | Northlander,551,293.4,universal_standard,1,Modest,"Rouncey | Lancet, bleeding",452.0,99,"Belt (leather) + Belt pouch (large) | Map case + blank regional map | Lamp oil (flacon) x3 | Grappling hook | 10' pole | Crowbar (standard) | Bâton de marche / Walking Staff | Lancet, bleeding",Backpack (medium leather) | Tent 2-man leather | Sleeping furs (light) | Blanket (heavy) | Field rations (basic) x7 | Waterskin (1 gal) x2 | Canteen (1 pt) | Lantern (hooded) | Rope (standard 50') | Hammer + 10 pitons | Flint & steel | Tinderbox | Cloak (wool hooded) | Boots (normal leather) | Gloves (leather) | Hat (leather) | Rouncey,-9.93,YES,Arcanique,Magicien,-3,-4,-5,-4,9,181.9,78.9,1,-8,-6,-1,-3,-3,-3,-1,-8,-7,Aucun,2026-05-28 13:35:34
CH-00344,Human,Damaran,Vaasa,Mountain Village,Groupe5_Nord_Sauvage,Complex Terrain Navigation | Trapping and Snaring | Mountain Endurance | Advanced Tracking | Hermetic Medicine,,Court Etiquette & Protocol | History of the Realms | Major Religions & Deities | Lost Kingdoms & Cities,Masonry | Weaving & Spinning,Reghed | Thorass,Chondathan | Damaran | Nar | Reghed,539,293.4,universal_standard,0,None,"Kettle hat | Lancet, bleeding",282.0,257,"Belt (leather) + Belt pouch (large) | Map case + blank regional map | Lamp oil (flacon) x3 | Grappling hook | 10' pole | Crowbar (standard) | Bâton de marche / Walking Staff | Lancet, bleeding",Backpack (medium leather) | Tent 2-man leather | Sleeping furs (light) | Blanket (heavy) | Field rations (basic) x7 | Waterskin (1 gal) x2 | Canteen (1 pt) | Lantern (hooded) | Rope (standard 50') | Hammer + 10 pitons | Flint & steel | Tinderbox | Cloak (wool hooded) | Boots (normal leather) | Gloves (leather) | Hat (leather) | Kettle hat,4.66,NO,None,,3,1,-1,0,11,166.1,83.2,0,-4,3,3,-2,2,-7,-5,-3,4,Aucun,2026-05-28 13:35:34
CH-00345,Human,Lantanna,Lantan,Remote Trading Post,Groupe3_Coeur_Continental,Oceanic Navigation | Deep-Sea Fishing | Coastal Survival | Desert Water Mastery,Information Brokerage,"History of Magic | Nobility & Heraldry | Ancient Realms (Netheril, Imaskar...) | Divine Myths & Legends",Masonry,Lantanna | Calishite,Calishite | Lantanna,4003,293.4,universal_standard,3,Wealthy,"Mail coif | Camel, riding | Plate chanfron | Kettle hat | Bevor | Buckler",3525.0,478,Belt (leather) + Belt pouch (large) | Map case + blank regional map | Lamp oil (flacon) x3 | Grappling hook | 10' pole | Crowbar (standard) | Bâton de marche / Walking Staff | Mail coif | Plate chanfron | Bevor | Buckler,"Backpack (medium leather) | Tent 2-man leather | Sleeping furs (light) | Blanket (heavy) | Field rations (basic) x7 | Waterskin (1 gal) x2 | Canteen (1 pt) | Lantern (hooded) | Rope (standard 50') | Hammer + 10 pitons | Flint & steel | Tinderbox | Cloak (wool hooded) | Boots (normal leather) | Gloves (leather) | Hat (leather) | Camel, riding | Kettle hat",0.37,NO,None,,3,1,-8,-1,10,169.2,78.9,0,6,-3,-5,-5,1,2,-7,0,-5,Aucun,2026-05-28 13:35:34
CH-00346,Human,Chondathan,The Dalelands,Forest Village,Groupe3_Coeur_Continental,Plains Tracking | Wild Plant Foraging | Shelter Construction | Open Land Navigation | Forest Stealth | Advanced Tracking,,Spellplague & Its Aftermath | Dragon Lore | Court Etiquette & Protocol,Cooking (Fine Cuisine) | Perfumery & Cosmetics,Chondathan,Chondathan | Elfique | Thorass,868,293.4,universal_standard,0,None,"Lancet, bleeding",2.0,866,"Belt (leather) + Belt pouch (large) | Map case + blank regional map | Lamp oil (flacon) x3 | Grappling hook | 10' pole | Crowbar (standard) | Bâton de marche / Walking Staff | Lancet, bleeding",Backpack (medium leather) | Tent 2-man leather | Sleeping furs (light) | Blanket (heavy) | Field rations (basic) x7 | Waterskin (1 gal) x2 | Canteen (1 pt) | Lantern (hooded) | Rope (standard 50') | Hammer + 10 pitons | Flint & steel | Tinderbox | Cloak (wool hooded) | Boots (normal leather) | Gloves (leather) | Hat (leather),-6.99,YES,Arcanique,Magicien,-7,-5,2,-4,3,159.3,57.5,-1,-4,-5,0,3,0,0,3,-2,-5,Aucun,2026-05-28 13:35:34
CH-00347,Human,Bedine,Anauroch,Isolated Hamlet,Groupe3_Coeur_Continental,Forest Stealth | Desert Water Mastery | Desert Thermal Endurance | Open Land Navigation,,Spellplague & Its Aftermath | Local Folklore & Legends,Dyeing & Textile Coloring | Smithing & Metallurgy | Jewelry & Goldsmithing,None,Chondathan | Midani | Thorass,433,293.4,universal_standard,0,None,Parma,280.0,153,Belt (leather) + Belt pouch (large) | Map case + blank regional map | Lamp oil (flacon) x3 | Grappling hook | 10' pole | Crowbar (standard) | Bâton de marche / Walking Staff | Parma,Backpack (medium leather) | Tent 2-man leather | Sleeping furs (light) | Blanket (heavy) | Field rations (basic) x7 | Waterskin (1 gal) x2 | Canteen (1 pt) | Lantern (hooded) | Rope (standard 50') | Hammer + 10 pitons | Flint & steel | Tinderbox | Cloak (wool hooded) | Boots (normal leather) | Gloves (leather) | Hat (leather),15.27,NO,None,,-2,-1,7,2,7,193.7,78.9,3,-5,-1,4,6,7,-2,10,-3,0,Aucun,2026-05-28 13:35:34
CH-00348,Human,Calishite,Calimshan,Major Trade City,Groupe2_Sud_Marchand,Desert Water Mastery,Noble Houses & Court Intrigue | Urban Observation and Tailing | Streetwise (Urban Underworld) | Urban Observation and Tailing,History of Magic | Laws & Customs of Nations | Major Cities & Regions | History of the Realms,Navigation (Land & Sea),Chondathan | Thorass,Calishite | Chondathan | Tashalan,4180,293.4,universal_standard,3,Wealthy,Destrier (quality) | Bevor | Cuisses (renforcées),3790.0,390,Belt (leather) + Belt pouch (large) | Map case + blank regional map | Lamp oil (flacon) x3 | Grappling hook | 10' pole | Crowbar (standard) | Bâton de marche / Walking Staff | Destrier (quality) | Bevor | Cuisses (renforcées),Backpack (medium leather) | Tent 2-man leather | Sleeping furs (light) | Blanket (heavy) | Field rations (basic) x7 | Waterskin (1 gal) x2 | Canteen (1 pt) | Lantern (hooded) | Rope (standard 50') | Hammer + 10 pitons | Flint & steel | Tinderbox | Cloak (wool hooded) | Boots (normal leather) | Gloves (leather) | Hat (leather),9.94,NO,None,,0,2,3,2,0,165.0,67.4,-1,4,2,7,1,3,6,4,7,4,Aucun,2026-05-28 13:35:34
CH-00349,Human,Calishite,Calimshan,Major Trade City,Groupe2_Sud_Marchand,,Poison Lore & Subtle Application | Urban Observation and Tailing | Sleight of Hand & Cheating | Fences and Buyers Network | Sleight of Hand & Cheating,Elven Culture | Guilds & Organizations | Cultural Interactions | Court Etiquette & Protocol,Cooking (Fine Cuisine) | Perfumery & Cosmetics | Smithing & Metallurgy,Chondathan | Thorass,Calishite | Chondathan,4226,293.4,universal_standard,3,Wealthy,"Rouncey | Close Helmet (Maximilian) | Camel, riding | Bec de Corbin | Maille collerette ou manches",4055.0,171,Belt (leather) + Belt pouch (large) | Map case + blank regional map | Lamp oil (flacon) x3 | Grappling hook | 10' pole | Crowbar (standard) | Bâton de marche / Walking Staff | Close Helmet (Maximilian) | Bec de Corbin | Maille collerette ou manches,"Backpack (medium leather) | Tent 2-man leather | Sleeping furs (light) | Blanket (heavy) | Field rations (basic) x7 | Waterskin (1 gal) x2 | Canteen (1 pt) | Lantern (hooded) | Rope (standard 50') | Hammer + 10 pitons | Flint & steel | Tinderbox | Cloak (wool hooded) | Boots (normal leather) | Gloves (leather) | Hat (leather) | Rouncey | Camel, riding",4.64,NO,None,,0,1,1,2,6,178.8,71.0,1,2,1,3,0,1,1,2,3,2,Aucun,2026-05-28 13:35:34
CH-00350,Human,Calishite,Calimshan,Major Port City,Groupe2_Sud_Marchand,,Noble Houses & Court Intrigue | Guild Knowledge & Politics | Fences and Buyers Network | Urban Stealth & Shadowing,Major Religions & Deities | Nobility & Heraldry | Astronomy & Star Navigation | Divine Myths & Legends,Masonry | Glassworking,Tashalan | Mulhorandi,Chondathan | Mulhorandi | Tashalan,3259,293.4,universal_standard,2,Comfortable,Cloak (wool) | Lucerne Hammer | Cuisses (renforcées) | Main-gauche | Buckler,1679.0,1580,Belt (leather) + Belt pouch (large) | Map case + blank regional map | Lamp oil (flacon) x3 | Grappling hook | 10' pole | Crowbar (standard) | Bâton de marche / Walking Staff | Cuisses (renforcées) | Main-gauche | Buckler,Backpack (medium leather) | Tent 2-man leather | Sleeping furs (light) | Blanket (heavy) | Field rations (basic) x7 | Waterskin (1 gal) x2 | Canteen (1 pt) | Lantern (hooded) | Rope (standard 50') | Hammer + 10 pitons | Flint & steel | Tinderbox | Cloak (wool hooded) | Boots (normal leather) | Gloves (leather) | Hat (leather) | Cloak (wool) | Lucerne Hammer,-0.36,NO,None,,-1,-1,2,-1,8,173.9,74.8,0,-1,-4,3,2,6,5,8,0,-3,Aucun,2026-05-28 13:35:34
CH-00351,Human,Tethyrian,The Dalelands,Forest Village,Groupe3_Coeur_Continental,Complex Terrain Navigation | Forest Stealth | Wild Plant Foraging | Advanced Tracking,,Fall of Myth Drannor | Laws & Customs of Nations | Major Religions & Deities | Guilds & Organizations,Architecture | Lens Making & Optics | Masonry,Cormyrian | Thorass,Cormyrian | Tethyrian,946,293.4,universal_standard,1,Modest,Simple Breastplate,500.0,446,Belt (leather) + Belt pouch (large) | Map case + blank regional map | Lamp oil (flacon) x3 | Grappling hook | 10' pole | Crowbar (standard) | Bâton de marche / Walking Staff | Simple Breastplate,Backpack (medium leather) | Tent 2-man leather | Sleeping furs (light) | Blanket (heavy) | Field rations (basic) x7 | Waterskin (1 gal) x2 | Canteen (1 pt) | Lantern (hooded) | Rope (standard 50') | Hammer + 10 pitons | Flint & steel | Tinderbox | Cloak (wool hooded) | Boots (normal leather) | Gloves (leather) | Hat (leather),23.78,NO,None,,5,4,2,3,1,180.2,83.2,1,3,5,2,1,2,0,2,2,5,Aucun,2026-05-28 13:35:34
CH-00352,Human,Uthgardt,Le Nord (The North),Farming Hamlet,Groupe5_Nord_Sauvage,Storm and Seasickness Mastery | Plains Tracking | Forest Stealth,,Geography of Faerûn | Divine Myths & Legends | Cultural Interactions | Dragon Lore,Locksmithing & Mechanisms,Illuskan,Illuskan | Vaasan,546,293.4,universal_standard,0,None,Buckler,220.0,326,Belt (leather) + Belt pouch (large) | Map case + blank regional map | Lamp oil (flacon) x3 | Grappling hook | 10' pole | Crowbar (standard) | Bâton de marche / Walking Staff | Buckler,Backpack (medium leather) | Tent 2-man leather | Sleeping furs (light) | Blanket (heavy) | Field rations (basic) x7 | Waterskin (1 gal) x2 | Canteen (1 pt) | Lantern (hooded) | Rope (standard 50') | Hammer + 10 pitons | Flint & steel | Tinderbox | Cloak (wool hooded) | Boots (normal leather) | Gloves (leather) | Hat (leather),-9.78,YES,Théurgique,Magie Blanche,-5,-3,-6,-2,4,162.1,60.6,-1,-4,0,0,-6,8,-7,-2,-2,0,Aucun,2026-05-28 13:35:34
CH-00353,Human,Chondathan,Sembia,Small Town,Groupe2_Sud_Marchand,Weather Reading,Lockpicking and Trap Disarming | Streetwise (Urban Underworld) | Urban Observation and Tailing,"Guilds & Organizations | Festivals, Calendars & Traditions | Court Etiquette & Protocol | Divine Myths & Legends",Masonry | Fireworks Making | Weapons & Armor Smithing,Thorass | Chondathan,Chondathan | Thorass,3257,293.4,universal_standard,2,Comfortable,Rapier | Pike | Sallet ou Armet (classique) | Buckler,1970.0,1287,Belt (leather) + Belt pouch (large) | Map case + blank regional map | Lamp oil (flacon) x3 | Grappling hook | 10' pole | Crowbar (standard) | Bâton de marche / Walking Staff | Rapier | Pike | Sallet ou Armet (classique) | Buckler,Backpack (medium leather) | Tent 2-man leather | Sleeping furs (light) | Blanket (heavy) | Field rations (basic) x7 | Waterskin (1 gal) x2 | Canteen (1 pt) | Lantern (hooded) | Rope (standard 50') | Hammer + 10 pitons | Flint & steel | Tinderbox | Cloak (wool hooded) | Boots (normal leather) | Gloves (leather) | Hat (leather),3.04,NO,None,,-2,0,3,0,7,162.0,63.9,-1,2,-1,6,2,-1,-4,4,6,1,Aucun,2026-05-28 13:35:34
CH-00354,Human,Ffolk,Moonshae Isles,Fishing Village,Groupe11_Moonshae,River Crossing | Dark Water Swimming | Oceanic Navigation | Coastal Survival,,Geography of Faerûn | Legendary Artifacts & Relics | Aberration Lore | Halfling Culture,Stone & Wood Carving,Illuskan,Chondathan | Elfique | Illuskan,602,293.4,universal_standard,0,None,"Lancet, bleeding",2.0,600,"Belt (leather) + Belt pouch (large) | Map case + blank regional map | Lamp oil (flacon) x3 | Grappling hook | 10' pole | Crowbar (standard) | Bâton de marche / Walking Staff | Lancet, bleeding",Backpack (medium leather) | Tent 2-man leather | Sleeping furs (light) | Blanket (heavy) | Field rations (basic) x7 | Waterskin (1 gal) x2 | Canteen (1 pt) | Lantern (hooded) | Rope (standard 50') | Hammer + 10 pitons | Flint & steel | Tinderbox | Cloak (wool hooded) | Boots (normal leather) | Gloves (leather) | Hat (leather),6.96,NO,None,,4,1,0,-1,12,181.6,92.4,1,5,-8,-1,2,-6,-3,-1,0,-9,Aucun,2026-05-28 13:35:34
CH-00355,Human,Ffolk,Moonshae Isles,Farming Hamlet,Groupe11_Moonshae,Trapping and Snaring | Oceanic Navigation | River Crossing | Dark Water Swimming | Coastal Survival,Streetwise (Urban Underworld) | Urban Observation and Tailing,History of Netheril | Laws & Customs of Nations | History of Magic,Weaving & Spinning | Ritual Object Crafting | Leatherworking & Tanning,Northlander,Ffolk | Illuskan | Northlander | Sossrim,519,293.4,universal_standard,0,None,Full shield | Buckler,290.0,229,Belt (leather) + Belt pouch (large) | Map case + blank regional map | Lamp oil (flacon) x3 | Grappling hook | 10' pole | Crowbar (standard) | Bâton de marche / Walking Staff | Full shield | Buckler,Backpack (medium leather) | Tent 2-man leather | Sleeping furs (light) | Blanket (heavy) | Field rations (basic) x7 | Waterskin (1 gal) x2 | Canteen (1 pt) | Lantern (hooded) | Rope (standard 50') | Hammer + 10 pitons | Flint & steel | Tinderbox | Cloak (wool hooded) | Boots (normal leather) | Gloves (leather) | Hat (leather),-2.75,YES,Arcanique,Magicien,-5,-3,3,-3,4,163.5,63.9,-1,-6,-2,4,3,-3,-6,-4,-2,-1,Aucun,2026-05-28 13:35:34
CH-00356,Elf,Wood Elf,High Forest,Forest Village,Groupe3_Coeur_Continental,Hermetic Medicine | Wild Plant Foraging | Marsh Movement | Complex Terrain Navigation | Advanced Tracking,Urban Observation and Tailing,"History of Netheril | Festivals, Calendars & Traditions | Divine Myths & Legends | Major Religions & Deities",Locksmithing & Mechanisms,Druidic,Druidic | Elfique | Thorass,640,293.4,universal_standard,1,Modest,Main-gauche,480.0,160,Belt (leather) + Belt pouch (large) | Map case + blank regional map | Lamp oil (flacon) x3 | Grappling hook | 10' pole | Crowbar (standard) | Bâton de marche / Walking Staff | Main-gauche,Backpack (medium leather) | Tent 2-man leather | Sleeping furs (light) | Blanket (heavy) | Field rations (basic) x7 | Waterskin (1 gal) x2 | Canteen (1 pt) | Lantern (hooded) | Rope (standard 50') | Hammer + 10 pitons | Flint & steel | Tinderbox | Cloak (wool hooded) | Boots (normal leather) | Gloves (leather) | Hat (leather),4.42,NO,None,,0,-2,3,-2,13,186.8,83.2,2,-3,-6,-2,5,-7,4,-5,-6,-7,Transe + Immunité sommeil + VN (N2),2026-05-28 13:35:34
CH-00357,Human,Mulan,Unther,Fortified City,Groupe12_Old_Empires,Marsh Movement | Marsh Disease Resistance | Hermetic Medicine,Black Market Operations | Sleight of Hand & Cheating | Heraldry & Lineage Recognition,Religious Cults & Orders | Dwarven Culture | Laws & Customs of Nations,Preservation & Salting | Smithing & Metallurgy | Leatherworking & Tanning,Untheric,Mulhorandi | Untheric,1338,293.4,universal_standard,1,Modest,Tent 8-man leather | Skeleton key,825.0,513,Belt (leather) + Belt pouch (large) | Map case + blank regional map | Lamp oil (flacon) x3 | Grappling hook | 10' pole | Crowbar (standard) | Bâton de marche / Walking Staff | Skeleton key,Backpack (medium leather) | Tent 2-man leather | Sleeping furs (light) | Blanket (heavy) | Field rations (basic) x7 | Waterskin (1 gal) x2 | Canteen (1 pt) | Lantern (hooded) | Rope (standard 50') | Hammer + 10 pitons | Flint & steel | Tinderbox | Cloak (wool hooded) | Boots (normal leather) | Gloves (leather) | Hat (leather) | Tent 8-man leather,-2.16,YES,Théurgique,Magie Verte,0,-1,1,-3,1,160.5,71.0,-1,0,-2,-2,3,-1,2,3,-2,-3,Aucun,2026-05-28 13:35:34
CH-00358,Human,Illuskan,Spine of the World,Logging Camp,Groupe3_Coeur_Continental,River Crossing | Littoral Foraging | Oceanic Navigation | Storm and Seasickness Mastery | Deep-Sea Fishing,Criminal Organizations & Syndicates | Streetwise (Urban Underworld),"Laws & Customs of Nations | Festivals, Calendars & Traditions | Geography of Faerûn | History of Imaskar",Smithing & Metallurgy | Locksmithing & Mechanisms,Illuskan,Illuskan | Nain,495,293.4,universal_standard,0,None,Parma,280.0,215,Belt (leather) + Belt pouch (large) | Map case + blank regional map | Lamp oil (flacon) x3 | Grappling hook | 10' pole | Crowbar (standard) | Bâton de marche / Walking Staff | Parma,Backpack (medium leather) | Tent 2-man leather | Sleeping furs (light) | Blanket (heavy) | Field rations (basic) x7 | Waterskin (1 gal) x2 | Canteen (1 pt) | Lantern (hooded) | Rope (standard 50') | Hammer + 10 pitons | Flint & steel | Tinderbox | Cloak (wool hooded) | Boots (normal leather) | Gloves (leather) | Hat (leather),-8.41,YES,Théurgique,Magie Blanche,-5,-3,-1,-3,2,153.8,54.6,-2,0,0,-1,0,3,-2,7,1,-1,Aucun,2026-05-28 13:35:34
CH-00359,Human,Damaran,Damara,Fortified City,Groupe5_Nord_Sauvage,Technical Rock Climbing | Complex Terrain Navigation | Mountain Endurance | Hermetic Medicine,Urban Observation and Tailing | Streetwise (Urban Underworld) | Forgery of Documents & Seals,Nobility & Heraldry | History of the Realms | Religious Cults & Orders,Locksmithing & Mechanisms | Accounting & Estate Management,Illuskan,Chondathan | Illuskan | Vaasan,1241,293.4,universal_standard,2,Comfortable,Partisan | Lockpicks (average),1050.0,191,Belt (leather) + Belt pouch (large) | Map case + blank regional map | Lamp oil (flacon) x3 | Grappling hook | 10' pole | Crowbar (standard) | Bâton de marche / Walking Staff | Partisan | Lockpicks (average),Backpack (medium leather) | Tent 2-man leather | Sleeping furs (light) | Blanket (heavy) | Field rations (basic) x7 | Waterskin (1 gal) x2 | Canteen (1 pt) | Lantern (hooded) | Rope (standard 50') | Hammer + 10 pitons | Flint & steel | Tinderbox | Cloak (wool hooded) | Boots (normal leather) | Gloves (leather) | Hat (leather),-2.0,NO,None,,-1,0,0,-1,13,169.5,67.4,0,8,-6,-2,2,-1,-8,-1,5,-7,Aucun,2026-05-28 13:35:34
CH-00360,Human,Mulan,Mulhorand,Metropolis,Groupe8_Mulhorand,,Poison Lore & Subtle Application | Streetwise (Urban Underworld) | Sleight of Hand & Cheating | Sleight of Hand & Cheating,Trade Routes & Commerce | History of the Realms | History of Magic | Halfling Culture,Candle & Soap Making | Accounting & Estate Management | Calligraphy & Illumination,Infernal | Mulhorandi,Infernal | Mulhorandi,2376,293.4,universal_standard,0,None,"Lancet, bleeding",2.0,2374,"Belt (leather) + Belt pouch (large) | Map case + blank regional map | Lamp oil (flacon) x3 | Grappling hook | 10' pole | Crowbar (standard) | Bâton de marche / Walking Staff | Lancet, bleeding",Backpack (medium leather) | Tent 2-man leather | Sleeping furs (light) | Blanket (heavy) | Field rations (basic) x7 | Waterskin (1 gal) x2 | Canteen (1 pt) | Lantern (hooded) | Rope (standard 50') | Hammer + 10 pitons | Flint & steel | Tinderbox | Cloak (wool hooded) | Boots (normal leather) | Gloves (leather) | Hat (leather),-3.62,YES,Arcanique,Magicien,0,-1,-2,-1,3,180.2,78.9,1,-7,4,-3,-1,-2,2,2,-9,3,Aucun,2026-05-28 13:35:34
CH-00361,Human,Rashemi,Thesk,Small Town,Groupe3_Coeur_Continental,Marsh Disease Resistance,Streetwise (Urban Underworld) | Urban Observation and Tailing,Gnomish Culture | Halfling Culture | Nobility & Heraldry | Divine Myths & Legends,Beekeeping | Cartography | Shipbuilding,Rashemi,Chondathan | Illuskan | Rashemi,1273,293.4,universal_standard,2,Comfortable,Rouncey | Maille collerette ou manches,1090.0,183,Belt (leather) + Belt pouch (large) | Map case + blank regional map | Lamp oil (flacon) x3 | Grappling hook | 10' pole | Crowbar (standard) | Bâton de marche / Walking Staff | Maille collerette ou manches,Backpack (medium leather) | Tent 2-man leather | Sleeping furs (light) | Blanket (heavy) | Field rations (basic) x7 | Waterskin (1 gal) x2 | Canteen (1 pt) | Lantern (hooded) | Rope (standard 50') | Hammer + 10 pitons | Flint & steel | Tinderbox | Cloak (wool hooded) | Boots (normal leather) | Gloves (leather) | Hat (leather) | Rouncey,5.34,NO,None,,4,0,0,-2,12,183.2,97.4,2,1,-8,-6,4,0,5,1,-6,-10,Aucun,2026-05-28 13:35:34
CH-00362,Human,Damaran,Moonsea,Small Town,Groupe4_Vilhon_Est,Complex Terrain Navigation | Advanced Tracking | Technical Rock Climbing,Guild Knowledge & Politics | Information Brokerage | Urban Stealth & Shadowing,Trade Routes & Commerce | Dragon Lore | Guilds & Organizations | Elven Culture,Dyeing & Textile Coloring | Cooking (Fine Cuisine) | Sail & Rope Making,Chondathan | Thorass,Chondathan | Damaran | Reghed | Thorass,1135,293.4,universal_standard,1,Modest,Reinforced Gambeson | Cloak (wool),659.0,476,Belt (leather) + Belt pouch (large) | Map case + blank regional map | Lamp oil (flacon) x3 | Grappling hook | 10' pole | Crowbar (standard) | Bâton de marche / Walking Staff | Reinforced Gambeson,Backpack (medium leather) | Tent 2-man leather | Sleeping furs (light) | Blanket (heavy) | Field rations (basic) x7 | Waterskin (1 gal) x2 | Canteen (1 pt) | Lantern (hooded) | Rope (standard 50') | Hammer + 10 pitons | Flint & steel | Tinderbox | Cloak (wool hooded) | Boots (normal leather) | Gloves (leather) | Hat (leather) | Cloak (wool),1.0,NO,None,,1,-1,1,0,11,177.0,78.9,1,-2,2,-5,3,5,1,-2,-6,0,Aucun,2026-05-28 13:35:34
CH-00363,Half-elf,Drow Half-elf,Underdark,Isolated Hamlet,Groupe14_Underdark,Underground Navigation | Technical Rock Climbing | Complex Terrain Navigation | Confined Space Stealth | Hermetic Medicine,,Elven Culture | Genasi & Elemental Peoples | Orc & Goblinoid Culture | Major Cities & Regions,Carpentry & Woodworking | Glassworking | Dyeing & Textile Coloring,Glifo (Drow),Abyssal | Glifo (Drow) | Undercommon,724,293.4,universal_standard,1,Modest,Lockpicks (fine) | Haubergeon / Collerette,550.0,174,Belt (leather) + Belt pouch (large) | Map case + blank regional map | Lamp oil (flacon) x3 | Grappling hook | 10' pole | Crowbar (standard) | Bâton de marche / Walking Staff | Lockpicks (fine) | Haubergeon / Collerette,Backpack (medium leather) | Tent 2-man leather | Sleeping furs (light) | Blanket (heavy) | Field rations (basic) x7 | Waterskin (1 gal) x2 | Canteen (1 pt) | Lantern (hooded) | Rope (standard 50') | Hammer + 10 pitons | Flint & steel | Tinderbox | Cloak (wool hooded) | Boots (normal leather) | Gloves (leather) | Hat (leather),13.73,NO,None,,-7,-2,7,1,-1,162.4,49.1,-1,-1,5,6,4,5,5,13,6,7,Vision dans le noir + sorts innés,2026-05-28 13:35:34
CH-00364,Dwarf,Shield Dwarf,Mithral Hall,Fortified City,Groupe6_Bloc_Nain,Underground Navigation,Sleight of Hand & Cheating | Black Market Operations | Urban Stealth & Shadowing,Gnomish Culture | Astronomy & Star Navigation | Dwarven Culture | Political Currents & Rivalries,Weaving & Spinning,Nain,Illuskan | Nain,1251,293.4,universal_standard,2,Comfortable,Kettle hat | Close Helmet (Maximilian) | Buckler,1150.0,101,Belt (leather) + Belt pouch (large) | Map case + blank regional map | Lamp oil (flacon) x3 | Grappling hook | 10' pole | Crowbar (standard) | Bâton de marche / Walking Staff | Close Helmet (Maximilian) | Buckler,Backpack (medium leather) | Tent 2-man leather | Sleeping furs (light) | Blanket (heavy) | Field rations (basic) x7 | Waterskin (1 gal) x2 | Canteen (1 pt) | Lantern (hooded) | Rope (standard 50') | Hammer + 10 pitons | Flint & steel | Tinderbox | Cloak (wool hooded) | Boots (normal leather) | Gloves (leather) | Hat (leather) | Kettle hat,5.85,NO,None,,5,0,-3,-6,9,141.3,83.2,-4,4,-6,-2,-1,3,0,1,0,-7,Vision dans le noir + Robustesse naine,2026-05-28 13:35:34
CH-00365,Dwarf,Shield Dwarf,Mithral Hall,Fortified City,Groupe6_Bloc_Nain,Mountain Endurance | Complex Terrain Navigation | Advanced Tracking,Urban Stealth & Shadowing | Temple Politics & Religious Intrigue | Streetwise (Urban Underworld),"Laws & Customs of Nations | Cosmology (Weave, Shadow Weave)",Navigation (Land & Sea) | Leatherworking & Tanning,None,Nain,1070,293.4,universal_standard,1,Modest,Kettle hat | Buckler,500.0,570,Belt (leather) + Belt pouch (large) | Map case + blank regional map | Lamp oil (flacon) x3 | Grappling hook | 10' pole | Crowbar (standard) | Bâton de marche / Walking Staff | Buckler,Backpack (medium leather) | Tent 2-man leather | Sleeping furs (light) | Blanket (heavy) | Field rations (basic) x7 | Waterskin (1 gal) x2 | Canteen (1 pt) | Lantern (hooded) | Rope (standard 50') | Hammer + 10 pitons | Flint & steel | Tinderbox | Cloak (wool hooded) | Boots (normal leather) | Gloves (leather) | Hat (leather) | Kettle hat,5.21,NO,None,,2,-1,3,-5,11,143.9,74.8,-3,-1,-1,-3,5,4,-2,0,-4,-2,Vision dans le noir + Robustesse naine,2026-05-28 13:35:34
CH-00366,Half-orc,Half-Orc,Underdark,Isolated Hamlet,Groupe14_Underdark,Underground Navigation | Technical Rock Climbing | Confined Space Stealth | Advanced Tracking | Battlefield Riding | Mountain Endurance,Streetwise (Urban Underworld),Astronomy & Star Navigation | Geography of Faerûn,Smithing & Metallurgy,None,Chondathan | Glifo (Drow) | Orc,605,293.4,universal_standard,1,Modest,Cloak (wool) | Falchion,459.0,146,Belt (leather) + Belt pouch (large) | Map case + blank regional map | Lamp oil (flacon) x3 | Grappling hook | 10' pole | Crowbar (standard) | Bâton de marche / Walking Staff | Falchion,Backpack (medium leather) | Tent 2-man leather | Sleeping furs (light) | Blanket (heavy) | Field rations (basic) x7 | Waterskin (1 gal) x2 | Canteen (1 pt) | Lantern (hooded) | Rope (standard 50') | Hammer + 10 pitons | Flint & steel | Tinderbox | Cloak (wool hooded) | Boots (normal leather) | Gloves (leather) | Hat (leather) | Cloak (wool),18.61,NO,None,,9,1,-7,-3,11,181.3,114.1,1,3,-8,-8,-2,-5,2,-1,-7,-11,Force brutale + Vision dans le noir N1,2026-05-28 13:35:34
CH-00367,Human,Ulutiun,Icewind Dale,Remote Trading Post,Groupe5_Nord_Sauvage,Desert Water Mastery | Arctic Hunting | Wild Plant Foraging | Battlefield Riding | Technical Rock Climbing,Guild Knowledge & Politics,Court Etiquette & Protocol | Divine Myths & Legends,Magical Goldsmithing (Theoretical),None,Illuskan | Reghed | Thorass | Ulutiun,443,293.4,universal_standard,0,None,"Lancet, bleeding",2.0,441,"Belt (leather) + Belt pouch (large) | Map case + blank regional map | Lamp oil (flacon) x3 | Grappling hook | 10' pole | Crowbar (standard) | Bâton de marche / Walking Staff | Lancet, bleeding",Backpack (medium leather) | Tent 2-man leather | Sleeping furs (light) | Blanket (heavy) | Field rations (basic) x7 | Waterskin (1 gal) x2 | Canteen (1 pt) | Lantern (hooded) | Rope (standard 50') | Hammer + 10 pitons | Flint & steel | Tinderbox | Cloak (wool hooded) | Boots (normal leather) | Gloves (leather) | Hat (leather),-0.62,NO,None,,0,1,-2,0,7,167.8,71.0,0,4,-2,3,-2,-3,2,3,5,-1,Aucun,2026-05-28 13:35:34
CH-00368,Half-elf,Wild Half-elf,Cormanthor,Forest Village,Groupe3_Coeur_Continental,Mountain Endurance | Advanced Tracking | Shelter Construction | Primitive Fire Mastery | Wild Plant Foraging,Disguise & Impersonation | Criminal Organizations & Syndicates,"Magical Schools & Traditions | Cosmology (Weave, Shadow Weave) | History of the Realms | Fey & Feywild Knowledge",Musical Instrument Making,Elfique,Elfique,704,293.4,universal_standard,0,None,"Lancet, bleeding",2.0,702,"Belt (leather) + Belt pouch (large) | Map case + blank regional map | Lamp oil (flacon) x3 | Grappling hook | 10' pole | Crowbar (standard) | Bâton de marche / Walking Staff | Lancet, bleeding",Backpack (medium leather) | Tent 2-man leather | Sleeping furs (light) | Blanket (heavy) | Field rations (basic) x7 | Waterskin (1 gal) x2 | Canteen (1 pt) | Lantern (hooded) | Rope (standard 50') | Hammer + 10 pitons | Flint & steel | Tinderbox | Cloak (wool hooded) | Boots (normal leather) | Gloves (leather) | Hat (leather),2.48,NO,None,,-3,-3,4,-3,11,153.6,60.6,-2,-1,2,-7,6,7,-2,-2,-4,-1,Méditation + Immunité sommeil + VN (N1),2026-05-28 13:35:34
CH-00369,Human,Tethyrian,Western Heartlands,Large Town,Groupe3_Coeur_Continental,Forest Stealth | Marsh Movement | Advanced Tracking | Subterranean Hazard Resistance,Urban Stealth & Shadowing | Urban Stealth & Shadowing,Trade Routes & Commerce | History of Magic | Major Religions & Deities,Carpentry & Woodworking,Tethyrian,Chondathan | Cormyrian | Tethyrian,1633,293.4,universal_standard,2,Comfortable,Main-gauche | Tassets | Club (rudimentaire) | Palfrey,1475.0,158,Belt (leather) + Belt pouch (large) | Map case + blank regional map | Lamp oil (flacon) x3 | Grappling hook | 10' pole | Crowbar (standard) | Bâton de marche / Walking Staff | Main-gauche | Tassets | Club (rudimentaire),Backpack (medium leather) | Tent 2-man leather | Sleeping furs (light) | Blanket (heavy) | Field rations (basic) x7 | Waterskin (1 gal) x2 | Canteen (1 pt) | Lantern (hooded) | Rope (standard 50') | Hammer + 10 pitons | Flint & steel | Tinderbox | Cloak (wool hooded) | Boots (normal leather) | Gloves (leather) | Hat (leather) | Palfrey,33.83,NO,None,,7,4,4,3,-2,175.2,92.4,1,0,9,-1,3,5,5,5,-4,8,Aucun,2026-05-28 13:35:34
CH-00370,Human,Chondathan,The Dalelands,Remote Trading Post,Groupe3_Coeur_Continental,Plains Tracking | Forest Stealth | Wild Plant Foraging | Complex Terrain Navigation | Open Land Navigation,City Secrets & Hidden Routes,History of Imaskar | Guilds & Organizations | Local Folklore & Legends | Nobility & Heraldry,Animal Husbandry & Training,Chondathan,Chessentan | Chondathan | Sembian,955,293.4,universal_standard,1,Modest,Lance rudimentaire | Flanged Mace | Buckler,850.0,105,Belt (leather) + Belt pouch (large) | Map case + blank regional map | Lamp oil (flacon) x3 | Grappling hook | 10' pole | Crowbar (standard) | Bâton de marche / Walking Staff | Lance rudimentaire | Flanged Mace | Buckler,Backpack (medium leather) | Tent 2-man leather | Sleeping furs (light) | Blanket (heavy) | Field rations (basic) x7 | Waterskin (1 gal) x2 | Canteen (1 pt) | Lantern (hooded) | Rope (standard 50') | Hammer + 10 pitons | Flint & steel | Tinderbox | Cloak (wool hooded) | Boots (normal leather) | Gloves (leather) | Hat (leather),33.97,NO,None,,6,5,2,5,-1,186.6,92.4,2,2,5,7,-1,0,-3,10,3,7,Aucun,2026-05-28 13:35:34
CH-00371,Human,Calishite,Calimshan,Major Trade City,Groupe2_Sud_Marchand,,Smuggling Networks | Streetwise (Urban Underworld) | Smuggling Networks,Court Etiquette & Protocol | Divine Myths & Legends | Major Cities & Regions,Calligraphy & Illumination | Taxidermy | Alchemy (Theory & Practice),Mulhorandi,Chondathan | Mulhorandi,3732,293.4,universal_standard,3,Wealthy,Falchion | Rouncey | Destrier | Maul | Reinforced Gambeson,3300.0,432,Belt (leather) + Belt pouch (large) | Map case + blank regional map | Lamp oil (flacon) x3 | Grappling hook | 10' pole | Crowbar (standard) | Bâton de marche / Walking Staff | Falchion | Destrier | Maul | Reinforced Gambeson,Backpack (medium leather) | Tent 2-man leather | Sleeping furs (light) | Blanket (heavy) | Field rations (basic) x7 | Waterskin (1 gal) x2 | Canteen (1 pt) | Lantern (hooded) | Rope (standard 50') | Hammer + 10 pitons | Flint & steel | Tinderbox | Cloak (wool hooded) | Boots (normal leather) | Gloves (leather) | Hat (leather) | Rouncey,21.53,NO,None,,2,2,7,1,0,163.5,67.4,-1,8,1,0,7,0,3,6,6,1,Aucun,2026-05-28 13:35:34
CH-00372,Human,Chondathan,Chondath,Small Town,Groupe4_Vilhon_Est,Coastal Survival | Plains Tracking,Fences and Buyers Network | Heraldry & Lineage Recognition | Fences and Buyers Network,History of Netheril | Orc & Goblinoid Culture | Guilds & Organizations | Elven Culture,Brewing & Distilling | Cartography,Chondathan,Chondathan,1286,293.4,universal_standard,1,Modest,Main-gauche | Palfrey,890.0,396,Belt (leather) + Belt pouch (large) | Map case + blank regional map | Lamp oil (flacon) x3 | Grappling hook | 10' pole | Crowbar (standard) | Bâton de marche / Walking Staff | Main-gauche,Backpack (medium leather) | Tent 2-man leather | Sleeping furs (light) | Blanket (heavy) | Field rations (basic) x7 | Waterskin (1 gal) x2 | Canteen (1 pt) | Lantern (hooded) | Rope (standard 50') | Hammer + 10 pitons | Flint & steel | Tinderbox | Cloak (wool hooded) | Boots (normal leather) | Gloves (leather) | Hat (leather) | Palfrey,-4.71,YES,Sauvage,Magie Rouge,1,-1,-5,-2,2,181.7,87.7,1,-5,-3,1,-4,2,6,0,-6,-3,Aucun,2026-05-28 13:35:34
CH-00373,Elf,Moon Elf,Silver Marches (Luruar),Forest Village,Groupe7_Marches_Argent,Complex Terrain Navigation | Mountain Endurance | Wild Animal Handling | Forest Stealth | Wild Plant Foraging | Advanced Tracking,Guild Knowledge & Politics,History of Netheril | Secret Organizations | Gnomish Culture,Bone & Ivory Carving | Viticulture & Winemaking | Masonry,Elfique,Druidic | Elfique | Illuskan,598,293.4,universal_standard,1,Modest,Mail voiders (paire) | Buckler,420.0,178,Belt (leather) + Belt pouch (large) | Map case + blank regional map | Lamp oil (flacon) x3 | Grappling hook | 10' pole | Crowbar (standard) | Bâton de marche / Walking Staff | Mail voiders (paire) | Buckler,Backpack (medium leather) | Tent 2-man leather | Sleeping furs (light) | Blanket (heavy) | Field rations (basic) x7 | Waterskin (1 gal) x2 | Canteen (1 pt) | Lantern (hooded) | Rope (standard 50') | Hammer + 10 pitons | Flint & steel | Tinderbox | Cloak (wool hooded) | Boots (normal leather) | Gloves (leather) | Hat (leather),3.0,NO,None,,-4,0,2,0,6,162.2,57.5,-1,3,0,6,0,2,-3,2,8,2,Transe + Immunité sommeil + VN (N2),2026-05-28 13:35:34
CH-00374,Human,Chondathan,Western Heartlands,Large Town,Groupe3_Coeur_Continental,Open Land Navigation | Advanced Tracking,Urban Stealth & Shadowing | Streetwise (Urban Underworld) | Disguise & Impersonation,Dragon Lore | Guilds & Organizations | Trade Routes & Commerce,Clockmaking & Complex Mechanisms,Thorass,Chessentan | Chondathan | Thorass,1186,293.4,universal_standard,1,Modest,Kettle hat | Plackart,880.0,306,Belt (leather) + Belt pouch (large) | Map case + blank regional map | Lamp oil (flacon) x3 | Grappling hook | 10' pole | Crowbar (standard) | Bâton de marche / Walking Staff | Plackart,Backpack (medium leather) | Tent 2-man leather | Sleeping furs (light) | Blanket (heavy) | Field rations (basic) x7 | Waterskin (1 gal) x2 | Canteen (1 pt) | Lantern (hooded) | Rope (standard 50') | Hammer + 10 pitons | Flint & steel | Tinderbox | Cloak (wool hooded) | Boots (normal leather) | Gloves (leather) | Hat (leather) | Kettle hat,2.64,NO,None,,0,0,2,0,11,180.2,78.9,1,0,-3,0,3,1,-2,-3,-1,-3,Aucun,2026-05-28 13:35:34
CH-00375,Half-orc,Half-Orc,Underdark,Remote Trading Post,Groupe14_Underdark,Hermetic Medicine | Mountain Endurance | Advanced Tracking | Technical Rock Climbing | Underground Navigation | Confined Space Stealth,Urban Observation and Tailing | Smuggling Networks,History of Netheril | Ruins & Major Archaeological Sites | Astronomy & Star Navigation | Halfling Culture,Bookbinding | Dyeing & Textile Coloring,Orc,Glifo (Drow) | Illuskan | Orc | Undercommon,1104,293.4,universal_standard,1,Modest,Kettle hat | Arming Sword,730.0,374,Belt (leather) + Belt pouch (large) | Map case + blank regional map | Lamp oil (flacon) x3 | Grappling hook | 10' pole | Crowbar (standard) | Bâton de marche / Walking Staff | Arming Sword,Backpack (medium leather) | Tent 2-man leather | Sleeping furs (light) | Blanket (heavy) | Field rations (basic) x7 | Waterskin (1 gal) x2 | Canteen (1 pt) | Lantern (hooded) | Rope (standard 50') | Hammer + 10 pitons | Flint & steel | Tinderbox | Cloak (wool hooded) | Boots (normal leather) | Gloves (leather) | Hat (leather) | Kettle hat,3.36,NO,None,,5,-2,-7,-4,16,174.9,108.2,1,-8,-4,-8,-3,-4,5,-1,-16,-7,Force brutale + Vision dans le noir N1,2026-05-28 13:35:34
CH-00376,Human,Nar,Damara,Rural Village,Groupe5_Nord_Sauvage,Mountain Endurance | Plains Tracking | Forest Stealth | Technical Rock Climbing | Extreme Cold Resistance | Advanced Tracking,,Political Currents & Rivalries | Major Religions & Deities | Trade Routes & Commerce | Geography of Faerûn,Smithing & Metallurgy,Rashemi | Damaran,Damaran | Rashemi | Thorass,964,293.4,universal_standard,1,Modest,Mail coif | War Hammer | Buckler,840.0,124,Belt (leather) + Belt pouch (large) | Map case + blank regional map | Lamp oil (flacon) x3 | Grappling hook | 10' pole | Crowbar (standard) | Bâton de marche / Walking Staff | Mail coif | Buckler,Backpack (medium leather) | Tent 2-man leather | Sleeping furs (light) | Blanket (heavy) | Field rations (basic) x7 | Waterskin (1 gal) x2 | Canteen (1 pt) | Lantern (hooded) | Rope (standard 50') | Hammer + 10 pitons | Flint & steel | Tinderbox | Cloak (wool hooded) | Boots (normal leather) | Gloves (leather) | Hat (leather) | War Hammer,0.38,NO,None,,1,0,1,-2,7,164.7,78.9,-1,-4,1,1,1,0,11,-2,-4,1,Aucun,2026-05-28 13:35:34
CH-00377,Human,Chondathan,Chondath,Fishing Village,Groupe4_Vilhon_Est,Dark Water Swimming | Coastal Survival | Oceanic Navigation,Streetwise (Urban Underworld),Nobility & Heraldry | Political Currents & Rivalries | Halfling Culture | Major Cities & Regions,Embroidery & Fine Sewing | Weaving & Spinning,Chondathan,Chondathan | Turmish,1051,293.4,universal_standard,1,Modest,Burgonet (Maximilian),825.0,226,Belt (leather) + Belt pouch (large) | Map case + blank regional map | Lamp oil (flacon) x3 | Grappling hook | 10' pole | Crowbar (standard) | Bâton de marche / Walking Staff | Burgonet (Maximilian),Backpack (medium leather) | Tent 2-man leather | Sleeping furs (light) | Blanket (heavy) | Field rations (basic) x7 | Waterskin (1 gal) x2 | Canteen (1 pt) | Lantern (hooded) | Rope (standard 50') | Hammer + 10 pitons | Flint & steel | Tinderbox | Cloak (wool hooded) | Boots (normal leather) | Gloves (leather) | Hat (leather),9.0,NO,None,,5,2,-3,-1,8,169.1,87.7,0,3,-1,-3,-1,5,0,0,-2,-2,Aucun,2026-05-28 13:35:34
CH-00378,Dwarf,Shield Dwarf,Citadel Adbar,Fortified City,Groupe6_Bloc_Nain,Underground Navigation | Hermetic Medicine,Urban Stealth & Shadowing | Guild Knowledge & Politics | Streetwise (Urban Underworld),Major Cities & Regions | Cultural Interactions | Dwarven Culture | Geography of Faerûn,Herbalism & Potion Brewing | Carpentry & Woodworking,Nain,Nain,972,293.4,universal_standard,1,Modest,Palfrey | Tassets,820.0,152,Belt (leather) + Belt pouch (large) | Map case + blank regional map | Lamp oil (flacon) x3 | Grappling hook | 10' pole | Crowbar (standard) | Bâton de marche / Walking Staff | Tassets,Backpack (medium leather) | Tent 2-man leather | Sleeping furs (light) | Blanket (heavy) | Field rations (basic) x7 | Waterskin (1 gal) x2 | Canteen (1 pt) | Lantern (hooded) | Rope (standard 50') | Hammer + 10 pitons | Flint & steel | Tinderbox | Cloak (wool hooded) | Boots (normal leather) | Gloves (leather) | Hat (leather) | Palfrey,-1.98,NO,None,,4,-2,-9,-9,13,131.5,78.9,-5,1,-6,-7,-5,8,1,1,-5,-9,Vision dans le noir + Robustesse naine,2026-05-28 13:35:34
CH-00379,Human,Tethyrian,Sword Coast,Fishing Village,Groupe1_Cote_des_Epees,Total Darkness Navigation | Forest Stealth | Island Navigation | Wild Plant Foraging | Plains Tracking | Desert Thermal Endurance,Urban Observation and Tailing,Spellplague & Its Aftermath | Trade Routes & Commerce | Geography of Faerûn,Weaving & Spinning | Smithing & Metallurgy | Masonry,Thorass,Chondathan | Cormyrian | Tethyrian,1220,293.4,universal_standard,1,Modest,Poleaxe | Full shield,770.0,450,Belt (leather) + Belt pouch (large) | Map case + blank regional map | Lamp oil (flacon) x3 | Grappling hook | 10' pole | Crowbar (standard) | Bâton de marche / Walking Staff | Poleaxe | Full shield,Backpack (medium leather) | Tent 2-man leather | Sleeping furs (light) | Blanket (heavy) | Field rations (basic) x7 | Waterskin (1 gal) x2 | Canteen (1 pt) | Lantern (hooded) | Rope (standard 50') | Hammer + 10 pitons | Flint & steel | Tinderbox | Cloak (wool hooded) | Boots (normal leather) | Gloves (leather) | Hat (leather),-5.64,YES,Arcanique,Magicien,-1,-1,-4,-1,0,167.7,74.8,0,-4,-1,3,-4,3,3,8,-2,0,Aucun,2026-05-28 13:35:34
CH-00380,Elf,Sun Elf,Evermeet,Isolated Tower,Groupe13_Evermeet,Littoral Foraging | Mountain Endurance | Deep-Sea Fishing,Sleight of Hand & Cheating,Ruins & Major Archaeological Sites | History of Magic | Lost Kingdoms & Cities | Fey & Feywild Knowledge,Cooking (Fine Cuisine) | Carpentry & Woodworking,Elfique,Elfique | Sylvestre,2049,293.4,universal_standard,2,Comfortable,Reinforced Gambeson | Broadsword,1200.0,849,Belt (leather) + Belt pouch (large) | Map case + blank regional map | Lamp oil (flacon) x3 | Grappling hook | 10' pole | Crowbar (standard) | Bâton de marche / Walking Staff | Reinforced Gambeson | Broadsword,Backpack (medium leather) | Tent 2-man leather | Sleeping furs (light) | Blanket (heavy) | Field rations (basic) x7 | Waterskin (1 gal) x2 | Canteen (1 pt) | Lantern (hooded) | Rope (standard 50') | Hammer + 10 pitons | Flint & steel | Tinderbox | Cloak (wool hooded) | Boots (normal leather) | Gloves (leather) | Hat (leather),-8.89,YES,Sauvage,Magie Blanche,-8,-6,-1,-5,2,144.5,49.1,-3,-4,0,-2,0,-7,4,4,-1,-1,Transe + Immunité sommeil + VN (N2),2026-05-28 13:35:34
CH-00381,Human,Damaran,Vaasa,Isolated Farmstead,Groupe5_Nord_Sauvage,Desert Thermal Endurance | Savanna Plant Knowledge | Mountain Endurance | Complex Terrain Navigation | Technical Rock Climbing,Temple Politics & Religious Intrigue,Major Cities & Regions | Aberration Lore,Poison Lore & Application,None,Chondathan | Nar | Vaasan,476,293.4,universal_standard,0,None,"Coat (leather) | Lancet, bleeding",20.0,456,"Belt (leather) + Belt pouch (large) | Map case + blank regional map | Lamp oil (flacon) x3 | Grappling hook | 10' pole | Crowbar (standard) | Bâton de marche / Walking Staff | Lancet, bleeding",Backpack (medium leather) | Tent 2-man leather | Sleeping furs (light) | Blanket (heavy) | Field rations (basic) x7 | Waterskin (1 gal) x2 | Canteen (1 pt) | Lantern (hooded) | Rope (standard 50') | Hammer + 10 pitons | Flint & steel | Tinderbox | Cloak (wool hooded) | Boots (normal leather) | Gloves (leather) | Hat (leather) | Coat (leather),3.45,NO,None,,4,1,-6,-1,9,169.2,78.9,0,9,-5,-7,-2,3,2,2,2,-8,Aucun,2026-05-28 13:35:34
CH-00382,Human,Chondathan,Vilhon Reach,Large Town,Groupe4_Vilhon_Est,Underground Navigation | Open Land Navigation | Advanced Tracking,Criminal Organizations & Syndicates | Urban Observation and Tailing,"Ancient Realms (Netheril, Imaskar...) | Elven Culture",Weaving & Spinning,Chondathan,Chondathan | Cormyrian | Turmish,2409,293.4,universal_standard,3,Wealthy,Rouncey | Waterskin (1 gal) | Heavy Crossbow | Lance rudimentaire | Longbow | Partisan | Quiver,2343.0,66,Belt (leather) + Belt pouch (large) | Map case + blank regional map | Lamp oil (flacon) x3 | Grappling hook | 10' pole | Crowbar (standard) | Bâton de marche / Walking Staff | Heavy Crossbow | Lance rudimentaire | Longbow | Partisan | Quiver,Backpack (medium leather) | Tent 2-man leather | Sleeping furs (light) | Blanket (heavy) | Field rations (basic) x7 | Waterskin (1 gal) x2 | Canteen (1 pt) | Lantern (hooded) | Rope (standard 50') | Hammer + 10 pitons | Flint & steel | Tinderbox | Cloak (wool hooded) | Boots (normal leather) | Gloves (leather) | Hat (leather) | Rouncey | Waterskin (1 gal),-14.34,YES,Arcanique,Magicien,-7,-6,-8,-4,9,162.2,57.5,-1,-7,-1,-3,-6,-7,-3,1,-6,-2,Aucun,2026-05-28 13:35:34
CH-00383,Human,Calishite,Amn,Major Trade City,Groupe2_Sud_Marchand,,Streetwise (Urban Underworld) | Fences and Buyers Network | Noble Houses & Court Intrigue | Temple Politics & Religious Intrigue | Lockpicking and Trap Disarming,"Legendary Artifacts & Relics | History of Netheril | Ancient Realms (Netheril, Imaskar...) | History of Magic",Jewelry & Goldsmithing,Mulhorandi | Illuskan,Chondathan | Illuskan | Mulhorandi | Sembian,2734,293.4,universal_standard,2,Comfortable,Poleaxe | Falchion | Sallet ou Armet (classique),1700.0,1034,Belt (leather) + Belt pouch (large) | Map case + blank regional map | Lamp oil (flacon) x3 | Grappling hook | 10' pole | Crowbar (standard) | Bâton de marche / Walking Staff | Poleaxe | Falchion | Sallet ou Armet (classique),Backpack (medium leather) | Tent 2-man leather | Sleeping furs (light) | Blanket (heavy) | Field rations (basic) x7 | Waterskin (1 gal) x2 | Canteen (1 pt) | Lantern (hooded) | Rope (standard 50') | Hammer + 10 pitons | Flint & steel | Tinderbox | Cloak (wool hooded) | Boots (normal leather) | Gloves (leather) | Hat (leather),-1.0,NO,None,,0,-1,0,0,15,183.4,87.7,2,-10,1,2,0,3,-4,-4,-9,1,Aucun,2026-05-28 13:35:34
CH-00384,Halfling,Strongheart Halfling,The Dalelands,Forest Village,Groupe3_Coeur_Continental,Forest Stealth | Wild Plant Foraging | Advanced Tracking | Plains Tracking,,Local Folklore & Legends | Major Religions & Deities,Smithing & Metallurgy | Navigation (Land & Sea) | Accounting & Estate Management,None,Chondathan,770,293.4,universal_standard,0,None,"Lancet, bleeding",2.0,768,"Belt (leather) + Belt pouch (large) | Map case + blank regional map | Lamp oil (flacon) x3 | Grappling hook | 10' pole | Crowbar (standard) | Bâton de marche / Walking Staff | Lancet, bleeding",Backpack (medium leather) | Tent 2-man leather | Sleeping furs (light) | Blanket (heavy) | Field rations (basic) x7 | Waterskin (1 gal) x2 | Canteen (1 pt) | Lantern (hooded) | Rope (standard 50') | Hammer + 10 pitons | Flint & steel | Tinderbox | Cloak (wool hooded) | Boots (normal leather) | Gloves (leather) | Hat (leather),-5.85,YES,Sauvage,Magie Noire,-17,-7,4,-4,-5,126.9,26.1,-6,6,2,1,4,-1,-2,-2,14,2,Robustesse,2026-05-28 13:35:34
CH-00385,Human,Damaran,Impiltur,Fishing Village,Groupe3_Coeur_Continental,Storm and Seasickness Mastery | Deep-Sea Fishing | Oceanic Navigation,Guild Knowledge & Politics,"Astronomy & Star Navigation | Cosmology (Weave, Shadow Weave)",Carpentry & Woodworking | Cooking (Fine Cuisine) | Leatherworking & Tanning,None,Chondathan | Impilturan,1482,293.4,universal_standard,2,Comfortable,Bevor | Broadsword,1245.0,237,Belt (leather) + Belt pouch (large) | Map case + blank regional map | Lamp oil (flacon) x3 | Grappling hook | 10' pole | Crowbar (standard) | Bâton de marche / Walking Staff | Bevor | Broadsword,Backpack (medium leather) | Tent 2-man leather | Sleeping furs (light) | Blanket (heavy) | Field rations (basic) x7 | Waterskin (1 gal) x2 | Canteen (1 pt) | Lantern (hooded) | Rope (standard 50') | Hammer + 10 pitons | Flint & steel | Tinderbox | Cloak (wool hooded) | Boots (normal leather) | Gloves (leather) | Hat (leather),-3.0,YES,Arcanique,Magicien,-1,-1,0,-1,1,175.4,78.9,1,-4,-6,5,0,4,2,2,-2,-5,Aucun,2026-05-28 13:35:34
CH-00386,Human,Tethyrian,Sword Coast,Smuggler's Port,Groupe1_Cote_des_Epees,Wild Plant Foraging | Battlefield Riding | Field Weapon Maintenance | Advanced Tracking | Forest Stealth,Streetwise (Urban Underworld),Spellplague & Its Aftermath | Cultural Interactions | Geography of Faerûn | Local Folklore & Legends,Accounting & Estate Management | Leatherworking & Tanning,Tethyrian | Thorass,Chondathan | Sembian | Tethyrian,1359,293.4,universal_standard,2,Comfortable,Mail coif | Close Helmet (Maximilian) | Buckler,1090.0,269,Belt (leather) + Belt pouch (large) | Map case + blank regional map | Lamp oil (flacon) x3 | Grappling hook | 10' pole | Crowbar (standard) | Bâton de marche / Walking Staff | Mail coif | Close Helmet (Maximilian) | Buckler,Backpack (medium leather) | Tent 2-man leather | Sleeping furs (light) | Blanket (heavy) | Field rations (basic) x7 | Waterskin (1 gal) x2 | Canteen (1 pt) | Lantern (hooded) | Rope (standard 50') | Hammer + 10 pitons | Flint & steel | Tinderbox | Cloak (wool hooded) | Boots (normal leather) | Gloves (leather) | Hat (leather),7.36,NO,None,,-3,0,5,0,4,162.1,60.6,-1,3,-1,4,4,4,1,3,6,0,Aucun,2026-05-28 13:35:34
CH-00387,Human,Tethyrian,Tethyr,Mountain Village,Groupe2_Sud_Marchand,Weather Reading | Wild Plant Foraging | Open Land Navigation | Advanced Tracking | Plains Tracking,Urban Stealth & Shadowing | Fences and Buyers Network,Major Cities & Regions | Spellplague & Its Aftermath | Dwarven Culture | History of Imaskar,Architecture | Bone & Ivory Carving | Glassworking,Chondathan | Thorass,Chondathan | Sembian,1478,293.4,universal_standard,2,Comfortable,Composite Crossbow | Palfrey | Quiver,1360.0,118,Belt (leather) + Belt pouch (large) | Map case + blank regional map | Lamp oil (flacon) x3 | Grappling hook | 10' pole | Crowbar (standard) | Bâton de marche / Walking Staff | Composite Crossbow | Quiver,Backpack (medium leather) | Tent 2-man leather | Sleeping furs (light) | Blanket (heavy) | Field rations (basic) x7 | Waterskin (1 gal) x2 | Canteen (1 pt) | Lantern (hooded) | Rope (standard 50') | Hammer + 10 pitons | Flint & steel | Tinderbox | Cloak (wool hooded) | Boots (normal leather) | Gloves (leather) | Hat (leather) | Palfrey,-2.9,YES,Théurgique,Magie Verte,1,1,-7,-1,0,173.9,74.8,0,6,-6,1,-6,3,-1,7,4,-6,Aucun,2026-05-28 13:35:34
CH-00388,Human,Tethyrian,Tethyr,Fortified City,Groupe2_Sud_Marchand,Weather Reading | Advanced Tracking | Forest Stealth,Lockpicking and Trap Disarming | Sleight of Hand & Cheating,Geography of Faerûn | Laws & Customs of Nations | Major Religions & Deities,Carpentry & Woodworking,Cormyrian,Chondathan | Cormyrian | Illuskan,2185,293.4,universal_standard,2,Comfortable,Lance | Burgonet (Maximilian) | Partisan | Buckler,1885.0,300,Belt (leather) + Belt pouch (large) | Map case + blank regional map | Lamp oil (flacon) x3 | Grappling hook | 10' pole | Crowbar (standard) | Bâton de marche / Walking Staff | Lance | Burgonet (Maximilian) | Partisan | Buckler,Backpack (medium leather) | Tent 2-man leather | Sleeping furs (light) | Blanket (heavy) | Field rations (basic) x7 | Waterskin (1 gal) x2 | Canteen (1 pt) | Lantern (hooded) | Rope (standard 50') | Hammer + 10 pitons | Flint & steel | Tinderbox | Cloak (wool hooded) | Boots (normal leather) | Gloves (leather) | Hat (leather),-7.56,YES,Arcanique,Magicien,-3,-2,-3,-2,3,177.2,71.0,1,-3,-5,2,-2,0,3,3,-2,-5,Aucun,2026-05-28 13:35:34
CH-00389,Human,Turami,Turmish,Logging Camp,Groupe2_Sud_Marchand,Mountain Endurance | Hermetic Medicine | Coastal Survival | Complex Terrain Navigation | Technical Rock Climbing,,Fall of Myth Drannor | Geography of Faerûn | Spellplague & Its Aftermath | History of the Realms,Weaving & Spinning,Turami | Turmish,Chondathan | Turami | Turmish,1476,293.4,universal_standard,0,None,Buckler,220.0,1256,Belt (leather) + Belt pouch (large) | Map case + blank regional map | Lamp oil (flacon) x3 | Grappling hook | 10' pole | Crowbar (standard) | Bâton de marche / Walking Staff | Buckler,Backpack (medium leather) | Tent 2-man leather | Sleeping furs (light) | Blanket (heavy) | Field rations (basic) x7 | Waterskin (1 gal) x2 | Canteen (1 pt) | Lantern (hooded) | Rope (standard 50') | Hammer + 10 pitons | Flint & steel | Tinderbox | Cloak (wool hooded) | Boots (normal leather) | Gloves (leather) | Hat (leather),-9.93,YES,Théurgique,Magie Blanche,-6,-3,-4,-2,-1,152.5,51.8,-2,2,1,0,-4,4,1,1,4,1,Aucun,2026-05-28 13:35:34
CH-00390,Half-elf,Moon Half-elf,Evermeet,Isolated Tower,Groupe13_Evermeet,Wild Plant Foraging | Littoral Foraging | Deep-Sea Fishing | Forest Stealth,Information Brokerage,"Ruins & Major Archaeological Sites | Fall of Myth Drannor | Cosmology (Weave, Shadow Weave) | Nobility & Heraldry",Alchemy (Theory & Practice),Thorass | Chondathan,Auran | Chondathan | Thorass,1919,293.4,universal_standard,1,Modest,Light Crossbow | Garde-reins | Quiver,940.0,979,Belt (leather) + Belt pouch (large) | Map case + blank regional map | Lamp oil (flacon) x3 | Grappling hook | 10' pole | Crowbar (standard) | Bâton de marche / Walking Staff | Light Crossbow | Garde-reins | Quiver,Backpack (medium leather) | Tent 2-man leather | Sleeping furs (light) | Blanket (heavy) | Field rations (basic) x7 | Waterskin (1 gal) x2 | Canteen (1 pt) | Lantern (hooded) | Rope (standard 50') | Hammer + 10 pitons | Flint & steel | Tinderbox | Cloak (wool hooded) | Boots (normal leather) | Gloves (leather) | Hat (leather),13.52,NO,None,,1,1,5,0,2,160.6,67.4,-1,6,-1,1,5,1,3,1,5,-1,Méditation + Immunité sommeil + VN (N1),2026-05-28 13:35:34
CH-00391,Human,Damaran,Damara,Rural Village,Groupe5_Nord_Sauvage,Hermetic Medicine | Extreme Cold Resistance | Complex Terrain Navigation | Mountain Endurance | Technical Rock Climbing,Streetwise (Urban Underworld) | Sleight of Hand & Cheating,Local Folklore & Legends | Cultural Interactions | Magical Schools & Traditions,Perfumery & Cosmetics | High Court Intrigue & Politics | Carpentry & Woodworking,Chondathan,Chondathan | Illuskan,870,293.4,universal_standard,1,Modest,"Palfrey | Lancet, bleeding",572.0,298,"Belt (leather) + Belt pouch (large) | Map case + blank regional map | Lamp oil (flacon) x3 | Grappling hook | 10' pole | Crowbar (standard) | Bâton de marche / Walking Staff | Lancet, bleeding",Backpack (medium leather) | Tent 2-man leather | Sleeping furs (light) | Blanket (heavy) | Field rations (basic) x7 | Waterskin (1 gal) x2 | Canteen (1 pt) | Lantern (hooded) | Rope (standard 50') | Hammer + 10 pitons | Flint & steel | Tinderbox | Cloak (wool hooded) | Boots (normal leather) | Gloves (leather) | Hat (leather) | Palfrey,3.34,NO,None,,-1,-1,4,-2,6,154.9,67.4,-2,-2,3,1,4,-2,6,7,-1,3,Aucun,2026-05-28 13:35:34
CH-00392,Dwarf,Gold Dwarf,Mithral Hall,Fortified City,Groupe6_Bloc_Nain,Snow and Ice Shelter Building,Black Market Operations | Noble Houses & Court Intrigue | Urban Stealth & Shadowing | Sleight of Hand & Cheating,Major Cities & Regions | Nobility & Heraldry | Divine Myths & Legends | Spellplague & Its Aftermath,Cartography | Masonry,Nain,Chondathan | Nain,1107,293.4,universal_standard,1,Modest,Morning Star | Rouncey,950.0,157,Belt (leather) + Belt pouch (large) | Map case + blank regional map | Lamp oil (flacon) x3 | Grappling hook | 10' pole | Crowbar (standard) | Bâton de marche / Walking Staff | Morning Star,Backpack (medium leather) | Tent 2-man leather | Sleeping furs (light) | Blanket (heavy) | Field rations (basic) x7 | Waterskin (1 gal) x2 | Canteen (1 pt) | Lantern (hooded) | Rope (standard 50') | Hammer + 10 pitons | Flint & steel | Tinderbox | Cloak (wool hooded) | Boots (normal leather) | Gloves (leather) | Hat (leather) | Rouncey,-7.94,YES,Arcanique,Magicien,0,-4,-4,-9,2,121.5,63.9,-7,-3,-1,-4,-2,10,3,-11,-4,-3,Vision dans le noir + Robustesse naine,2026-05-28 13:35:34
CH-00393,Half-orc,Half-Orc,Underdark,Underdark City,Groupe14_Underdark,Technical Rock Climbing | Advanced Tracking,Criminal Organizations & Syndicates | Disguise & Impersonation | Sleight of Hand & Cheating | Sleight of Hand & Cheating | Black Market Operations,Geography of Faerûn | Orc & Goblinoid Culture | Laws & Customs of Nations | Major Cities & Regions,Beekeeping,Draconique | Orc,Draconique | Orc,910,293.4,universal_standard,1,Modest,Kettle hat | Buckler,500.0,410,Belt (leather) + Belt pouch (large) | Map case + blank regional map | Lamp oil (flacon) x3 | Grappling hook | 10' pole | Crowbar (standard) | Bâton de marche / Walking Staff | Buckler,Backpack (medium leather) | Tent 2-man leather | Sleeping furs (light) | Blanket (heavy) | Field rations (basic) x7 | Waterskin (1 gal) x2 | Canteen (1 pt) | Lantern (hooded) | Rope (standard 50') | Hammer + 10 pitons | Flint & steel | Tinderbox | Cloak (wool hooded) | Boots (normal leather) | Gloves (leather) | Hat (leather) | Kettle hat,35.02,NO,None,,11,4,-4,0,4,176.5,114.1,1,2,2,-6,-2,0,0,-5,-7,0,Force brutale + Vision dans le noir N1,2026-05-28 13:35:34
CH-00394,Human,Chondathan,Sembia,Major Trade City,Groupe2_Sud_Marchand,Forced March Endurance | Wild Plant Foraging | Open Land Navigation,Urban Observation and Tailing | Disguise & Impersonation | Noble Houses & Court Intrigue | Urban Observation and Tailing | Streetwise (Urban Underworld),Major Religions & Deities | Astronomy & Star Navigation | Political Currents & Rivalries | Trade Routes & Commerce,Shipbuilding,Cormyrian | Thorass,Chondathan | Cormyrian,3721,293.4,universal_standard,3,Wealthy,Burgonet (Maximilian) | Destrier | Maul | Kettle hat | Lockpicks (average) | Voulge | Buckler,3565.0,156,Belt (leather) + Belt pouch (large) | Map case + blank regional map | Lamp oil (flacon) x3 | Grappling hook | 10' pole | Crowbar (standard) | Bâton de marche / Walking Staff | Burgonet (Maximilian) | Destrier | Maul | Lockpicks (average) | Voulge | Buckler,Backpack (medium leather) | Tent 2-man leather | Sleeping furs (light) | Blanket (heavy) | Field rations (basic) x7 | Waterskin (1 gal) x2 | Canteen (1 pt) | Lantern (hooded) | Rope (standard 50') | Hammer + 10 pitons | Flint & steel | Tinderbox | Cloak (wool hooded) | Boots (normal leather) | Gloves (leather) | Hat (leather) | Kettle hat,-10.95,YES,Arcanique,Magicien,-6,-4,-4,-3,4,153.7,57.5,-2,-9,5,-1,-4,-6,3,-6,-6,4,Aucun,2026-05-28 13:35:34
CH-00395,Human,Tethyrian,Tethyr,Large Town,Groupe2_Sud_Marchand,Wild Plant Foraging | Forest Stealth | Plains Tracking,Sleight of Hand & Cheating | Streetwise (Urban Underworld) | Fences and Buyers Network,Major Religions & Deities | Local Folklore & Legends | Political Currents & Rivalries,Herbalism & Potion Brewing,Illuskan,Chondathan | Illuskan,2310,293.4,universal_standard,3,Wealthy,"Maul | Camel, riding | Kettle hat",2230.0,80,Belt (leather) + Belt pouch (large) | Map case + blank regional map | Lamp oil (flacon) x3 | Grappling hook | 10' pole | Crowbar (standard) | Bâton de marche / Walking Staff | Maul,"Backpack (medium leather) | Tent 2-man leather | Sleeping furs (light) | Blanket (heavy) | Field rations (basic) x7 | Waterskin (1 gal) x2 | Canteen (1 pt) | Lantern (hooded) | Rope (standard 50') | Hammer + 10 pitons | Flint & steel | Tinderbox | Cloak (wool hooded) | Boots (normal leather) | Gloves (leather) | Hat (leather) | Camel, riding | Kettle hat",-2.62,YES,Arcanique,Magicien,0,-1,0,-2,3,164.7,74.8,-1,-6,3,2,-1,-1,-2,1,-5,3,Aucun,2026-05-28 13:35:34
CH-00396,Dwarf,Gold Dwarf,Great Rift,Dwarven Fortress,Groupe6_Bloc_Nain,,Information Brokerage | Disguise & Impersonation | Heraldry & Lineage Recognition | Fences and Buyers Network | Guild Knowledge & Politics,Religious Cults & Orders | Local Folklore & Legends | Legendary Artifacts & Relics | Nobility & Heraldry,Jewelry & Goldsmithing | Smithing & Metallurgy,Nain | Chondathan,Chondathan | Géant | Nain,1006,293.4,universal_standard,1,Modest,Flanged Mace,550.0,456,Belt (leather) + Belt pouch (large) | Map case + blank regional map | Lamp oil (flacon) x3 | Grappling hook | 10' pole | Crowbar (standard) | Bâton de marche / Walking Staff | Flanged Mace,Backpack (medium leather) | Tent 2-man leather | Sleeping furs (light) | Blanket (heavy) | Field rations (basic) x7 | Waterskin (1 gal) x2 | Canteen (1 pt) | Lantern (hooded) | Rope (standard 50') | Hammer + 10 pitons | Flint & steel | Tinderbox | Cloak (wool hooded) | Boots (normal leather) | Gloves (leather) | Hat (leather),7.51,NO,None,,4,2,-1,-5,2,119.2,71.0,-7,-3,5,10,-5,1,5,4,3,8,Vision dans le noir + Robustesse naine,2026-05-28 13:35:34
CH-00397,Human,Calishite,Amn,Major Trade City,Groupe2_Sud_Marchand,Desert Thermal Endurance | Desert Water Mastery,Poison Lore & Subtle Application | Lockpicking and Trap Disarming | Disguise & Impersonation | High Society Manipulation | Urban Stealth & Shadowing | Disguise & Impersonation,"Nobility & Heraldry | Political Currents & Rivalries | Fey & Feywild Knowledge | Cosmology (Weave, Shadow Weave)",Accounting & Estate Management,Infernal,Calishite | Infernal | Lantanna | Thorass,3223,293.4,universal_standard,3,Wealthy,Kettle hat | Cranequin Crossbow | Simple Breastplate | Buckler | Quiver,3140.0,83,Belt (leather) + Belt pouch (large) | Map case + blank regional map | Lamp oil (flacon) x3 | Grappling hook | 10' pole | Crowbar (standard) | Bâton de marche / Walking Staff | Cranequin Crossbow | Simple Breastplate | Buckler | Quiver,Backpack (medium leather) | Tent 2-man leather | Sleeping furs (light) | Blanket (heavy) | Field rations (basic) x7 | Waterskin (1 gal) x2 | Canteen (1 pt) | Lantern (hooded) | Rope (standard 50') | Hammer + 10 pitons | Flint & steel | Tinderbox | Cloak (wool hooded) | Boots (normal leather) | Gloves (leather) | Hat (leather) | Kettle hat,1.0,NO,None,,1,1,-1,0,7,159.0,71.0,-1,3,-1,6,-2,-3,0,1,6,1,Aucun,2026-05-28 13:35:34
CH-00398,Human,Chondathan,Chondath,Small Town,Groupe4_Vilhon_Est,Littoral Foraging | Open Land Navigation,Streetwise (Urban Underworld) | Disguise & Impersonation,Major Cities & Regions | Political Currents & Rivalries | Aberration Lore,Weaving & Spinning | Smithing & Metallurgy | Accounting & Estate Management,Cormyrian,Chondathan | Cormyrian,1325,293.4,universal_standard,1,Modest,Kettle hat | Cutlass,760.0,565,Belt (leather) + Belt pouch (large) | Map case + blank regional map | Lamp oil (flacon) x3 | Grappling hook | 10' pole | Crowbar (standard) | Bâton de marche / Walking Staff | Cutlass,Backpack (medium leather) | Tent 2-man leather | Sleeping furs (light) | Blanket (heavy) | Field rations (basic) x7 | Waterskin (1 gal) x2 | Canteen (1 pt) | Lantern (hooded) | Rope (standard 50') | Hammer + 10 pitons | Flint & steel | Tinderbox | Cloak (wool hooded) | Boots (normal leather) | Gloves (leather) | Hat (leather) | Kettle hat,-2.51,YES,Sauvage,Magie Rouge,1,0,-6,0,0,169.4,71.0,0,5,-2,-1,-5,-4,0,-3,3,-3,Aucun,2026-05-28 13:35:34
CH-00399,Human,Calishite,Calimshan,Major Port City,Groupe2_Sud_Marchand,,Noble Houses & Court Intrigue | Poison Lore & Subtle Application | Streetwise (Urban Underworld) | Sleight of Hand & Cheating | Black Market Operations,"Political Currents & Rivalries | Festivals, Calendars & Traditions | Laws & Customs of Nations | History of the Realms",Fireworks Making,Chondathan | Thorass,Calishite | Chondathan | Halruaan | Thorass,3118,293.4,universal_standard,2,Comfortable,Grappling hook | Close Helmet (Maximilian) | Rouncey | Lance,1757.0,1361,Belt (leather) + Belt pouch (large) | Map case + blank regional map | Lamp oil (flacon) x3 | Grappling hook | 10' pole | Crowbar (standard) | Bâton de marche / Walking Staff | Grappling hook | Close Helmet (Maximilian) | Lance,Backpack (medium leather) | Tent 2-man leather | Sleeping furs (light) | Blanket (heavy) | Field rations (basic) x7 | Waterskin (1 gal) x2 | Canteen (1 pt) | Lantern (hooded) | Rope (standard 50') | Hammer + 10 pitons | Flint & steel | Tinderbox | Cloak (wool hooded) | Boots (normal leather) | Gloves (leather) | Hat (leather) | Rouncey,1.0,NO,None,,0,0,1,0,8,183.4,83.2,2,-1,-6,4,1,9,3,1,0,-5,Aucun,2026-05-28 13:35:34
CH-00400,Human,Illuskan,Luskan,Large Town,Groupe1_Cote_des_Epees,Oceanic Navigation | Deep-Sea Fishing,Streetwise (Urban Underworld) | Criminal Organizations & Syndicates,Weave Theory | Political Currents & Rivalries,Mosaic & Fresco Art | Cartography | Masonry,None,Illuskan | Reghed,837,293.4,universal_standard,0,None,Greaves (renforcées),280.0,557,Belt (leather) + Belt pouch (large) | Map case + blank regional map | Lamp oil (flacon) x3 | Grappling hook | 10' pole | Crowbar (standard) | Bâton de marche / Walking Staff | Greaves (renforcées),Backpack (medium leather) | Tent 2-man leather | Sleeping furs (light) | Blanket (heavy) | Field rations (basic) x7 | Waterskin (1 gal) x2 | Canteen (1 pt) | Lantern (hooded) | Rope (standard 50') | Hammer + 10 pitons | Flint & steel | Tinderbox | Cloak (wool hooded) | Boots (normal leather) | Gloves (leather) | Hat (leather),46.58,NO,None,,7,5,5,6,-5,205.9,97.4,4,1,7,2,3,3,4,4,-2,7,Aucun,2026-05-28 13:35:34
CH-00401,Human,Halruaan,Halruaa,Remote Trading Post,Groupe3_Coeur_Continental,Marsh Movement | Marsh Disease Resistance | Extreme Cold Resistance | Forest Stealth | Wild Plant Foraging,,"Cosmology (Weave, Shadow Weave) | History of Netheril | Court Etiquette & Protocol",Leatherworking & Tanning | Beekeeping,Thorass,Halruaan | Infernal | Thorass,2397,293.4,universal_standard,3,Wealthy,Garde-reins | Lucerne Hammer | Sallet ou Armet (classique),2280.0,117,Belt (leather) + Belt pouch (large) | Map case + blank regional map | Lamp oil (flacon) x3 | Grappling hook | 10' pole | Crowbar (standard) | Bâton de marche / Walking Staff | Garde-reins | Sallet ou Armet (classique),Backpack (medium leather) | Tent 2-man leather | Sleeping furs (light) | Blanket (heavy) | Field rations (basic) x7 | Waterskin (1 gal) x2 | Canteen (1 pt) | Lantern (hooded) | Rope (standard 50') | Hammer + 10 pitons | Flint & steel | Tinderbox | Cloak (wool hooded) | Boots (normal leather) | Gloves (leather) | Hat (leather) | Lucerne Hammer,2.64,NO,None,,1,0,2,-1,7,177.0,78.9,1,4,-5,-3,4,6,6,-4,0,-6,Aucun,2026-05-28 13:35:34
CH-00402,Human,Chondathan,Sembia,Major Trade City,Groupe2_Sud_Marchand,,Criminal Organizations & Syndicates | Streetwise (Urban Underworld) | Fences and Buyers Network | Urban Stealth & Shadowing,Geography of Faerûn | Cultural Interactions | Gnomish Culture | Laws & Customs of Nations,Engraving on Metal & Gems | Accounting & Estate Management,Sembian | Thorass,Chondathan | Sembian,3883,293.4,universal_standard,2,Comfortable,Javelin (Renaissance) | Composite Crossbow | Burgonet (Maximilian) | Quiver,1945.0,1938,Belt (leather) + Belt pouch (large) | Map case + blank regional map | Lamp oil (flacon) x3 | Grappling hook | 10' pole | Crowbar (standard) | Bâton de marche / Walking Staff | Javelin (Renaissance) | Composite Crossbow | Burgonet (Maximilian) | Quiver,Backpack (medium leather) | Tent 2-man leather | Sleeping furs (light) | Blanket (heavy) | Field rations (basic) x7 | Waterskin (1 gal) x2 | Canteen (1 pt) | Lantern (hooded) | Rope (standard 50') | Hammer + 10 pitons | Flint & steel | Tinderbox | Cloak (wool hooded) | Boots (normal leather) | Gloves (leather) | Hat (leather),-1.62,NO,None,,1,0,-2,-1,11,175.3,87.7,1,-7,-3,7,-3,-7,6,0,-4,-1,Aucun,2026-05-28 13:35:34
CH-00403,Dwarf,Gray Dwarf,Spine of the World,Isolated Hamlet,Groupe3_Coeur_Continental,Forced March Endurance | Subterranean Hazard Resistance | Technical Rock Climbing | Underground Navigation | Confined Space Stealth,City Secrets & Hidden Routes | Information Brokerage,Fey & Feywild Knowledge | Secret Organizations | Major Cities & Regions,Heraldry & Lineage | Masonry | Forgery of Official Documents,Orc,Illuskan | Infernal | Nain | Orc,349,293.4,universal_standard,0,None,Parma,280.0,69,Belt (leather) + Belt pouch (large) | Map case + blank regional map | Lamp oil (flacon) x3 | Grappling hook | 10' pole | Crowbar (standard) | Bâton de marche / Walking Staff | Parma,Backpack (medium leather) | Tent 2-man leather | Sleeping furs (light) | Blanket (heavy) | Field rations (basic) x7 | Waterskin (1 gal) x2 | Canteen (1 pt) | Lantern (hooded) | Rope (standard 50') | Hammer + 10 pitons | Flint & steel | Tinderbox | Cloak (wool hooded) | Boots (normal leather) | Gloves (leather) | Hat (leather),-4.73,YES,Arcanique,Magicien,0,-1,-4,-5,-2,128.3,57.5,-6,4,3,-3,-3,0,0,-2,3,2,Invisibilité + Agrandissement,2026-05-28 13:35:34
CH-00404,Dwarf,Gold Dwarf,Great Rift,Dwarven Fortress,Groupe6_Bloc_Nain,,Urban Observation and Tailing | Disguise & Impersonation | Criminal Organizations & Syndicates | Urban Observation and Tailing | Poison Lore & Subtle Application | Black Market Operations,Laws & Customs of Nations | Dwarven Culture | Political Currents & Rivalries | History of the Realms,Cabinetmaking & Marquetry,Nain,Nain | Thorass,1150,293.4,universal_standard,1,Modest,Cuisses (renforcées) | Morning Star,840.0,310,Belt (leather) + Belt pouch (large) | Map case + blank regional map | Lamp oil (flacon) x3 | Grappling hook | 10' pole | Crowbar (standard) | Bâton de marche / Walking Staff | Cuisses (renforcées) | Morning Star,Backpack (medium leather) | Tent 2-man leather | Sleeping furs (light) | Blanket (heavy) | Field rations (basic) x7 | Waterskin (1 gal) x2 | Canteen (1 pt) | Lantern (hooded) | Rope (standard 50') | Hammer + 10 pitons | Flint & steel | Tinderbox | Cloak (wool hooded) | Boots (normal leather) | Gloves (leather) | Hat (leather),18.95,NO,None,,5,1,5,-5,0,128.0,78.9,-6,-3,3,6,3,7,6,6,0,5,Vision dans le noir + Robustesse naine,2026-05-28 13:35:34
CH-00405,Human,Chondathan,Western Heartlands,Isolated Farmstead,Groupe3_Coeur_Continental,Forest Stealth | Oceanic Navigation | Confined Space Stealth | Open Land Navigation | Advanced Tracking,Temple Politics & Religious Intrigue,Dragon Lore | Geography of Faerûn | History of the Realms | Trade Routes & Commerce,Embroidery & Fine Sewing | Stoneworking | Brewing & Distilling,Chondathan,Chessentan | Chondathan,1074,293.4,universal_standard,2,Comfortable,Partisan | Buckler,1000.0,74,Belt (leather) + Belt pouch (large) | Map case + blank regional map | Lamp oil (flacon) x3 | Grappling hook | 10' pole | Crowbar (standard) | Bâton de marche / Walking Staff | Partisan | Buckler,Backpack (medium leather) | Tent 2-man leather | Sleeping furs (light) | Blanket (heavy) | Field rations (basic) x7 | Waterskin (1 gal) x2 | Canteen (1 pt) | Lantern (hooded) | Rope (standard 50') | Hammer + 10 pitons | Flint & steel | Tinderbox | Cloak (wool hooded) | Boots (normal leather) | Gloves (leather) | Hat (leather),10.96,NO,None,,2,3,-1,3,1,167.8,71.0,0,8,0,6,-3,2,2,9,10,2,Aucun,2026-05-28 13:35:34
CH-00406,Gnome,Forest Gnome,Wealdath,Forest Village,Groupe3_Coeur_Continental,Shelter Construction | Advanced Tracking | Open Land Navigation | Plains Tracking | Forest Stealth | Wild Plant Foraging,,Aberration Lore | Spellplague & Its Aftermath | Weave Theory | Divine Myths & Legends,Architecture,Elfique | Gnomish,Elfique | Elven High Speech | Gnomish | Thorass,694,293.4,universal_standard,1,Modest,Morning Star,500.0,194,Belt (leather) + Belt pouch (large) | Map case + blank regional map | Lamp oil (flacon) x3 | Grappling hook | 10' pole | Crowbar (standard) | Bâton de marche / Walking Staff | Morning Star,Backpack (medium leather) | Tent 2-man leather | Sleeping furs (light) | Blanket (heavy) | Field rations (basic) x7 | Waterskin (1 gal) x2 | Canteen (1 pt) | Lantern (hooded) | Rope (standard 50') | Hammer + 10 pitons | Flint & steel | Tinderbox | Cloak (wool hooded) | Boots (normal leather) | Gloves (leather) | Hat (leather),-13.96,YES,Théurgique,Magie Verte,-15,-7,-1,-7,-4,106.0,24.7,-10,8,6,-3,-1,-2,-3,2,14,5,"Vision nocturne N1, Affinité nature",2026-05-28 13:35:34
CH-00407,Half-elf,Sun Half-elf,Sembia,Large Town,Groupe2_Sud_Marchand,Mountain Endurance,Disguise & Impersonation | Disguise & Impersonation | Streetwise (Urban Underworld) | Sleight of Hand & Cheating,History of Magic | Legendary Artifacts & Relics,Architecture | Weapons & Armor Smithing,None,Chessentan | Chondathan | Elven High Speech,2694,293.4,universal_standard,1,Modest,Cuisses (renforcées) | Tassets,760.0,1934,Belt (leather) + Belt pouch (large) | Map case + blank regional map | Lamp oil (flacon) x3 | Grappling hook | 10' pole | Crowbar (standard) | Bâton de marche / Walking Staff | Cuisses (renforcées) | Tassets,Backpack (medium leather) | Tent 2-man leather | Sleeping furs (light) | Blanket (heavy) | Field rations (basic) x7 | Waterskin (1 gal) x2 | Canteen (1 pt) | Lantern (hooded) | Rope (standard 50') | Hammer + 10 pitons | Flint & steel | Tinderbox | Cloak (wool hooded) | Boots (normal leather) | Gloves (leather) | Hat (leather),7.28,NO,None,,2,1,-1,2,6,166.2,74.8,0,-2,9,-1,-2,-7,4,-1,-3,8,Méditation + Immunité sommeil + VN (N1),2026-05-28 13:35:34
CH-00408,Human,Durpari,Unther,Large Town,Groupe12_Old_Empires,Oceanic Navigation | Underground Navigation | Technical Rock Climbing,Disguise & Impersonation | Black Market Operations,"Festivals, Calendars & Traditions | Weave Theory",Masonry,None,Durpari | Halruaan | Untheric,1294,293.4,universal_standard,1,Modest,"Courser | Kettle hat | Lancet, bleeding",902.0,392,"Belt (leather) + Belt pouch (large) | Map case + blank regional map | Lamp oil (flacon) x3 | Grappling hook | 10' pole | Crowbar (standard) | Bâton de marche / Walking Staff | Lancet, bleeding",Backpack (medium leather) | Tent 2-man leather | Sleeping furs (light) | Blanket (heavy) | Field rations (basic) x7 | Waterskin (1 gal) x2 | Canteen (1 pt) | Lantern (hooded) | Rope (standard 50') | Hammer + 10 pitons | Flint & steel | Tinderbox | Cloak (wool hooded) | Boots (normal leather) | Gloves (leather) | Hat (leather) | Courser | Kettle hat,-3.86,YES,Arcanique,Magicien,-2,-2,1,-2,1,152.2,60.6,-2,0,5,-4,2,-3,-1,11,-1,3,Aucun,2026-05-28 13:35:34
CH-00409,Human,Chondathan,The Dalelands,Forest Village,Groupe3_Coeur_Continental,Forest Stealth | Plains Tracking | Wild Plant Foraging | Open Land Navigation | Complex Terrain Navigation,Criminal Organizations & Syndicates,Local Folklore & Legends | Major Religions & Deities,Masonry | Herbalism & Potion Brewing,Chondathan,Chondathan | Elfique,1052,293.4,universal_standard,1,Modest,Reinforced Gambeson,650.0,402,Belt (leather) + Belt pouch (large) | Map case + blank regional map | Lamp oil (flacon) x3 | Grappling hook | 10' pole | Crowbar (standard) | Bâton de marche / Walking Staff | Reinforced Gambeson,Backpack (medium leather) | Tent 2-man leather | Sleeping furs (light) | Blanket (heavy) | Field rations (basic) x7 | Waterskin (1 gal) x2 | Canteen (1 pt) | Lantern (hooded) | Rope (standard 50') | Hammer + 10 pitons | Flint & steel | Tinderbox | Cloak (wool hooded) | Boots (normal leather) | Gloves (leather) | Hat (leather),-0.45,NO,None,,2,0,-5,0,14,185.0,87.7,2,-6,2,-2,-4,-6,-1,3,-8,1,Aucun,2026-05-28 13:35:34
CH-00410,Human,Reghedman,Le Nord (The North),Logging Camp,Groupe5_Nord_Sauvage,Desert Water Mastery | Snow and Ice Shelter Building | Dark Water Swimming | Field Weapon Maintenance | Arctic Hunting | Extreme Cold Resistance,Disguise & Impersonation | Disguise & Impersonation,Astronomy & Star Navigation | Court Etiquette & Protocol,Animal Husbandry & Training | Magical Goldsmithing (Theoretical),None,Illuskan | Northlander | Uthgardt | Vaasan,520,293.4,universal_standard,0,None,"Lancet, bleeding",2.0,518,"Belt (leather) + Belt pouch (large) | Map case + blank regional map | Lamp oil (flacon) x3 | Grappling hook | 10' pole | Crowbar (standard) | Bâton de marche / Walking Staff | Lancet, bleeding",Backpack (medium leather) | Tent 2-man leather | Sleeping furs (light) | Blanket (heavy) | Field rations (basic) x7 | Waterskin (1 gal) x2 | Canteen (1 pt) | Lantern (hooded) | Rope (standard 50') | Hammer + 10 pitons | Flint & steel | Tinderbox | Cloak (wool hooded) | Boots (normal leather) | Gloves (leather) | Hat (leather),-1.0,NO,None,,-1,1,-1,0,3,157.8,60.6,-2,10,-3,3,-1,8,2,2,11,-2,Aucun,2026-05-28 13:35:34
CH-00411,Human,Tethyrian,Western Heartlands,Isolated Farmstead,Groupe3_Coeur_Continental,Marsh Movement | Forest Stealth | Weather Reading | Wild Plant Foraging | Advanced Tracking,Streetwise (Urban Underworld),History of the Realms | Guilds & Organizations | Laws & Customs of Nations,Shipbuilding | Jewelry & Goldsmithing | Smithing & Metallurgy,Sembian,Chondathan | Sembian,900,293.4,universal_standard,1,Modest,Kite shield | Maille collerette ou manches,700.0,200,Belt (leather) + Belt pouch (large) | Map case + blank regional map | Lamp oil (flacon) x3 | Grappling hook | 10' pole | Crowbar (standard) | Bâton de marche / Walking Staff | Kite shield | Maille collerette ou manches,Backpack (medium leather) | Tent 2-man leather | Sleeping furs (light) | Blanket (heavy) | Field rations (basic) x7 | Waterskin (1 gal) x2 | Canteen (1 pt) | Lantern (hooded) | Rope (standard 50') | Hammer + 10 pitons | Flint & steel | Tinderbox | Cloak (wool hooded) | Boots (normal leather) | Gloves (leather) | Hat (leather),30.14,NO,None,,8,4,-3,4,4,191.7,92.4,2,6,7,-8,-1,4,-6,6,-3,4,Aucun,2026-05-28 13:35:34
CH-00412,Human,Chondathan,The Dalelands,Rural Village,Groupe3_Coeur_Continental,Plains Tracking | Advanced Tracking | Forest Stealth | Forced March Endurance | Complex Terrain Navigation | Wild Plant Foraging,Black Market Operations | Black Market Operations,Religious Cults & Orders | Local Folklore & Legends | Major Religions & Deities | Dragon Lore,Architecture,Druidic | Chondathan,Chondathan | Druidic,925,293.4,universal_standard,0,None,"Lancet, bleeding",2.0,923,"Belt (leather) + Belt pouch (large) | Map case + blank regional map | Lamp oil (flacon) x3 | Grappling hook | 10' pole | Crowbar (standard) | Bâton de marche / Walking Staff | Lancet, bleeding",Backpack (medium leather) | Tent 2-man leather | Sleeping furs (light) | Blanket (heavy) | Field rations (basic) x7 | Waterskin (1 gal) x2 | Canteen (1 pt) | Lantern (hooded) | Rope (standard 50') | Hammer + 10 pitons | Flint & steel | Tinderbox | Cloak (wool hooded) | Boots (normal leather) | Gloves (leather) | Hat (leather),-14.32,YES,Théurgique,Magie Blanche,-9,-6,-6,-4,8,168.1,57.5,0,-4,-8,0,-4,-2,-3,-3,-2,-8,Aucun,2026-05-28 13:35:34
CH-00413,Human,Tethyrian,The Dalelands,Farming Hamlet,Groupe3_Coeur_Continental,Advanced Tracking | Wild Plant Foraging | Complex Terrain Navigation | Plains Tracking,,"Trade Routes & Commerce | Magical Schools & Traditions | Secret Organizations | Cosmology (Weave, Shadow Weave)",Masonry | Architecture,Chondathan,Chondathan | Sembian | Tethyrian,1039,293.4,universal_standard,1,Modest,Pike | Crowbar (standard) | Buckler,826.0,213,Belt (leather) + Belt pouch (large) | Map case + blank regional map | Lamp oil (flacon) x3 | Grappling hook | 10' pole | Crowbar (standard) | Bâton de marche / Walking Staff | Pike | Crowbar (standard) | Buckler,Backpack (medium leather) | Tent 2-man leather | Sleeping furs (light) | Blanket (heavy) | Field rations (basic) x7 | Waterskin (1 gal) x2 | Canteen (1 pt) | Lantern (hooded) | Rope (standard 50') | Hammer + 10 pitons | Flint & steel | Tinderbox | Cloak (wool hooded) | Boots (normal leather) | Gloves (leather) | Hat (leather),-1.16,NO,None,,1,0,-3,0,11,183.5,78.9,2,3,-3,-4,-1,0,4,10,-1,-5,Aucun,2026-05-28 13:35:34
CH-00414,Human,Arkaiun,Sembia,Major Trade City,Groupe2_Sud_Marchand,Wild Plant Foraging,Lockpicking and Trap Disarming | Forgery of Documents & Seals | Streetwise (Urban Underworld) | Guild Knowledge & Politics | Disguise & Impersonation,Genasi & Elemental Peoples | Elven Culture | Aberration Lore | History of Magic,Cooking (Fine Cuisine) | Magical Goldsmithing (Theoretical),Chondathan,Arkaiun | Chondathan,4705,293.4,universal_standard,1,Modest,Padded Jack,850.0,3855,Belt (leather) + Belt pouch (large) | Map case + blank regional map | Lamp oil (flacon) x3 | Grappling hook | 10' pole | Crowbar (standard) | Bâton de marche / Walking Staff | Padded Jack,Backpack (medium leather) | Tent 2-man leather | Sleeping furs (light) | Blanket (heavy) | Field rations (basic) x7 | Waterskin (1 gal) x2 | Canteen (1 pt) | Lantern (hooded) | Rope (standard 50') | Hammer + 10 pitons | Flint & steel | Tinderbox | Cloak (wool hooded) | Boots (normal leather) | Gloves (leather) | Hat (leather),-2.0,NO,None,,0,0,-1,-1,10,181.9,78.9,1,-1,-5,4,-1,-1,4,-5,0,-4,Aucun,2026-05-28 13:35:34
CH-00415,Human,Chultan,Chult,Remote Trading Post,Groupe3_Coeur_Continental,Forest Stealth | Marsh Disease Resistance | Marsh Movement | Wild Plant Foraging | Advanced Tracking,,History of the Realms | Aberration Lore | Divine Myths & Legends | Political Currents & Rivalries,Jewelry & Goldsmithing | Stoneworking | Bone & Ivory Carving,Yuan-ti | Chultan,Chondathan | Chultan | Yuan-ti,655,293.4,universal_standard,1,Modest,Fauld,480.0,175,Belt (leather) + Belt pouch (large) | Map case + blank regional map | Lamp oil (flacon) x3 | Grappling hook | 10' pole | Crowbar (standard) | Bâton de marche / Walking Staff | Fauld,Backpack (medium leather) | Tent 2-man leather | Sleeping furs (light) | Blanket (heavy) | Field rations (basic) x7 | Waterskin (1 gal) x2 | Canteen (1 pt) | Lantern (hooded) | Rope (standard 50') | Hammer + 10 pitons | Flint & steel | Tinderbox | Cloak (wool hooded) | Boots (normal leather) | Gloves (leather) | Hat (leather),-5.78,YES,Arcanique,Magicien,-1,-2,-3,-1,2,167.8,71.0,0,-4,1,0,-3,1,1,-3,-4,1,Aucun,2026-05-28 13:35:34
CH-00416,Human,Illuskan,Luskan,Fishing Village,Groupe1_Cote_des_Epees,Storm and Seasickness Mastery | Open Land Navigation | Deep-Sea Fishing,Urban Stealth & Shadowing | Streetwise (Urban Underworld),Trade Routes & Commerce | Aberration Lore | Local Folklore & Legends | Secret Organizations,Stoneworking | Exotic Herbalism,Illuskan | Thorass,Chondathan | Illuskan,864,293.4,universal_standard,1,Modest,"Rouncey | Lancet, bleeding",452.0,412,"Belt (leather) + Belt pouch (large) | Map case + blank regional map | Lamp oil (flacon) x3 | Grappling hook | 10' pole | Crowbar (standard) | Bâton de marche / Walking Staff | Lancet, bleeding",Backpack (medium leather) | Tent 2-man leather | Sleeping furs (light) | Blanket (heavy) | Field rations (basic) x7 | Waterskin (1 gal) x2 | Canteen (1 pt) | Lantern (hooded) | Rope (standard 50') | Hammer + 10 pitons | Flint & steel | Tinderbox | Cloak (wool hooded) | Boots (normal leather) | Gloves (leather) | Hat (leather) | Rouncey,2.48,NO,None,,2,1,-3,1,8,167.7,74.8,0,3,0,2,-3,2,-1,4,3,0,Aucun,2026-05-28 13:35:34
CH-00417,Human,Calishite,Amn,Major Trade City,Groupe2_Sud_Marchand,Advanced Tracking | Desert Water Mastery,Urban Observation and Tailing | City Secrets & Hidden Routes | Sleight of Hand & Cheating | Guild Knowledge & Politics | Streetwise (Urban Underworld),"History of Magic | Nobility & Heraldry | Festivals, Calendars & Traditions | Political Currents & Rivalries",Leatherworking & Tanning,Tashalan | Mulhorandi,Chondathan | Halruaan | Mulhorandi | Tashalan,2841,293.4,universal_standard,1,Modest,Gorget (élevé) | Fauld,570.0,2271,Belt (leather) + Belt pouch (large) | Map case + blank regional map | Lamp oil (flacon) x3 | Grappling hook | 10' pole | Crowbar (standard) | Bâton de marche / Walking Staff | Gorget (élevé) | Fauld,Backpack (medium leather) | Tent 2-man leather | Sleeping furs (light) | Blanket (heavy) | Field rations (basic) x7 | Waterskin (1 gal) x2 | Canteen (1 pt) | Lantern (hooded) | Rope (standard 50') | Hammer + 10 pitons | Flint & steel | Tinderbox | Cloak (wool hooded) | Boots (normal leather) | Gloves (leather) | Hat (leather),6.66,NO,None,,0,1,3,1,5,169.4,71.0,0,5,-3,5,2,0,-1,2,7,-2,Aucun,2026-05-28 13:35:34
CH-00418,Human,Uthgardt,Le Nord (The North),Mountain Village,Groupe5_Nord_Sauvage,Mountain Endurance | Advanced Tracking | Forest Stealth | Forced March Endurance | Plains Tracking | Snow and Ice Shelter Building,Urban Observation and Tailing,"Cultural Interactions | Geography of Faerûn | Major Cities & Regions | Festivals, Calendars & Traditions",Smithing & Metallurgy,Géant | Illuskan,Géant | Illuskan | Uthgardt,599,293.4,universal_standard,0,None,"Lancet, bleeding",2.0,597,"Belt (leather) + Belt pouch (large) | Map case + blank regional map | Lamp oil (flacon) x3 | Grappling hook | 10' pole | Crowbar (standard) | Bâton de marche / Walking Staff | Lancet, bleeding",Backpack (medium leather) | Tent 2-man leather | Sleeping furs (light) | Blanket (heavy) | Field rations (basic) x7 | Waterskin (1 gal) x2 | Canteen (1 pt) | Lantern (hooded) | Rope (standard 50') | Hammer + 10 pitons | Flint & steel | Tinderbox | Cloak (wool hooded) | Boots (normal leather) | Gloves (leather) | Hat (leather),-2.63,YES,Arcanique,Magicien,-3,-4,3,-5,3,161.8,74.8,-1,-9,-3,1,4,2,4,-10,-8,-3,Aucun,2026-05-28 13:35:34
CH-00419,Human,Calishite,Amn,Major Trade City,Groupe2_Sud_Marchand,Open Land Navigation | Advanced Tracking | Wild Plant Foraging,Information Brokerage | Streetwise (Urban Underworld) | Urban Observation and Tailing | Streetwise (Urban Underworld),Dragon Lore | Lost Kingdoms & Cities | History of Netheril | Major Religions & Deities,Magical Goldsmithing (Theoretical) | Carpentry & Woodworking,Calishite | Thorass,Calishite | Thorass,3121,293.4,universal_standard,2,Comfortable,Close Helmet (Maximilian) | Burgonet (Maximilian),1800.0,1321,Belt (leather) + Belt pouch (large) | Map case + blank regional map | Lamp oil (flacon) x3 | Grappling hook | 10' pole | Crowbar (standard) | Bâton de marche / Walking Staff | Close Helmet (Maximilian) | Burgonet (Maximilian),Backpack (medium leather) | Tent 2-man leather | Sleeping furs (light) | Blanket (heavy) | Field rations (basic) x7 | Waterskin (1 gal) x2 | Canteen (1 pt) | Lantern (hooded) | Rope (standard 50') | Hammer + 10 pitons | Flint & steel | Tinderbox | Cloak (wool hooded) | Boots (normal leather) | Gloves (leather) | Hat (leather),15.8,NO,None,,2,2,5,1,7,166.2,78.9,0,-2,3,5,3,2,-6,-1,0,4,Aucun,2026-05-28 13:35:34
CH-00420,Halfling,Lightfoot Halfling,The Dalelands,Logging Camp,Groupe3_Coeur_Continental,Forest Stealth | Complex Terrain Navigation | Advanced Tracking,Urban Stealth & Shadowing | Urban Observation and Tailing,Trade Routes & Commerce | Aberration Lore | Geography of Faerûn | Political Currents & Rivalries,Animal Husbandry & Training | Jewelry & Goldsmithing | Cartography,Sembian | Thorass,Chondathan | Sembian | Thorass,1044,293.4,universal_standard,1,Modest,"War Hammer | Lancet, bleeding",402.0,642,"Belt (leather) + Belt pouch (large) | Map case + blank regional map | Lamp oil (flacon) x3 | Grappling hook | 10' pole | Crowbar (standard) | Bâton de marche / Walking Staff | Lancet, bleeding",Backpack (medium leather) | Tent 2-man leather | Sleeping furs (light) | Blanket (heavy) | Field rations (basic) x7 | Waterskin (1 gal) x2 | Canteen (1 pt) | Lantern (hooded) | Rope (standard 50') | Hammer + 10 pitons | Flint & steel | Tinderbox | Cloak (wool hooded) | Boots (normal leather) | Gloves (leather) | Hat (leather) | War Hammer,-8.27,YES,Théurgique,Magie Blanche,-15,-5,2,-3,-8,130.3,29.0,-5,10,-1,4,1,4,3,5,18,0,Furtivité,2026-05-28 13:35:34
CH-00421,Dwarf,Shield Dwarf,Ironmaster,Underdark City,Groupe3_Coeur_Continental,Technical Rock Climbing,Lockpicking and Trap Disarming | Poison Lore & Subtle Application | Noble Houses & Court Intrigue,"Aberration Lore | Major Cities & Regions | Cosmology (Weave, Shadow Weave) | Lost Kingdoms & Cities",Poison Lore & Application | Musical Instrument Making | Weapons & Armor Smithing,Nain,Nain,944,293.4,universal_standard,1,Modest,Palfrey | Buckler,790.0,154,Belt (leather) + Belt pouch (large) | Map case + blank regional map | Lamp oil (flacon) x3 | Grappling hook | 10' pole | Crowbar (standard) | Bâton de marche / Walking Staff | Buckler,Backpack (medium leather) | Tent 2-man leather | Sleeping furs (light) | Blanket (heavy) | Field rations (basic) x7 | Waterskin (1 gal) x2 | Canteen (1 pt) | Lantern (hooded) | Rope (standard 50') | Hammer + 10 pitons | Flint & steel | Tinderbox | Cloak (wool hooded) | Boots (normal leather) | Gloves (leather) | Hat (leather) | Palfrey,-2.71,YES,Théurgique,Magie Blanche,1,-1,-2,-5,-1,141.5,71.0,-4,0,-1,1,-2,9,0,-1,0,-1,Vision dans le noir + Robustesse naine,2026-05-28 13:35:34
CH-00422,Human,Tethyrian,Amn,Major Trade City,Groupe2_Sud_Marchand,Forest Stealth | Desert Water Mastery,Disguise & Impersonation | Urban Observation and Tailing | Streetwise (Urban Underworld),Laws & Customs of Nations | Guilds & Organizations | Cultural Interactions | Local Folklore & Legends,Beekeeping | Jewelry & Goldsmithing | Cooking (Fine Cuisine),Cormyrian | Thorass,Chondathan | Cormyrian | Tethyrian | Thorass,3207,293.4,universal_standard,1,Modest,"Rouncey | Lancet, bleeding",452.0,2755,"Belt (leather) + Belt pouch (large) | Map case + blank regional map | Lamp oil (flacon) x3 | Grappling hook | 10' pole | Crowbar (standard) | Bâton de marche / Walking Staff | Lancet, bleeding",Backpack (medium leather) | Tent 2-man leather | Sleeping furs (light) | Blanket (heavy) | Field rations (basic) x7 | Waterskin (1 gal) x2 | Canteen (1 pt) | Lantern (hooded) | Rope (standard 50') | Hammer + 10 pitons | Flint & steel | Tinderbox | Cloak (wool hooded) | Boots (normal leather) | Gloves (leather) | Hat (leather) | Rouncey,1.5,NO,None,,-3,-1,3,0,8,175.6,71.0,1,-5,-2,7,2,-4,3,6,0,0,Aucun,2026-05-28 13:35:34
CH-00423,Human,Damaran,Impiltur,Major Port City,Groupe3_Coeur_Continental,,Noble Houses & Court Intrigue | Lockpicking and Trap Disarming | Disguise & Impersonation | Noble Houses & Court Intrigue | Streetwise (Urban Underworld) | Streetwise (Urban Underworld),"Major Cities & Regions | Lost Kingdoms & Cities | Festivals, Calendars & Traditions | History of the Realms",Cooking (Fine Cuisine),Chondathan | Nar,Chondathan | Nar | Reghed,2548,293.4,universal_standard,2,Comfortable,Kettle hat | War Hammer (Renaissance) | Courser | Gloves (leather) | Buckler,2162.0,386,Belt (leather) + Belt pouch (large) | Map case + blank regional map | Lamp oil (flacon) x3 | Grappling hook | 10' pole | Crowbar (standard) | Bâton de marche / Walking Staff | Buckler,Backpack (medium leather) | Tent 2-man leather | Sleeping furs (light) | Blanket (heavy) | Field rations (basic) x7 | Waterskin (1 gal) x2 | Canteen (1 pt) | Lantern (hooded) | Rope (standard 50') | Hammer + 10 pitons | Flint & steel | Tinderbox | Cloak (wool hooded) | Boots (normal leather) | Gloves (leather) | Hat (leather) | Kettle hat | War Hammer (Renaissance) | Courser | Gloves (leather),-5.29,YES,Sauvage,Magie Blanche,1,-1,-8,-1,2,177.0,74.8,1,-1,3,-9,-5,5,4,-4,-7,0,Aucun,2026-05-28 13:35:34
CH-00424,Human,Calishite,Calimshan,Major Port City,Groupe2_Sud_Marchand,Plains Tracking,Information Brokerage | City Secrets & Hidden Routes | Criminal Organizations & Syndicates | Disguise & Impersonation | Urban Stealth & Shadowing | Urban Observation and Tailing,Major Cities & Regions | Local Folklore & Legends | Laws & Customs of Nations | Court Etiquette & Protocol,Carpentry & Woodworking | Mosaic & Fresco Art | Taxidermy,Thorass,Calishite | Thorass,3050,293.4,universal_standard,3,Wealthy,Lucerne Hammer | Destrier | Bec de Corbin | Buckler,2790.0,260,Belt (leather) + Belt pouch (large) | Map case + blank regional map | Lamp oil (flacon) x3 | Grappling hook | 10' pole | Crowbar (standard) | Bâton de marche / Walking Staff | Destrier | Bec de Corbin | Buckler,Backpack (medium leather) | Tent 2-man leather | Sleeping furs (light) | Blanket (heavy) | Field rations (basic) x7 | Waterskin (1 gal) x2 | Canteen (1 pt) | Lantern (hooded) | Rope (standard 50') | Hammer + 10 pitons | Flint & steel | Tinderbox | Cloak (wool hooded) | Boots (normal leather) | Gloves (leather) | Hat (leather) | Lucerne Hammer,24.91,NO,None,,6,3,4,1,4,181.6,92.4,1,1,2,-1,4,-4,3,0,-3,1,Aucun,2026-05-28 13:35:34
CH-00425,Half-orc,Orc,Uthgardt Tribes,Nomad Camp,Groupe3_Coeur_Continental,Shelter Construction | Trapping and Snaring | Hermetic Medicine | Wetland Tracking | Advanced Tracking | Mountain Endurance,,Genasi & Elemental Peoples | Guilds & Organizations | Gnomish Culture | Dwarven Culture,Ceramics & Pottery | Weaving & Spinning | Exotic Herbalism,Géant | Orc,Géant | Illuskan | Orc | Uthgardt,791,293.4,universal_standard,1,Modest,Palfrey | Short bow | Quiver,670.0,121,Belt (leather) + Belt pouch (large) | Map case + blank regional map | Lamp oil (flacon) x3 | Grappling hook | 10' pole | Crowbar (standard) | Bâton de marche / Walking Staff | Short bow | Quiver,Backpack (medium leather) | Tent 2-man leather | Sleeping furs (light) | Blanket (heavy) | Field rations (basic) x7 | Waterskin (1 gal) x2 | Canteen (1 pt) | Lantern (hooded) | Rope (standard 50') | Hammer + 10 pitons | Flint & steel | Tinderbox | Cloak (wool hooded) | Boots (normal leather) | Gloves (leather) | Hat (leather) | Palfrey,57.07,NO,None,,11,7,3,4,-8,173.5,102.7,0,7,6,3,1,2,-2,0,3,7,Force brutale + Vision dans le noir N1,2026-05-28 13:35:34
CH-00426,Human,Illuskan,Spine of the World,Mountain Village,Groupe3_Coeur_Continental,Snow and Ice Shelter Building | Storm and Seasickness Mastery | Deep-Sea Fishing | Island Navigation | Wetland Tracking | Oceanic Navigation,Streetwise (Urban Underworld) | Urban Stealth & Shadowing,Divine Myths & Legends | Major Cities & Regions | Lost Kingdoms & Cities | Geography of Faerûn,Papermaking & Ink Making | Poison Lore & Application,Géant | Reghed,Chondathan | Géant | Illuskan | Reghed,441,293.4,universal_standard,0,None,"Lancet, bleeding",2.0,439,"Belt (leather) + Belt pouch (large) | Map case + blank regional map | Lamp oil (flacon) x3 | Grappling hook | 10' pole | Crowbar (standard) | Bâton de marche / Walking Staff | Lancet, bleeding",Backpack (medium leather) | Tent 2-man leather | Sleeping furs (light) | Blanket (heavy) | Field rations (basic) x7 | Waterskin (1 gal) x2 | Canteen (1 pt) | Lantern (hooded) | Rope (standard 50') | Hammer + 10 pitons | Flint & steel | Tinderbox | Cloak (wool hooded) | Boots (normal leather) | Gloves (leather) | Hat (leather),-9.45,YES,Théurgique,Magie Blanche,-2,-3,-6,-3,5,173.9,74.8,0,-3,-7,1,-4,2,2,4,-3,-7,Aucun,2026-05-28 13:35:34
CH-00427,Human,Tethyrian,Baldur's Gate,Large Town,Groupe1_Cote_des_Epees,Dark Water Swimming | Forest Stealth,Fences and Buyers Network | Disguise & Impersonation,Magical Schools & Traditions | Major Cities & Regions | Aberration Lore | History of the Realms,Brewing & Distilling | Navigation (Land & Sea) | Cooking (Fine Cuisine),Chondathan,Chondathan | Druidic,3334,293.4,universal_standard,1,Modest,Fauld | Buckler,540.0,2794,Belt (leather) + Belt pouch (large) | Map case + blank regional map | Lamp oil (flacon) x3 | Grappling hook | 10' pole | Crowbar (standard) | Bâton de marche / Walking Staff | Fauld | Buckler,Backpack (medium leather) | Tent 2-man leather | Sleeping furs (light) | Blanket (heavy) | Field rations (basic) x7 | Waterskin (1 gal) x2 | Canteen (1 pt) | Lantern (hooded) | Rope (standard 50') | Hammer + 10 pitons | Flint & steel | Tinderbox | Cloak (wool hooded) | Boots (normal leather) | Gloves (leather) | Hat (leather),-14.4,YES,Sauvage,Magie Blanche,-6,-6,-5,-8,7,149.6,57.5,-3,-4,-5,-7,-1,8,0,-3,-6,-8,Aucun,2026-05-28 13:35:34
CH-00428,Human,Tethyrian,The Dalelands,Logging Camp,Groupe3_Coeur_Continental,Technical Rock Climbing | Oceanic Navigation | Complex Terrain Navigation | Advanced Tracking | Wild Plant Foraging | Forest Stealth,Forgery of Documents & Seals | Sleight of Hand & Cheating,History of Magic | Fall of Myth Drannor | Cultural Interactions | Guilds & Organizations,Cabinetmaking & Marquetry,Druidic | Chondathan,Chondathan | Druidic,1209,293.4,universal_standard,1,Modest,Light Crossbow | Longbow | Quiver,890.0,319,Belt (leather) + Belt pouch (large) | Map case + blank regional map | Lamp oil (flacon) x3 | Grappling hook | 10' pole | Crowbar (standard) | Bâton de marche / Walking Staff | Light Crossbow | Longbow | Quiver,Backpack (medium leather) | Tent 2-man leather | Sleeping furs (light) | Blanket (heavy) | Field rations (basic) x7 | Waterskin (1 gal) x2 | Canteen (1 pt) | Lantern (hooded) | Rope (standard 50') | Hammer + 10 pitons | Flint & steel | Tinderbox | Cloak (wool hooded) | Boots (normal leather) | Gloves (leather) | Hat (leather),36.74,NO,None,,6,6,2,5,-6,188.3,92.4,2,6,0,11,-1,-1,3,9,8,3,Aucun,2026-05-28 13:35:34
CH-00429,Human,Tethyrian,Tethyr,Remote Monastery,Groupe2_Sud_Marchand,Forest Stealth | Plains Tracking | Advanced Tracking,Urban Observation and Tailing | Urban Stealth & Shadowing,Nobility & Heraldry | History of the Realms | Cultural Interactions,Preservation & Salting | Cabinetmaking & Marquetry,Chondathan,Chondathan | Illuskan | Sembian,1484,293.4,universal_standard,2,Comfortable,Plackart | Main-gauche | Lucerne Hammer,1340.0,144,Belt (leather) + Belt pouch (large) | Map case + blank regional map | Lamp oil (flacon) x3 | Grappling hook | 10' pole | Crowbar (standard) | Bâton de marche / Walking Staff | Plackart | Main-gauche,Backpack (medium leather) | Tent 2-man leather | Sleeping furs (light) | Blanket (heavy) | Field rations (basic) x7 | Waterskin (1 gal) x2 | Canteen (1 pt) | Lantern (hooded) | Rope (standard 50') | Hammer + 10 pitons | Flint & steel | Tinderbox | Cloak (wool hooded) | Boots (normal leather) | Gloves (leather) | Hat (leather) | Lucerne Hammer,2.02,NO,None,,3,1,-4,-1,10,164.7,78.9,-1,3,-1,0,-3,-7,-1,2,1,-1,Aucun,2026-05-28 13:35:34
CH-00430,Human,Rashemi,Rashemen,Remote Monastery,Groupe10_Rashemen,Advanced Tracking | Marsh Movement | Wild Plant Foraging | Forest Stealth | Complex Terrain Navigation,,Religious Cults & Orders | Fall of Myth Drannor | Cultural Interactions | History of the Realms,Herbalism & Potion Brewing | Accounting & Estate Management | Ritual Object Crafting,Rashemi,Mulhorandi | Rashemi,760,293.4,universal_standard,0,None,"Lancet, bleeding",2.0,758,"Belt (leather) + Belt pouch (large) | Map case + blank regional map | Lamp oil (flacon) x3 | Grappling hook | 10' pole | Crowbar (standard) | Bâton de marche / Walking Staff | Lancet, bleeding",Backpack (medium leather) | Tent 2-man leather | Sleeping furs (light) | Blanket (heavy) | Field rations (basic) x7 | Waterskin (1 gal) x2 | Canteen (1 pt) | Lantern (hooded) | Rope (standard 50') | Hammer + 10 pitons | Flint & steel | Tinderbox | Cloak (wool hooded) | Boots (normal leather) | Gloves (leather) | Hat (leather),17.58,NO,None,,4,4,-1,3,0,172.3,74.8,0,8,3,1,-1,5,4,0,6,3,Aucun,2026-05-28 13:35:34
CH-00431,Human,Calishite,Calimshan,Major Port City,Groupe2_Sud_Marchand,,Black Market Operations | Sleight of Hand & Cheating | Urban Observation and Tailing | Urban Stealth & Shadowing,"Dwarven Culture | Festivals, Calendars & Traditions | Elven Culture | Guilds & Organizations",Dyeing & Textile Coloring | Carpentry & Woodworking | Shipbuilding,Lantanna | Thorass,Calishite | Chondathan | Lantanna,3779,293.4,universal_standard,2,Comfortable,Gauntlets (renforcés) | Voulge | Buckler,1120.0,2659,Belt (leather) + Belt pouch (large) | Map case + blank regional map | Lamp oil (flacon) x3 | Grappling hook | 10' pole | Crowbar (standard) | Bâton de marche / Walking Staff | Gauntlets (renforcés) | Voulge | Buckler,Backpack (medium leather) | Tent 2-man leather | Sleeping furs (light) | Blanket (heavy) | Field rations (basic) x7 | Waterskin (1 gal) x2 | Canteen (1 pt) | Lantern (hooded) | Rope (standard 50') | Hammer + 10 pitons | Flint & steel | Tinderbox | Cloak (wool hooded) | Boots (normal leather) | Gloves (leather) | Hat (leather),-0.87,NO,None,,-6,-3,4,-3,5,151.0,54.6,-2,0,-3,2,4,1,10,6,3,-3,Aucun,2026-05-28 13:35:34
CH-00432,Dwarf,Shield Dwarf,Mithral Hall,Underdark City,Groupe6_Bloc_Nain,Mountain Endurance,Urban Stealth & Shadowing | Guild Knowledge & Politics | Criminal Organizations & Syndicates | Information Brokerage,Geography of Faerûn | Guilds & Organizations | Local Folklore & Legends | Spellplague & Its Aftermath,Stoneworking | Brewing & Distilling,Thorass | Nain,Géant | Nain | Thorass,1055,293.4,universal_standard,1,Modest,Rouncey | Falchion,900.0,155,Belt (leather) + Belt pouch (large) | Map case + blank regional map | Lamp oil (flacon) x3 | Grappling hook | 10' pole | Crowbar (standard) | Bâton de marche / Walking Staff | Falchion,Backpack (medium leather) | Tent 2-man leather | Sleeping furs (light) | Blanket (heavy) | Field rations (basic) x7 | Waterskin (1 gal) x2 | Canteen (1 pt) | Lantern (hooded) | Rope (standard 50') | Hammer + 10 pitons | Flint & steel | Tinderbox | Cloak (wool hooded) | Boots (normal leather) | Gloves (leather) | Hat (leather) | Rouncey,20.29,NO,None,,7,3,0,-2,1,150.4,87.7,-3,2,3,-1,0,6,6,-3,-1,2,Vision dans le noir + Robustesse naine,2026-05-28 13:35:34
CH-00433,Human,Mulan,Unther,Military Outpost,Groupe12_Old_Empires,Underground Navigation | Technical Rock Climbing | Wild Plant Foraging,City Secrets & Hidden Routes | Disguise & Impersonation,Lost Kingdoms & Cities | Legendary Artifacts & Relics | Major Religions & Deities | History of the Realms,Locksmithing & Mechanisms | Masonry,Thayan | Mulhorandi,Mulhorandi | Thayan | Untheric,1093,293.4,universal_standard,1,Modest,Fauld,480.0,613,Belt (leather) + Belt pouch (large) | Map case + blank regional map | Lamp oil (flacon) x3 | Grappling hook | 10' pole | Crowbar (standard) | Bâton de marche / Walking Staff | Fauld,Backpack (medium leather) | Tent 2-man leather | Sleeping furs (light) | Blanket (heavy) | Field rations (basic) x7 | Waterskin (1 gal) x2 | Canteen (1 pt) | Lantern (hooded) | Rope (standard 50') | Hammer + 10 pitons | Flint & steel | Tinderbox | Cloak (wool hooded) | Boots (normal leather) | Gloves (leather) | Hat (leather),12.96,NO,None,,2,1,3,3,9,183.5,78.9,2,-2,5,1,2,2,-10,3,-2,5,Aucun,2026-05-28 13:35:34
CH-00434,Human,Chondathan,Chondath,Fishing Village,Groupe4_Vilhon_Est,Plains Tracking | Oceanic Navigation | Coastal Survival | River Crossing,,Spellplague & Its Aftermath | Nobility & Heraldry | Fall of Myth Drannor | History of Imaskar,Heraldry & Lineage,Chondathan | Thorass,Chondathan,1355,293.4,universal_standard,2,Comfortable,Sallet ou Armet (classique) | Grappling hook | Rouncey | Normal shield | Buckler,1287.0,68,Belt (leather) + Belt pouch (large) | Map case + blank regional map | Lamp oil (flacon) x3 | Grappling hook | 10' pole | Crowbar (standard) | Bâton de marche / Walking Staff | Sallet ou Armet (classique) | Grappling hook | Normal shield | Buckler,Backpack (medium leather) | Tent 2-man leather | Sleeping furs (light) | Blanket (heavy) | Field rations (basic) x7 | Waterskin (1 gal) x2 | Canteen (1 pt) | Lantern (hooded) | Rope (standard 50') | Hammer + 10 pitons | Flint & steel | Tinderbox | Cloak (wool hooded) | Boots (normal leather) | Gloves (leather) | Hat (leather) | Rouncey,11.6,NO,None,,1,1,4,2,3,178.6,74.8,1,3,0,2,4,7,2,3,3,0,Aucun,2026-05-28 13:35:34
CH-00435,Other,Air Genasi,Anauroch,Rural Village,Groupe3_Coeur_Continental,Rope Making and Knot Mastery | Open Land Navigation | Weather Reading,Guild Knowledge & Politics,Trade Routes & Commerce | History of Magic | Divine Myths & Legends,Weaving & Spinning | Brewing & Distilling,Auran,Auran | Chondathan,519,293.4,universal_standard,0,None,"Lancet, bleeding",2.0,517,"Belt (leather) + Belt pouch (large) | Map case + blank regional map | Lamp oil (flacon) x3 | Grappling hook | 10' pole | Crowbar (standard) | Bâton de marche / Walking Staff | Lancet, bleeding",Backpack (medium leather) | Tent 2-man leather | Sleeping furs (light) | Blanket (heavy) | Field rations (basic) x7 | Waterskin (1 gal) x2 | Canteen (1 pt) | Lantern (hooded) | Rope (standard 50') | Hammer + 10 pitons | Flint & steel | Tinderbox | Cloak (wool hooded) | Boots (normal leather) | Gloves (leather) | Hat (leather),-6.87,YES,Théurgique,Magie Verte,-5,-4,0,-4,-1,156.4,57.5,-2,-2,-1,-1,1,1,9,-7,-1,-2,Affinité avec l'air,2026-05-28 13:35:34
CH-00436,Human,Chondathan,Chondath,Small Town,Groupe4_Vilhon_Est,Dark Water Swimming,Guild Knowledge & Politics | Urban Stealth & Shadowing | Streetwise (Urban Underworld) | Information Brokerage,Fall of Myth Drannor | Elven Culture,Cabinetmaking & Marquetry,Chondathan,Chondathan | Cormyrian | Infernal,1553,293.4,universal_standard,2,Comfortable,Falchion | Palfrey | Longbow | Quiver,1360.0,193,Belt (leather) + Belt pouch (large) | Map case + blank regional map | Lamp oil (flacon) x3 | Grappling hook | 10' pole | Crowbar (standard) | Bâton de marche / Walking Staff | Falchion | Longbow | Quiver,Backpack (medium leather) | Tent 2-man leather | Sleeping furs (light) | Blanket (heavy) | Field rations (basic) x7 | Waterskin (1 gal) x2 | Canteen (1 pt) | Lantern (hooded) | Rope (standard 50') | Hammer + 10 pitons | Flint & steel | Tinderbox | Cloak (wool hooded) | Boots (normal leather) | Gloves (leather) | Hat (leather) | Palfrey,1.0,NO,None,,-1,0,1,1,10,171.0,67.4,0,0,3,2,0,2,-5,1,1,3,Aucun,2026-05-28 13:35:34
CH-00437,Human,Shaaran,The Shaar,Military Outpost,Groupe3_Coeur_Continental,Open Land Navigation | Wild Plant Foraging | Forced March Endurance,,History of Netheril | Major Religions & Deities | Fey & Feywild Knowledge | Religious Cults & Orders,Carpentry & Woodworking,Chultan,Chultan | Shaaran,835,293.4,universal_standard,0,None,Buckler,220.0,615,Belt (leather) + Belt pouch (large) | Map case + blank regional map | Lamp oil (flacon) x3 | Grappling hook | 10' pole | Crowbar (standard) | Bâton de marche / Walking Staff | Buckler,Backpack (medium leather) | Tent 2-man leather | Sleeping furs (light) | Blanket (heavy) | Field rations (basic) x7 | Waterskin (1 gal) x2 | Canteen (1 pt) | Lantern (hooded) | Rope (standard 50') | Hammer + 10 pitons | Flint & steel | Tinderbox | Cloak (wool hooded) | Boots (normal leather) | Gloves (leather) | Hat (leather),-5.25,YES,Théurgique,Magie Verte,-5,-3,1,-1,-1,160.7,57.5,-1,-6,5,0,0,3,2,2,-3,5,Aucun,2026-05-28 13:35:34
CH-00438,Human,Mulan,Mulhorand,Rural Village,Groupe8_Mulhorand,Wild Plant Foraging | Open Land Navigation | Desert Thermal Endurance,Temple Politics & Religious Intrigue,Nobility & Heraldry | Major Cities & Regions | Laws & Customs of Nations | Local Folklore & Legends,Bone & Ivory Carving | Leatherworking & Tanning,Mulhorandi,Mulhorandi | Rashemi,1010,293.4,universal_standard,0,None,"Cloak (wool) | Lancet, bleeding",11.0,999,"Belt (leather) + Belt pouch (large) | Map case + blank regional map | Lamp oil (flacon) x3 | Grappling hook | 10' pole | Crowbar (standard) | Bâton de marche / Walking Staff | Lancet, bleeding",Backpack (medium leather) | Tent 2-man leather | Sleeping furs (light) | Blanket (heavy) | Field rations (basic) x7 | Waterskin (1 gal) x2 | Canteen (1 pt) | Lantern (hooded) | Rope (standard 50') | Hammer + 10 pitons | Flint & steel | Tinderbox | Cloak (wool hooded) | Boots (normal leather) | Gloves (leather) | Hat (leather) | Cloak (wool),-1.76,NO,None,,-2,-3,3,-4,13,163.5,67.4,-1,2,-6,-4,6,2,-1,3,-1,-8,Aucun,2026-05-28 13:35:34
CH-00439,Human,Tethyrian,Baldur's Gate,Small Town,Groupe1_Cote_des_Epees,Storm and Seasickness Mastery | Littoral Foraging,Fences and Buyers Network | Urban Stealth & Shadowing | Noble Houses & Court Intrigue,"Local Folklore & Legends | Festivals, Calendars & Traditions | Ancient Realms (Netheril, Imaskar...) | Cosmology (Weave, Shadow Weave)",Sail & Rope Making | Bone & Ivory Carving,Sembian | Thorass,Chondathan | Druidic | Sembian,2483,293.4,universal_standard,2,Comfortable,Courser | Morning Star | Sabatons (larges) | Cuisses (renforcées),1690.0,793,Belt (leather) + Belt pouch (large) | Map case + blank regional map | Lamp oil (flacon) x3 | Grappling hook | 10' pole | Crowbar (standard) | Bâton de marche / Walking Staff | Morning Star | Sabatons (larges) | Cuisses (renforcées),Backpack (medium leather) | Tent 2-man leather | Sleeping furs (light) | Blanket (heavy) | Field rations (basic) x7 | Waterskin (1 gal) x2 | Canteen (1 pt) | Lantern (hooded) | Rope (standard 50') | Hammer + 10 pitons | Flint & steel | Tinderbox | Cloak (wool hooded) | Boots (normal leather) | Gloves (leather) | Hat (leather) | Courser,21.76,NO,None,,5,4,2,2,3,180.0,92.4,1,2,-3,8,0,-5,1,1,3,-1,Aucun,2026-05-28 13:35:34
CH-00440,Human,Calishite,Lantan,Isolated Farmstead,Groupe3_Coeur_Continental,Oceanic Navigation | Desert Water Mastery | Open Land Navigation | Desert Thermal Endurance | Storm and Seasickness Mastery,,Guilds & Organizations | Major Religions & Deities | Political Currents & Rivalries,Magical Goldsmithing (Theoretical) | Ceramics & Pottery | Masonry,Halruaan,Calishite | Chondathan | Halruaan,2753,293.4,universal_standard,1,Modest,Reinforced Gambeson | Kettle hat,930.0,1823,Belt (leather) + Belt pouch (large) | Map case + blank regional map | Lamp oil (flacon) x3 | Grappling hook | 10' pole | Crowbar (standard) | Bâton de marche / Walking Staff | Reinforced Gambeson,Backpack (medium leather) | Tent 2-man leather | Sleeping furs (light) | Blanket (heavy) | Field rations (basic) x7 | Waterskin (1 gal) x2 | Canteen (1 pt) | Lantern (hooded) | Rope (standard 50') | Hammer + 10 pitons | Flint & steel | Tinderbox | Cloak (wool hooded) | Boots (normal leather) | Gloves (leather) | Hat (leather) | Kettle hat,-2.51,YES,Théurgique,Magie Blanche,1,0,-6,0,3,169.4,71.0,0,3,1,-3,-5,-9,-4,-3,0,0,Aucun,2026-05-28 13:35:34
CH-00441,Human,Calishite,Amn,Major Trade City,Groupe2_Sud_Marchand,Wild Plant Foraging | Advanced Tracking,Urban Observation and Tailing | Streetwise (Urban Underworld) | Streetwise (Urban Underworld) | Forgery of Documents & Seals,History of the Realms | Dwarven Culture | Divine Myths & Legends | Geography of Faerûn,Weaving & Spinning,Mulhorandi | Thorass,Chondathan | Mulhorandi | Sembian | Tashalan,3414,293.4,universal_standard,3,Wealthy,Sidesword | Padded Jack | Main-gauche | Destrier | Buckler,3340.0,74,Belt (leather) + Belt pouch (large) | Map case + blank regional map | Lamp oil (flacon) x3 | Grappling hook | 10' pole | Crowbar (standard) | Bâton de marche / Walking Staff | Sidesword | Padded Jack | Main-gauche | Destrier | Buckler,Backpack (medium leather) | Tent 2-man leather | Sleeping furs (light) | Blanket (heavy) | Field rations (basic) x7 | Waterskin (1 gal) x2 | Canteen (1 pt) | Lantern (hooded) | Rope (standard 50') | Hammer + 10 pitons | Flint & steel | Tinderbox | Cloak (wool hooded) | Boots (normal leather) | Gloves (leather) | Hat (leather),26.55,NO,None,,2,3,6,4,-1,175.5,74.8,1,2,4,6,4,-1,1,12,4,6,Aucun,2026-05-28 13:35:34
CH-00442,Human,Calishite,Calimshan,Major Port City,Groupe2_Sud_Marchand,,Sleight of Hand & Cheating | Streetwise (Urban Underworld) | Guild Knowledge & Politics | Guild Knowledge & Politics,Political Currents & Rivalries | Major Cities & Regions | Religious Cults & Orders | Nobility & Heraldry,Preservation & Salting | Masonry | Glassworking,Calishite | Thorass,Calishite | Chondathan | Tashalan,3870,293.4,universal_standard,3,Wealthy,Rouncey | Morning Star | Rapier | Destrier | Gloves (fur lined) | Buckler,3274.0,596,Belt (leather) + Belt pouch (large) | Map case + blank regional map | Lamp oil (flacon) x3 | Grappling hook | 10' pole | Crowbar (standard) | Bâton de marche / Walking Staff | Morning Star | Rapier | Destrier | Buckler,Backpack (medium leather) | Tent 2-man leather | Sleeping furs (light) | Blanket (heavy) | Field rations (basic) x7 | Waterskin (1 gal) x2 | Canteen (1 pt) | Lantern (hooded) | Rope (standard 50') | Hammer + 10 pitons | Flint & steel | Tinderbox | Cloak (wool hooded) | Boots (normal leather) | Gloves (leather) | Hat (leather) | Rouncey | Gloves (fur lined),11.6,NO,None,,1,2,4,1,5,165.0,67.4,-1,8,0,0,4,-1,-2,5,6,0,Aucun,2026-05-28 13:35:34
CH-00443,Human,Damaran,Impiltur,Major Port City,Groupe3_Coeur_Continental,Storm and Seasickness Mastery | Oceanic Navigation,Disguise & Impersonation | Black Market Operations | Lockpicking and Trap Disarming | Guild Knowledge & Politics | Fences and Buyers Network,Divine Myths & Legends | Geography of Faerûn | History of Magic | Local Folklore & Legends,Accounting & Estate Management | Stone & Wood Carving,Chondathan | Thorass,Chondathan | Impilturan | Theskian,2617,293.4,universal_standard,2,Comfortable,Poleaxe | Scimitar | Buckler,1640.0,977,Belt (leather) + Belt pouch (large) | Map case + blank regional map | Lamp oil (flacon) x3 | Grappling hook | 10' pole | Crowbar (standard) | Bâton de marche / Walking Staff | Poleaxe | Scimitar | Buckler,Backpack (medium leather) | Tent 2-man leather | Sleeping furs (light) | Blanket (heavy) | Field rations (basic) x7 | Waterskin (1 gal) x2 | Canteen (1 pt) | Lantern (hooded) | Rope (standard 50') | Hammer + 10 pitons | Flint & steel | Tinderbox | Cloak (wool hooded) | Boots (normal leather) | Gloves (leather) | Hat (leather),-8.14,YES,Arcanique,Magicien,-1,-2,-7,-2,6,166.3,71.0,0,-1,-3,0,-6,-7,-5,0,-1,-3,Aucun,2026-05-28 13:35:34
CH-00444,Human,Tethyrian,Amn,Major Trade City,Groupe2_Sud_Marchand,,Temple Politics & Religious Intrigue | City Secrets & Hidden Routes | Information Brokerage | Urban Stealth & Shadowing | Streetwise (Urban Underworld),Halfling Culture | Trade Routes & Commerce | Major Cities & Regions | History of Imaskar,Herbalism & Potion Brewing | Cooking (Fine Cuisine) | Ritual Object Crafting,Thorass | Elfique,Chessentan | Chondathan | Elfique | Tethyrian,3707,293.4,universal_standard,1,Modest,"War Hammer (Renaissance) | Waterskin (5 gal) | Lancet, bleeding",789.0,2918,"Belt (leather) + Belt pouch (large) | Map case + blank regional map | Lamp oil (flacon) x3 | Grappling hook | 10' pole | Crowbar (standard) | Bâton de marche / Walking Staff | Lancet, bleeding",Backpack (medium leather) | Tent 2-man leather | Sleeping furs (light) | Blanket (heavy) | Field rations (basic) x7 | Waterskin (1 gal) x2 | Canteen (1 pt) | Lantern (hooded) | Rope (standard 50') | Hammer + 10 pitons | Flint & steel | Tinderbox | Cloak (wool hooded) | Boots (normal leather) | Gloves (leather) | Hat (leather) | War Hammer (Renaissance) | Waterskin (5 gal),7.28,NO,None,,1,2,2,1,5,162.0,67.4,-1,5,2,2,1,-4,-1,-4,5,2,Aucun,2026-05-28 13:35:34
CH-00445,Human,Chondathan,Vilhon Reach,Smuggler's Port,Groupe4_Vilhon_Est,Forced March Endurance | Advanced Tracking | Marsh Movement | Open Land Navigation,,Guilds & Organizations | Nobility & Heraldry | Trade Routes & Commerce | Divine Myths & Legends,Herbalism & Potion Brewing | Masonry | Weapons & Armor Smithing,Chondathan | Thorass,Chondathan | Thorass,2187,293.4,universal_standard,2,Comfortable,Gauntlets (renforcés) | Maille collerette ou manches | Buckler,1120.0,1067,Belt (leather) + Belt pouch (large) | Map case + blank regional map | Lamp oil (flacon) x3 | Grappling hook | 10' pole | Crowbar (standard) | Bâton de marche / Walking Staff | Gauntlets (renforcés) | Maille collerette ou manches | Buckler,Backpack (medium leather) | Tent 2-man leather | Sleeping furs (light) | Blanket (heavy) | Field rations (basic) x7 | Waterskin (1 gal) x2 | Canteen (1 pt) | Lantern (hooded) | Rope (standard 50') | Hammer + 10 pitons | Flint & steel | Tinderbox | Cloak (wool hooded) | Boots (normal leather) | Gloves (leather) | Hat (leather),-8.44,YES,Théurgique,Magie Blanche,-4,-3,-1,-4,3,153.5,63.9,-2,-4,-4,4,-1,3,-2,1,0,-3,Aucun,2026-05-28 13:35:34
CH-00446,Other,Earth Genasi,Spine of the World,Mountain Village,Groupe3_Coeur_Continental,Savanna Plant Knowledge | Advanced Tracking | Forced March Endurance | Marsh Disease Resistance | Mountain Endurance | Technical Rock Climbing,Criminal Organizations & Syndicates | Guild Knowledge & Politics,Major Cities & Regions | Dwarven Culture,Masonry | Viticulture & Winemaking,None,Chondathan | Géant | Illuskan | Terran,438,293.4,universal_standard,0,None,"Lancet, bleeding",2.0,436,"Belt (leather) + Belt pouch (large) | Map case + blank regional map | Lamp oil (flacon) x3 | Grappling hook | 10' pole | Crowbar (standard) | Bâton de marche / Walking Staff | Lancet, bleeding",Backpack (medium leather) | Tent 2-man leather | Sleeping furs (light) | Blanket (heavy) | Field rations (basic) x7 | Waterskin (1 gal) x2 | Canteen (1 pt) | Lantern (hooded) | Rope (standard 50') | Hammer + 10 pitons | Flint & steel | Tinderbox | Cloak (wool hooded) | Boots (normal leather) | Gloves (leather) | Hat (leather),-0.78,NO,None,,0,-2,1,-3,11,175.3,87.7,1,-6,-7,3,2,1,8,-2,-6,-6,Affinité avec la terre,2026-05-28 13:35:34
CH-00447,Human,Calishite,Calimshan,Major Port City,Groupe2_Sud_Marchand,Wild Plant Foraging,Criminal Organizations & Syndicates | Temple Politics & Religious Intrigue | Fences and Buyers Network | Temple Politics & Religious Intrigue | Streetwise (Urban Underworld) | Black Market Operations,Fey & Feywild Knowledge | Trade Routes & Commerce | Local Folklore & Legends | Nobility & Heraldry,Stone & Wood Carving | Brewing & Distilling | Jewelry & Goldsmithing,Chondathan | Calishite,Calishite | Chondathan | Halruaan,4237,293.4,universal_standard,3,Wealthy,"Gorget (élevé) | Maille collerette ou manches | Camel, riding | Destrier",3530.0,707,Belt (leather) + Belt pouch (large) | Map case + blank regional map | Lamp oil (flacon) x3 | Grappling hook | 10' pole | Crowbar (standard) | Bâton de marche / Walking Staff | Gorget (élevé) | Maille collerette ou manches | Destrier,"Backpack (medium leather) | Tent 2-man leather | Sleeping furs (light) | Blanket (heavy) | Field rations (basic) x7 | Waterskin (1 gal) x2 | Canteen (1 pt) | Lantern (hooded) | Rope (standard 50') | Hammer + 10 pitons | Flint & steel | Tinderbox | Cloak (wool hooded) | Boots (normal leather) | Gloves (leather) | Hat (leather) | Camel, riding",11.15,NO,None,,6,2,-3,-2,9,164.5,92.4,-1,1,0,-3,-2,1,-2,0,-4,-1,Aucun,2026-05-28 13:35:34
CH-00448,Human,Turami,Turmish,Large Town,Groupe2_Sud_Marchand,Hermetic Medicine | Complex Terrain Navigation,Urban Observation and Tailing | Disguise & Impersonation | Temple Politics & Religious Intrigue,"Nobility & Heraldry | Geography of Faerûn | Cosmology (Weave, Shadow Weave)",Ritual Object Crafting | Masonry | Animal Husbandry & Training,Turami,Chondathan | Turami,1753,293.4,universal_standard,2,Comfortable,Destrier | Bevor,1580.0,173,Belt (leather) + Belt pouch (large) | Map case + blank regional map | Lamp oil (flacon) x3 | Grappling hook | 10' pole | Crowbar (standard) | Bâton de marche / Walking Staff | Destrier | Bevor,Backpack (medium leather) | Tent 2-man leather | Sleeping furs (light) | Blanket (heavy) | Field rations (basic) x7 | Waterskin (1 gal) x2 | Canteen (1 pt) | Lantern (hooded) | Rope (standard 50') | Hammer + 10 pitons | Flint & steel | Tinderbox | Cloak (wool hooded) | Boots (normal leather) | Gloves (leather) | Hat (leather),-12.66,YES,Arcanique,Magicien,-6,-5,-7,-3,4,156.6,54.6,-2,-5,7,-8,-5,5,1,-2,-7,4,Aucun,2026-05-28 13:35:34
CH-00449,Human,Calishite,Calimshan,Metropolis,Groupe2_Sud_Marchand,,Disguise & Impersonation | Disguise & Impersonation | Noble Houses & Court Intrigue | Information Brokerage | Lockpicking and Trap Disarming | Information Brokerage,Ruins & Major Archaeological Sites | History of the Realms | Trade Routes & Commerce | Astronomy & Star Navigation,Navigation (Land & Sea),Thorass,Calishite | Lantanna | Thorass,3383,293.4,universal_standard,2,Comfortable,Gauntlets (renforcés) | Sidesword,1070.0,2313,Belt (leather) + Belt pouch (large) | Map case + blank regional map | Lamp oil (flacon) x3 | Grappling hook | 10' pole | Crowbar (standard) | Bâton de marche / Walking Staff | Gauntlets (renforcés) | Sidesword,Backpack (medium leather) | Tent 2-man leather | Sleeping furs (light) | Blanket (heavy) | Field rations (basic) x7 | Waterskin (1 gal) x2 | Canteen (1 pt) | Lantern (hooded) | Rope (standard 50') | Hammer + 10 pitons | Flint & steel | Tinderbox | Cloak (wool hooded) | Boots (normal leather) | Gloves (leather) | Hat (leather),-6.96,YES,Sauvage,Magie Verte,-3,-3,0,-4,3,156.3,63.9,-2,0,-5,1,1,0,-3,0,1,-5,Aucun,2026-05-28 13:35:34
CH-00450,Human,Tethyrian,Baldur's Gate,Major Port City,Groupe1_Cote_des_Epees,Wild Plant Foraging | Advanced Tracking,Black Market Operations | Criminal Organizations & Syndicates | Fences and Buyers Network,Political Currents & Rivalries | Laws & Customs of Nations | History of Netheril | Divine Myths & Legends,Lens Making & Optics | Alchemy (Theory & Practice),Chondathan | Thorass,Chondathan | Cormyrian,3391,293.4,universal_standard,2,Comfortable,Close Helmet (Maximilian) | Leather barding | Military Fork | Buckler,1700.0,1691,Belt (leather) + Belt pouch (large) | Map case + blank regional map | Lamp oil (flacon) x3 | Grappling hook | 10' pole | Crowbar (standard) | Bâton de marche / Walking Staff | Close Helmet (Maximilian) | Leather barding | Military Fork | Buckler,Backpack (medium leather) | Tent 2-man leather | Sleeping furs (light) | Blanket (heavy) | Field rations (basic) x7 | Waterskin (1 gal) x2 | Canteen (1 pt) | Lantern (hooded) | Rope (standard 50') | Hammer + 10 pitons | Flint & steel | Tinderbox | Cloak (wool hooded) | Boots (normal leather) | Gloves (leather) | Hat (leather),-10.98,YES,Arcanique,Magicien,-3,-4,-5,-5,2,157.8,60.6,-2,4,-6,-7,-1,12,3,1,0,-9,Aucun,2026-05-28 13:35:34
CH-00451,Human,Tethyrian,Tethyr,Large Town,Groupe2_Sud_Marchand,Plains Tracking | Forest Stealth,Temple Politics & Religious Intrigue | Urban Stealth & Shadowing | Temple Politics & Religious Intrigue | Smuggling Networks,Gnomish Culture | Halfling Culture | Orc & Goblinoid Culture | Ruins & Major Archaeological Sites,Leatherworking & Tanning | Herbalism & Potion Brewing,Illuskan | Thorass,Chondathan | Illuskan | Sembian | Tethyrian,2233,293.4,universal_standard,1,Modest,Suturing needle (curved) | Shamshir | Main-gauche,903.0,1330,Belt (leather) + Belt pouch (large) | Map case + blank regional map | Lamp oil (flacon) x3 | Grappling hook | 10' pole | Crowbar (standard) | Bâton de marche / Walking Staff | Suturing needle (curved) | Shamshir | Main-gauche,Backpack (medium leather) | Tent 2-man leather | Sleeping furs (light) | Blanket (heavy) | Field rations (basic) x7 | Waterskin (1 gal) x2 | Canteen (1 pt) | Lantern (hooded) | Rope (standard 50') | Hammer + 10 pitons | Flint & steel | Tinderbox | Cloak (wool hooded) | Boots (normal leather) | Gloves (leather) | Hat (leather),-1.6,NO,None,,-1,-2,2,-2,15,172.3,74.8,0,-5,1,-5,4,3,-4,-1,-8,-1,Aucun,2026-05-28 13:35:34
CH-00452,Human,Tethyrian,Amn,Smuggler's Port,Groupe2_Sud_Marchand,Forest Stealth | Advanced Tracking | Open Land Navigation | Wild Plant Foraging | Storm and Seasickness Mastery | Desert Thermal Endurance,,"Astronomy & Star Navigation | Festivals, Calendars & Traditions | Nobility & Heraldry | Laws & Customs of Nations",Sail & Rope Making | Jewelry & Goldsmithing,Sembian | Thorass,Chondathan | Sembian | Thorass,1864,293.4,universal_standard,1,Modest,Kettle hat | Bevor,560.0,1304,Belt (leather) + Belt pouch (large) | Map case + blank regional map | Lamp oil (flacon) x3 | Grappling hook | 10' pole | Crowbar (standard) | Bâton de marche / Walking Staff | Bevor,Backpack (medium leather) | Tent 2-man leather | Sleeping furs (light) | Blanket (heavy) | Field rations (basic) x7 | Waterskin (1 gal) x2 | Canteen (1 pt) | Lantern (hooded) | Rope (standard 50') | Hammer + 10 pitons | Flint & steel | Tinderbox | Cloak (wool hooded) | Boots (normal leather) | Gloves (leather) | Hat (leather) | Kettle hat,4.8,NO,None,,4,1,-3,-1,9,161.8,78.9,-1,2,2,-1,-3,-2,-3,4,0,1,Aucun,2026-05-28 13:35:34
CH-00453,Human,Chondathan,Sembia,Major Trade City,Groupe2_Sud_Marchand,Open Land Navigation | Advanced Tracking | Plains Tracking,Urban Stealth & Shadowing | Urban Observation and Tailing | Disguise & Impersonation | Guild Knowledge & Politics,Political Currents & Rivalries | Local Folklore & Legends | History of Imaskar | Genasi & Elemental Peoples,Animal Husbandry & Training,Illuskan | Turmish,Chondathan | Illuskan | Turmish,5301,293.4,universal_standard,2,Comfortable,Maille collerette ou manches | Lucerne Hammer | Sallet ou Armet (classique),1650.0,3651,Belt (leather) + Belt pouch (large) | Map case + blank regional map | Lamp oil (flacon) x3 | Grappling hook | 10' pole | Crowbar (standard) | Bâton de marche / Walking Staff | Maille collerette ou manches | Sallet ou Armet (classique),Backpack (medium leather) | Tent 2-man leather | Sleeping furs (light) | Blanket (heavy) | Field rations (basic) x7 | Waterskin (1 gal) x2 | Canteen (1 pt) | Lantern (hooded) | Rope (standard 50') | Hammer + 10 pitons | Flint & steel | Tinderbox | Cloak (wool hooded) | Boots (normal leather) | Gloves (leather) | Hat (leather) | Lucerne Hammer,11.24,NO,None,,4,2,2,-1,8,169.2,83.2,0,5,-4,0,3,-5,-1,-6,2,-4,Aucun,2026-05-28 13:35:34
CH-00454,Human,Uthgardt,Spine of the World,Isolated Hamlet,Groupe3_Coeur_Continental,River Crossing | Plains Tracking | Advanced Tracking | Forest Stealth,,"Divine Myths & Legends | Magical Schools & Traditions | Elven Culture | Cosmology (Weave, Shadow Weave)",Ritual Object Crafting | Shipbuilding,Uthgardt,Illuskan | Northlander | Uthgardt,396,293.4,universal_standard,0,None,"Lancet, bleeding",2.0,394,"Belt (leather) + Belt pouch (large) | Map case + blank regional map | Lamp oil (flacon) x3 | Grappling hook | 10' pole | Crowbar (standard) | Bâton de marche / Walking Staff | Lancet, bleeding",Backpack (medium leather) | Tent 2-man leather | Sleeping furs (light) | Blanket (heavy) | Field rations (basic) x7 | Waterskin (1 gal) x2 | Canteen (1 pt) | Lantern (hooded) | Rope (standard 50') | Hammer + 10 pitons | Flint & steel | Tinderbox | Cloak (wool hooded) | Boots (normal leather) | Gloves (leather) | Hat (leather),4.1,NO,None,,3,1,-3,0,9,193.4,92.4,3,2,-6,-3,0,6,6,-2,-3,-7,Aucun,2026-05-28 13:35:34
CH-00455,Dwarf,Shield Dwarf,Citadel Adbar,Fortified City,Groupe6_Bloc_Nain,Complex Terrain Navigation,Urban Observation and Tailing | Lockpicking and Trap Disarming,Gnomish Culture | Geography of Faerûn | Fey & Feywild Knowledge,Masonry | Smithing & Metallurgy,Nain,Nain,1316,293.4,universal_standard,1,Modest,Gloves (leather) | Reinforced Gambeson,652.0,664,Belt (leather) + Belt pouch (large) | Map case + blank regional map | Lamp oil (flacon) x3 | Grappling hook | 10' pole | Crowbar (standard) | Bâton de marche / Walking Staff | Reinforced Gambeson,Backpack (medium leather) | Tent 2-man leather | Sleeping furs (light) | Blanket (heavy) | Field rations (basic) x7 | Waterskin (1 gal) x2 | Canteen (1 pt) | Lantern (hooded) | Rope (standard 50') | Hammer + 10 pitons | Flint & steel | Tinderbox | Cloak (wool hooded) | Boots (normal leather) | Gloves (leather) | Hat (leather) | Gloves (leather),14.31,NO,None,,6,2,-1,-2,7,146.5,83.2,-3,0,4,1,-2,-8,-2,2,-1,4,Vision dans le noir + Robustesse naine,2026-05-28 13:35:34
CH-00456,Human,Chondathan,Sembia,Isolated Farmstead,Groupe2_Sud_Marchand,Open Land Navigation | Forced March Endurance | Plains Tracking | Weather Reading,,"Trade Routes & Commerce | Ancient Realms (Netheril, Imaskar...) | Guilds & Organizations | Elven Culture",Heraldry & Lineage,Chondathan | Turmish,Chondathan | Turmish,2192,293.4,universal_standard,2,Comfortable,Padded Jack | Sallet ou Armet (classique) | Buckler,1620.0,572,Belt (leather) + Belt pouch (large) | Map case + blank regional map | Lamp oil (flacon) x3 | Grappling hook | 10' pole | Crowbar (standard) | Bâton de marche / Walking Staff | Padded Jack | Sallet ou Armet (classique) | Buckler,Backpack (medium leather) | Tent 2-man leather | Sleeping furs (light) | Blanket (heavy) | Field rations (basic) x7 | Waterskin (1 gal) x2 | Canteen (1 pt) | Lantern (hooded) | Rope (standard 50') | Hammer + 10 pitons | Flint & steel | Tinderbox | Cloak (wool hooded) | Boots (normal leather) | Gloves (leather) | Hat (leather),-13.2,YES,Sauvage,Magie Bleue,-5,-6,-6,-5,7,159.2,60.6,-1,-3,-4,-8,-2,5,-1,3,-6,-7,Aucun,2026-05-28 13:35:34
CH-00457,Human,Illuskan,Luskan,Major Port City,Groupe1_Cote_des_Epees,,Criminal Organizations & Syndicates | Urban Observation and Tailing | Black Market Operations | Criminal Organizations & Syndicates | Black Market Operations,"Ancient Realms (Netheril, Imaskar...) | Festivals, Calendars & Traditions | Divine Myths & Legends | Fall of Myth Drannor",Leatherworking & Tanning,Illuskan | Chondathan,Chondathan | Illuskan,1357,293.4,universal_standard,2,Comfortable,Plackart | Maul | Cuisses (renforcées),1190.0,167,Belt (leather) + Belt pouch (large) | Map case + blank regional map | Lamp oil (flacon) x3 | Grappling hook | 10' pole | Crowbar (standard) | Bâton de marche / Walking Staff | Plackart | Maul | Cuisses (renforcées),Backpack (medium leather) | Tent 2-man leather | Sleeping furs (light) | Blanket (heavy) | Field rations (basic) x7 | Waterskin (1 gal) x2 | Canteen (1 pt) | Lantern (hooded) | Rope (standard 50') | Hammer + 10 pitons | Flint & steel | Tinderbox | Cloak (wool hooded) | Boots (normal leather) | Gloves (leather) | Hat (leather),-5.78,YES,Théurgique,Magie Blanche,-1,-2,-3,-1,5,188.5,78.9,2,-5,-2,-2,-1,-4,2,-4,-7,-3,Aucun,2026-05-28 13:35:34
CH-00458,Human,Damaran,Impiltur,Large Town,Groupe3_Coeur_Continental,Oceanic Navigation | Mountain Endurance | Coastal Survival | Storm and Seasickness Mastery,Guild Knowledge & Politics | Black Market Operations | Urban Observation and Tailing,Cultural Interactions | Local Folklore & Legends,Masonry | Alchemy (Theory & Practice),None,Chondathan | Damaran | Nar | Theskian,1713,293.4,universal_standard,2,Comfortable,Sidesword | Rouncey | Buckler,1645.0,68,Belt (leather) + Belt pouch (large) | Map case + blank regional map | Lamp oil (flacon) x3 | Grappling hook | 10' pole | Crowbar (standard) | Bâton de marche / Walking Staff | Sidesword | Buckler,Backpack (medium leather) | Tent 2-man leather | Sleeping furs (light) | Blanket (heavy) | Field rations (basic) x7 | Waterskin (1 gal) x2 | Canteen (1 pt) | Lantern (hooded) | Rope (standard 50') | Hammer + 10 pitons | Flint & steel | Tinderbox | Cloak (wool hooded) | Boots (normal leather) | Gloves (leather) | Hat (leather) | Rouncey,8.3,NO,None,,0,1,3,2,8,186.8,78.9,2,-3,1,4,2,5,-2,5,-2,2,Aucun,2026-05-28 13:35:34
CH-00459,Human,Chondathan,Sembia,Large Town,Groupe2_Sud_Marchand,Advanced Tracking | Weather Reading | Forced March Endurance,Disguise & Impersonation | Urban Observation and Tailing | Disguise & Impersonation,Geography of Faerûn | History of the Realms | Guilds & Organizations,Beekeeping | Candle & Soap Making,Chondathan,Chessentan | Chondathan | Turmish,3925,293.4,universal_standard,3,Wealthy,Kettle hat | Palfrey | Ranseur | Sallet ou Armet (classique) | Courser | Longsword | Buckler,3390.0,535,Belt (leather) + Belt pouch (large) | Map case + blank regional map | Lamp oil (flacon) x3 | Grappling hook | 10' pole | Crowbar (standard) | Bâton de marche / Walking Staff | Ranseur | Sallet ou Armet (classique) | Longsword | Buckler,Backpack (medium leather) | Tent 2-man leather | Sleeping furs (light) | Blanket (heavy) | Field rations (basic) x7 | Waterskin (1 gal) x2 | Canteen (1 pt) | Lantern (hooded) | Rope (standard 50') | Hammer + 10 pitons | Flint & steel | Tinderbox | Cloak (wool hooded) | Boots (normal leather) | Gloves (leather) | Hat (leather) | Kettle hat | Palfrey | Courser,-2.64,YES,Théurgique,Magie Blanche,1,0,-4,-1,0,170.8,74.8,0,3,-4,-1,-2,8,1,6,1,-5,Aucun,2026-05-28 13:35:34
CH-00460,Human,Tethyrian,Tethyr,Fortified City,Groupe2_Sud_Marchand,Wild Plant Foraging | Advanced Tracking,Urban Stealth & Shadowing | Streetwise (Urban Underworld) | Urban Stealth & Shadowing,Major Religions & Deities | Local Folklore & Legends | Dwarven Culture | Trade Routes & Commerce,Cartography,Chondathan,Chondathan | Elfique,2302,293.4,universal_standard,2,Comfortable,"Target shield | Camel, riding | Sidesword",2185.0,117,Belt (leather) + Belt pouch (large) | Map case + blank regional map | Lamp oil (flacon) x3 | Grappling hook | 10' pole | Crowbar (standard) | Bâton de marche / Walking Staff | Target shield | Sidesword,"Backpack (medium leather) | Tent 2-man leather | Sleeping furs (light) | Blanket (heavy) | Field rations (basic) x7 | Waterskin (1 gal) x2 | Canteen (1 pt) | Lantern (hooded) | Rope (standard 50') | Hammer + 10 pitons | Flint & steel | Tinderbox | Cloak (wool hooded) | Boots (normal leather) | Gloves (leather) | Hat (leather) | Camel, riding",1.64,NO,None,,2,0,0,-1,10,172.3,78.9,0,2,-1,-4,2,3,1,2,-2,-3,Aucun,2026-05-28 13:35:34
CH-00461,Human,Chondathan,Sembia,Small Town,Groupe2_Sud_Marchand,Forced March Endurance | Plains Tracking,Streetwise (Urban Underworld) | Urban Stealth & Shadowing,"History of Netheril | Secret Organizations | Festivals, Calendars & Traditions | Trade Routes & Commerce",Cooking (Fine Cuisine) | Masonry,Chessentan | Chondathan,Chessentan | Chondathan,2417,293.4,universal_standard,2,Comfortable,Kettle hat | Sallet ou Armet (classique) | Buckler,1050.0,1367,Belt (leather) + Belt pouch (large) | Map case + blank regional map | Lamp oil (flacon) x3 | Grappling hook | 10' pole | Crowbar (standard) | Bâton de marche / Walking Staff | Sallet ou Armet (classique) | Buckler,Backpack (medium leather) | Tent 2-man leather | Sleeping furs (light) | Blanket (heavy) | Field rations (basic) x7 | Waterskin (1 gal) x2 | Canteen (1 pt) | Lantern (hooded) | Rope (standard 50') | Hammer + 10 pitons | Flint & steel | Tinderbox | Cloak (wool hooded) | Boots (normal leather) | Gloves (leather) | Hat (leather) | Kettle hat,24.44,NO,None,,4,4,1,5,3,196.9,92.4,3,-2,5,7,-2,-6,-2,2,0,7,Aucun,2026-05-28 13:35:34
CH-00462,Human,Rashemi,Rashemen,Logging Camp,Groupe10_Rashemen,Wild Plant Foraging | Forest Stealth | Advanced Tracking,,"Elven Culture | History of Imaskar | Major Cities & Regions | Ancient Realms (Netheril, Imaskar...)",Carpentry & Woodworking,Rashemi,Infernal | Rashemi,714,293.4,universal_standard,1,Modest,Kettle hat | Buckler,500.0,214,Belt (leather) + Belt pouch (large) | Map case + blank regional map | Lamp oil (flacon) x3 | Grappling hook | 10' pole | Crowbar (standard) | Bâton de marche / Walking Staff | Buckler,Backpack (medium leather) | Tent 2-man leather | Sleeping furs (light) | Blanket (heavy) | Field rations (basic) x7 | Waterskin (1 gal) x2 | Canteen (1 pt) | Lantern (hooded) | Rope (standard 50') | Hammer + 10 pitons | Flint & steel | Tinderbox | Cloak (wool hooded) | Boots (normal leather) | Gloves (leather) | Hat (leather) | Kettle hat,16.18,NO,None,,5,3,1,1,4,161.7,83.2,-1,0,5,4,-1,-4,-1,-5,0,6,Aucun,2026-05-28 13:35:34
CH-00463,Human,Ffolk,Moonshae Isles,Isolated Hamlet,Groupe11_Moonshae,Dark Water Swimming | Coastal Survival | Oceanic Navigation,Streetwise (Urban Underworld),Trade Routes & Commerce | Geography of Faerûn | Nobility & Heraldry,Masonry | Carpentry & Woodworking,Illuskan,Elfique | Ffolk | Illuskan,675,293.4,universal_standard,1,Modest,Chain crinet | Cloak (wool),414.0,261,Belt (leather) + Belt pouch (large) | Map case + blank regional map | Lamp oil (flacon) x3 | Grappling hook | 10' pole | Crowbar (standard) | Bâton de marche / Walking Staff | Chain crinet,Backpack (medium leather) | Tent 2-man leather | Sleeping furs (light) | Blanket (heavy) | Field rations (basic) x7 | Waterskin (1 gal) x2 | Canteen (1 pt) | Lantern (hooded) | Rope (standard 50') | Hammer + 10 pitons | Flint & steel | Tinderbox | Cloak (wool hooded) | Boots (normal leather) | Gloves (leather) | Hat (leather) | Cloak (wool),-7.02,YES,Théurgique,Magie Blanche,-3,-2,-2,-2,1,153.6,60.6,-2,-3,3,-1,-2,7,1,-10,-2,2,Aucun,2026-05-28 13:35:34
CH-00464,Human,Chondathan,Chondath,Logging Camp,Groupe4_Vilhon_Est,River Crossing | Oceanic Navigation | Advanced Tracking | Plains Tracking | Open Land Navigation,Heraldry & Lineage Recognition,Orc & Goblinoid Culture | Political Currents & Rivalries | Geography of Faerûn | Dragon Lore,Stoneworking | Weapons & Armor Smithing | Embroidery & Fine Sewing,Chondathan | Thorass,Chondathan | Cormyrian,1365,293.4,universal_standard,2,Comfortable,Cuisses (renforcées) | Voulge | Buckler,1210.0,155,Belt (leather) + Belt pouch (large) | Map case + blank regional map | Lamp oil (flacon) x3 | Grappling hook | 10' pole | Crowbar (standard) | Bâton de marche / Walking Staff | Cuisses (renforcées) | Voulge | Buckler,Backpack (medium leather) | Tent 2-man leather | Sleeping furs (light) | Blanket (heavy) | Field rations (basic) x7 | Waterskin (1 gal) x2 | Canteen (1 pt) | Lantern (hooded) | Rope (standard 50') | Hammer + 10 pitons | Flint & steel | Tinderbox | Cloak (wool hooded) | Boots (normal leather) | Gloves (leather) | Hat (leather),17.58,NO,None,,4,3,-1,4,2,183.4,83.2,2,2,3,3,-2,-1,5,3,1,4,Aucun,2026-05-28 13:35:34
CH-00465,Human,Damaran,Moonsea,Frontier Colony,Groupe4_Vilhon_Est,Complex Terrain Navigation | Advanced Tracking | Mountain Endurance | Primitive Fire Mastery,Disguise & Impersonation,Orc & Goblinoid Culture | Political Currents & Rivalries | History of the Realms | Laws & Customs of Nations,Weaving & Spinning | Preservation & Salting | Alchemy (Theory & Practice),Chondathan | Thorass,Chondathan,1358,293.4,universal_standard,1,Modest,Kettle hat | Voulge,760.0,598,Belt (leather) + Belt pouch (large) | Map case + blank regional map | Lamp oil (flacon) x3 | Grappling hook | 10' pole | Crowbar (standard) | Bâton de marche / Walking Staff | Voulge,Backpack (medium leather) | Tent 2-man leather | Sleeping furs (light) | Blanket (heavy) | Field rations (basic) x7 | Waterskin (1 gal) x2 | Canteen (1 pt) | Lantern (hooded) | Rope (standard 50') | Hammer + 10 pitons | Flint & steel | Tinderbox | Cloak (wool hooded) | Boots (normal leather) | Gloves (leather) | Hat (leather) | Kettle hat,-4.51,YES,Arcanique,Magicien,1,-1,-6,-1,5,185.1,83.2,2,-2,-1,-7,-3,6,-1,-4,-8,-4,Aucun,2026-05-28 13:35:34
CH-00466,Human,Damaran,Impiltur,Large Town,Groupe3_Coeur_Continental,Deep-Sea Fishing,Forgery of Documents & Seals | Streetwise (Urban Underworld) | Smuggling Networks | Black Market Operations,Dragon Lore | Nobility & Heraldry,Herbalism & Potion Brewing | Glassworking,None,Chondathan,1957,293.4,universal_standard,2,Comfortable,Padded Jack | Courser,1470.0,487,Belt (leather) + Belt pouch (large) | Map case + blank regional map | Lamp oil (flacon) x3 | Grappling hook | 10' pole | Crowbar (standard) | Bâton de marche / Walking Staff | Padded Jack,Backpack (medium leather) | Tent 2-man leather | Sleeping furs (light) | Blanket (heavy) | Field rations (basic) x7 | Waterskin (1 gal) x2 | Canteen (1 pt) | Lantern (hooded) | Rope (standard 50') | Hammer + 10 pitons | Flint & steel | Tinderbox | Cloak (wool hooded) | Boots (normal leather) | Gloves (leather) | Hat (leather) | Courser,-6.32,YES,Arcanique,Magicien,-1,-3,-1,-3,4,160.5,71.0,-1,-4,1,-5,1,3,-1,-4,-7,-1,Aucun,2026-05-28 13:35:34
CH-00467,Elf,Moon Elf,Cormanthor,Elven Enclave,Groupe3_Coeur_Continental,,Guild Knowledge & Politics | Urban Observation and Tailing | Forgery of Documents & Seals | Criminal Organizations & Syndicates | Urban Observation and Tailing | Streetwise (Urban Underworld),Astronomy & Star Navigation | History of Netheril | History of the Realms | History of Imaskar,Smithing & Metallurgy,Elven High Speech,Elfique | Elven High Speech | Thorass,1022,293.4,universal_standard,1,Modest,Palfrey | Buckler,790.0,232,Belt (leather) + Belt pouch (large) | Map case + blank regional map | Lamp oil (flacon) x3 | Grappling hook | 10' pole | Crowbar (standard) | Bâton de marche / Walking Staff | Buckler,Backpack (medium leather) | Tent 2-man leather | Sleeping furs (light) | Blanket (heavy) | Field rations (basic) x7 | Waterskin (1 gal) x2 | Canteen (1 pt) | Lantern (hooded) | Rope (standard 50') | Hammer + 10 pitons | Flint & steel | Tinderbox | Cloak (wool hooded) | Boots (normal leather) | Gloves (leather) | Hat (leather) | Palfrey,2.95,NO,None,,-5,-2,3,0,3,156.7,49.1,-2,2,8,-1,2,-7,7,2,4,7,Transe + Immunité sommeil + VN (N2),2026-05-28 13:35:34
CH-00468,Human,Damaran,Impiltur,Large Town,Groupe3_Coeur_Continental,Coastal Survival | Deep-Sea Fishing,Smuggling Networks | High Society Manipulation | City Secrets & Hidden Routes | Streetwise (Urban Underworld),"Geography of Faerûn | Local Folklore & Legends | Ancient Realms (Netheril, Imaskar...) | Major Religions & Deities",Herbalism & Potion Brewing | Embroidery & Fine Sewing,Chondathan | Thorass,Chondathan | Vaasan,2151,293.4,universal_standard,1,Modest,Mace | Chisel (cold),383.0,1768,Belt (leather) + Belt pouch (large) | Map case + blank regional map | Lamp oil (flacon) x3 | Grappling hook | 10' pole | Crowbar (standard) | Bâton de marche / Walking Staff | Mace | Chisel (cold),Backpack (medium leather) | Tent 2-man leather | Sleeping furs (light) | Blanket (heavy) | Field rations (basic) x7 | Waterskin (1 gal) x2 | Canteen (1 pt) | Lantern (hooded) | Rope (standard 50') | Hammer + 10 pitons | Flint & steel | Tinderbox | Cloak (wool hooded) | Boots (normal leather) | Gloves (leather) | Hat (leather),1.5,NO,None,,-3,0,3,-1,3,163.6,60.6,-1,5,-2,2,3,6,8,4,6,-2,Aucun,2026-05-28 13:35:34
CH-00469,Human,Nar,Impiltur,Major Port City,Groupe3_Coeur_Continental,Coastal Survival | Deep-Sea Fishing,Criminal Organizations & Syndicates | Urban Observation and Tailing | Lockpicking and Trap Disarming,Local Folklore & Legends | Spellplague & Its Aftermath | History of the Realms | Divine Myths & Legends,Jewelry & Goldsmithing | Magical Goldsmithing (Theoretical) | Stoneworking,Chondathan,Chondathan | Damaran | Theskian,2901,293.4,universal_standard,3,Wealthy,Military Fork | Cuisses (renforcées) | Main-gauche | Sallet ou Armet (classique),2465.0,436,Belt (leather) + Belt pouch (large) | Map case + blank regional map | Lamp oil (flacon) x3 | Grappling hook | 10' pole | Crowbar (standard) | Bâton de marche / Walking Staff | Military Fork | Cuisses (renforcées) | Main-gauche | Sallet ou Armet (classique),Backpack (medium leather) | Tent 2-man leather | Sleeping furs (light) | Blanket (heavy) | Field rations (basic) x7 | Waterskin (1 gal) x2 | Canteen (1 pt) | Lantern (hooded) | Rope (standard 50') | Hammer + 10 pitons | Flint & steel | Tinderbox | Cloak (wool hooded) | Boots (normal leather) | Gloves (leather) | Hat (leather),-6.75,YES,Théurgique,Magie Blanche,0,-2,-6,-2,4,163.4,71.0,-1,-3,5,-8,-4,9,-1,-10,-8,2,Aucun,2026-05-28 13:35:34
CH-00470,Human,Chondathan,Vilhon Reach,Fishing Village,Groupe4_Vilhon_Est,River Crossing | Battlefield Riding | Open Land Navigation | Subterranean Hazard Resistance | Plains Tracking,Guild Knowledge & Politics | Black Market Operations,Laws & Customs of Nations | Guilds & Organizations | Weave Theory | Dwarven Culture,Smithing & Metallurgy | Weaving & Spinning,Halruaan | Thorass,Chondathan | Halruaan,1464,293.4,universal_standard,0,None,Metal file (small) | Buckler,228.0,1236,Belt (leather) + Belt pouch (large) | Map case + blank regional map | Lamp oil (flacon) x3 | Grappling hook | 10' pole | Crowbar (standard) | Bâton de marche / Walking Staff | Metal file (small) | Buckler,Backpack (medium leather) | Tent 2-man leather | Sleeping furs (light) | Blanket (heavy) | Field rations (basic) x7 | Waterskin (1 gal) x2 | Canteen (1 pt) | Lantern (hooded) | Rope (standard 50') | Hammer + 10 pitons | Flint & steel | Tinderbox | Cloak (wool hooded) | Boots (normal leather) | Gloves (leather) | Hat (leather),1.0,NO,None,,0,0,1,0,15,191.8,87.7,2,-4,-6,5,1,-7,-4,-6,-3,-5,Aucun,2026-05-28 13:35:34
CH-00471,Dwarf,Shield Dwarf,Ironmaster,Mining Camp,Groupe3_Coeur_Continental,Mountain Endurance | Underground Navigation | Shelter Construction | Technical Rock Climbing,Urban Stealth & Shadowing | Disguise & Impersonation,"History of Netheril | Local Folklore & Legends | Cosmology (Weave, Shadow Weave) | History of the Realms",Glassworking | Cabinetmaking & Marquetry | Clockmaking & Complex Mechanisms,Nain,Nain | Undercommon,773,293.4,universal_standard,0,None,Mail voiders (paire),300.0,473,Belt (leather) + Belt pouch (large) | Map case + blank regional map | Lamp oil (flacon) x3 | Grappling hook | 10' pole | Crowbar (standard) | Bâton de marche / Walking Staff | Mail voiders (paire),Backpack (medium leather) | Tent 2-man leather | Sleeping furs (light) | Blanket (heavy) | Field rations (basic) x7 | Waterskin (1 gal) x2 | Canteen (1 pt) | Lantern (hooded) | Rope (standard 50') | Hammer + 10 pitons | Flint & steel | Tinderbox | Cloak (wool hooded) | Boots (normal leather) | Gloves (leather) | Hat (leather),-1.51,NO,None,,2,0,-4,-6,13,142.6,78.9,-4,-2,-4,4,-4,8,-9,3,-1,-3,Vision dans le noir + Robustesse naine,2026-05-28 13:35:34
CH-00472,Human,Gur,The Shaar,Military Outpost,Groupe3_Coeur_Continental,Wild Plant Foraging | Forced March Endurance | Plains Tracking | Open Land Navigation,Disguise & Impersonation | Noble Houses & Court Intrigue,Magical Schools & Traditions | Guilds & Organizations | History of the Realms | Geography of Faerûn,Leatherworking & Tanning,Thorass,Chultan | Rashemi | Shaaran | Thorass,967,293.4,universal_standard,1,Modest,"Rouncey | Lancet, bleeding",452.0,515,"Belt (leather) + Belt pouch (large) | Map case + blank regional map | Lamp oil (flacon) x3 | Grappling hook | 10' pole | Crowbar (standard) | Bâton de marche / Walking Staff | Lancet, bleeding",Backpack (medium leather) | Tent 2-man leather | Sleeping furs (light) | Blanket (heavy) | Field rations (basic) x7 | Waterskin (1 gal) x2 | Canteen (1 pt) | Lantern (hooded) | Rope (standard 50') | Hammer + 10 pitons | Flint & steel | Tinderbox | Cloak (wool hooded) | Boots (normal leather) | Gloves (leather) | Hat (leather) | Rouncey,-8.24,YES,Arcanique,Magicien,1,-4,-6,-5,11,173.7,87.7,0,-9,-2,-9,-2,-6,-1,-5,-15,-5,Aucun,2026-05-28 13:35:34
CH-00473,Halfling,Lightfoot Halfling,Luiren,Rural Village,Groupe3_Coeur_Continental,Primitive Fire Mastery | Advanced Tracking | Wild Plant Foraging | Forest Stealth | Desert Water Mastery | Plains Tracking,Sleight of Hand & Cheating | Information Brokerage,Geography of Faerûn | Magical Schools & Traditions | Political Currents & Rivalries,Locksmithing & Mechanisms | Weaving & Spinning | Carpentry & Woodworking,Chondathan,Chondathan | Halfling | Illuskan | Luiren,1238,293.4,universal_standard,2,Comfortable,Gorget (élevé) | Courser,995.0,243,Belt (leather) + Belt pouch (large) | Map case + blank regional map | Lamp oil (flacon) x3 | Grappling hook | 10' pole | Crowbar (standard) | Bâton de marche / Walking Staff | Gorget (élevé),Backpack (medium leather) | Tent 2-man leather | Sleeping furs (light) | Blanket (heavy) | Field rations (basic) x7 | Waterskin (1 gal) x2 | Canteen (1 pt) | Lantern (hooded) | Rope (standard 50') | Hammer + 10 pitons | Flint & steel | Tinderbox | Cloak (wool hooded) | Boots (normal leather) | Gloves (leather) | Hat (leather) | Courser,-4.6,YES,Théurgique,Magie Blanche,-23,-10,6,-7,-11,109.1,19.0,-9,6,2,4,5,5,5,14,19,3,Furtivité,2026-05-28 13:35:34
CH-00474,Human,Illuskan,Spine of the World,Farming Hamlet,Groupe3_Coeur_Continental,Subterranean Hazard Resistance | Storm and Seasickness Mastery | Savanna Plant Knowledge | Deep-Sea Fishing | Desert Thermal Endurance | Island Navigation,Black Market Operations,Major Religions & Deities | History of Imaskar,Sail & Rope Making,None,Chondathan | Illuskan,458,293.4,universal_standard,0,None,"Lancet, bleeding",2.0,456,"Belt (leather) + Belt pouch (large) | Map case + blank regional map | Lamp oil (flacon) x3 | Grappling hook | 10' pole | Crowbar (standard) | Bâton de marche / Walking Staff | Lancet, bleeding",Backpack (medium leather) | Tent 2-man leather | Sleeping furs (light) | Blanket (heavy) | Field rations (basic) x7 | Waterskin (1 gal) x2 | Canteen (1 pt) | Lantern (hooded) | Rope (standard 50') | Hammer + 10 pitons | Flint & steel | Tinderbox | Cloak (wool hooded) | Boots (normal leather) | Gloves (leather) | Hat (leather),-7.5,YES,Arcanique,Magicien,-2,-2,-4,-2,6,177.0,74.8,1,-1,-7,1,-2,8,-9,-1,-1,-7,Aucun,2026-05-28 13:35:34
CH-00475,Human,Chondathan,Western Heartlands,Remote Trading Post,Groupe3_Coeur_Continental,Advanced Tracking | Open Land Navigation | Plains Tracking | Field Weapon Maintenance | Desert Water Mastery | Total Darkness Navigation,Criminal Organizations & Syndicates,Trade Routes & Commerce | Major Cities & Regions | Religious Cults & Orders | Nobility & Heraldry,Masonry,Chondathan | Thorass,Chondathan | Cormyrian,1305,293.4,universal_standard,2,Comfortable,Courser | Lockpicks (average) | Leather barding,980.0,325,Belt (leather) + Belt pouch (large) | Map case + blank regional map | Lamp oil (flacon) x3 | Grappling hook | 10' pole | Crowbar (standard) | Bâton de marche / Walking Staff | Lockpicks (average) | Leather barding,Backpack (medium leather) | Tent 2-man leather | Sleeping furs (light) | Blanket (heavy) | Field rations (basic) x7 | Waterskin (1 gal) x2 | Canteen (1 pt) | Lantern (hooded) | Rope (standard 50') | Hammer + 10 pitons | Flint & steel | Tinderbox | Cloak (wool hooded) | Boots (normal leather) | Gloves (leather) | Hat (leather) | Courser,-11.46,YES,Théurgique,Magie Verte,-4,-4,-5,-5,6,162.1,60.6,-1,2,-6,-8,-1,3,0,-3,-2,-9,Aucun,2026-05-28 13:35:34
CH-00476,Human,Vaasan,Vaasa,Isolated Farmstead,Groupe5_Nord_Sauvage,Marsh Movement | Extreme Cold Resistance | Mountain Endurance | Technical Rock Climbing | Plains Tracking | Wetland Tracking,Urban Observation and Tailing,History of Magic | Local Folklore & Legends | Dwarven Culture,Weapons & Armor Smithing | Masonry,Vaasan,Chondathan | Illuskan | Nar | Vaasan,529,293.4,universal_standard,0,None,Parma,280.0,249,Belt (leather) + Belt pouch (large) | Map case + blank regional map | Lamp oil (flacon) x3 | Grappling hook | 10' pole | Crowbar (standard) | Bâton de marche / Walking Staff | Parma,Backpack (medium leather) | Tent 2-man leather | Sleeping furs (light) | Blanket (heavy) | Field rations (basic) x7 | Waterskin (1 gal) x2 | Canteen (1 pt) | Lantern (hooded) | Rope (standard 50') | Hammer + 10 pitons | Flint & steel | Tinderbox | Cloak (wool hooded) | Boots (normal leather) | Gloves (leather) | Hat (leather),11.24,NO,None,,4,2,-1,2,4,180.1,87.7,1,-1,4,1,-2,9,4,3,-3,4,Aucun,2026-05-28 13:35:34
CH-00477,Human,Calishite,Lantan,Large Town,Groupe3_Coeur_Continental,Marsh Disease Resistance | Open Land Navigation | Desert Thermal Endurance,Lockpicking and Trap Disarming | Information Brokerage | Black Market Operations | Disguise & Impersonation,Trade Routes & Commerce | Magical Schools & Traditions | Gnomish Culture,Poison Lore & Application | Beekeeping | Masonry,Mulhorandi,Chondathan | Infernal | Mulhorandi,3271,293.4,universal_standard,2,Comfortable,Lance | Crossbow | Voulge | Quiver,1690.0,1581,Belt (leather) + Belt pouch (large) | Map case + blank regional map | Lamp oil (flacon) x3 | Grappling hook | 10' pole | Crowbar (standard) | Bâton de marche / Walking Staff | Lance | Crossbow | Voulge | Quiver,Backpack (medium leather) | Tent 2-man leather | Sleeping furs (light) | Blanket (heavy) | Field rations (basic) x7 | Waterskin (1 gal) x2 | Canteen (1 pt) | Lantern (hooded) | Rope (standard 50') | Hammer + 10 pitons | Flint & steel | Tinderbox | Cloak (wool hooded) | Boots (normal leather) | Gloves (leather) | Hat (leather),-8.97,YES,Arcanique,Magicien,-10,-6,2,-5,5,144.5,49.1,-3,-5,-3,3,2,-6,-6,-6,1,-2,Aucun,2026-05-28 13:35:34
CH-00478,Human,Tethyrian,Western Heartlands,Large Town,Groupe3_Coeur_Continental,Advanced Tracking,Urban Observation and Tailing | Black Market Operations,Elven Culture | Divine Myths & Legends | Local Folklore & Legends,Navigation (Land & Sea) | Carpentry & Woodworking | Perfumery & Cosmetics,Chondathan,Chondathan | Sembian,1286,293.4,universal_standard,2,Comfortable,Main-gauche | Coat (leather) | Courser,1118.0,168,Belt (leather) + Belt pouch (large) | Map case + blank regional map | Lamp oil (flacon) x3 | Grappling hook | 10' pole | Crowbar (standard) | Bâton de marche / Walking Staff | Main-gauche,Backpack (medium leather) | Tent 2-man leather | Sleeping furs (light) | Blanket (heavy) | Field rations (basic) x7 | Waterskin (1 gal) x2 | Canteen (1 pt) | Lantern (hooded) | Rope (standard 50') | Hammer + 10 pitons | Flint & steel | Tinderbox | Cloak (wool hooded) | Boots (normal leather) | Gloves (leather) | Hat (leather) | Coat (leather) | Courser,17.97,NO,None,,6,3,-2,2,3,181.6,92.4,1,0,5,1,-3,3,4,6,-2,5,Aucun,2026-05-28 13:35:34
CH-00479,Human,Chondathan,Chondath,Forest Village,Groupe4_Vilhon_Est,Advanced Tracking | Littoral Foraging | Coastal Survival,Fences and Buyers Network,History of the Realms | Laws & Customs of Nations | Major Cities & Regions | Magical Schools & Traditions,Navigation (Land & Sea),Turmish | Chondathan,Chondathan | Turmish,1374,293.4,universal_standard,2,Comfortable,Courser | Estoc,1320.0,54,Belt (leather) + Belt pouch (large) | Map case + blank regional map | Lamp oil (flacon) x3 | Grappling hook | 10' pole | Crowbar (standard) | Bâton de marche / Walking Staff | Estoc,Backpack (medium leather) | Tent 2-man leather | Sleeping furs (light) | Blanket (heavy) | Field rations (basic) x7 | Waterskin (1 gal) x2 | Canteen (1 pt) | Lantern (hooded) | Rope (standard 50') | Hammer + 10 pitons | Flint & steel | Tinderbox | Cloak (wool hooded) | Boots (normal leather) | Gloves (leather) | Hat (leather) | Courser,-1.0,NO,None,,-1,0,0,0,9,181.9,74.8,1,1,-6,7,-1,3,0,12,4,-4,Aucun,2026-05-28 13:35:34
CH-00480,Human,Damaran,Impiltur,Large Town,Groupe3_Coeur_Continental,Deep-Sea Fishing | Storm and Seasickness Mastery,Forgery of Documents & Seals | Disguise & Impersonation | Black Market Operations | City Secrets & Hidden Routes,Major Religions & Deities | History of Imaskar | History of the Realms,Smithing & Metallurgy | Masonry,Theskian,Chondathan | Theskian | Vaasan,2042,293.4,universal_standard,2,Comfortable,Sallet ou Armet (classique) | Ranseur | Simple Breastplate,1825.0,217,Belt (leather) + Belt pouch (large) | Map case + blank regional map | Lamp oil (flacon) x3 | Grappling hook | 10' pole | Crowbar (standard) | Bâton de marche / Walking Staff | Sallet ou Armet (classique) | Ranseur | Simple Breastplate,Backpack (medium leather) | Tent 2-man leather | Sleeping furs (light) | Blanket (heavy) | Field rations (basic) x7 | Waterskin (1 gal) x2 | Canteen (1 pt) | Lantern (hooded) | Rope (standard 50') | Hammer + 10 pitons | Flint & steel | Tinderbox | Cloak (wool hooded) | Boots (normal leather) | Gloves (leather) | Hat (leather),3.64,NO,None,,0,1,0,2,9,168.0,67.4,0,0,6,1,-1,1,-6,-2,1,6,Aucun,2026-05-28 13:35:34
CH-00481,Half-orc,Half-Orc,Underdark,Underdark City,Groupe14_Underdark,Advanced Tracking,Fences and Buyers Network | Sleight of Hand & Cheating | Heraldry & Lineage Recognition | Sleight of Hand & Cheating | Criminal Organizations & Syndicates,History of the Realms | History of Netheril | Major Cities & Regions | Major Religions & Deities,Poison Lore & Application | Cartography | Beekeeping,Undercommon | Thorass,Chondathan | Orc | Undercommon,1077,293.4,universal_standard,1,Modest,Lucerne Hammer | Main-gauche,940.0,137,Belt (leather) + Belt pouch (large) | Map case + blank regional map | Lamp oil (flacon) x3 | Grappling hook | 10' pole | Crowbar (standard) | Bâton de marche / Walking Staff | Main-gauche,Backpack (medium leather) | Tent 2-man leather | Sleeping furs (light) | Blanket (heavy) | Field rations (basic) x7 | Waterskin (1 gal) x2 | Canteen (1 pt) | Lantern (hooded) | Rope (standard 50') | Hammer + 10 pitons | Flint & steel | Tinderbox | Cloak (wool hooded) | Boots (normal leather) | Gloves (leather) | Hat (leather) | Lucerne Hammer,3.3,NO,None,,5,-2,-6,-5,19,184.5,120.3,2,-11,-7,-6,-2,1,1,-13,-18,-9,Force brutale + Vision dans le noir N1,2026-05-28 13:35:34
CH-00482,Human,Chondathan,Sword Coast,Fishing Village,Groupe1_Cote_des_Epees,Plains Tracking | Wetland Tracking | Field Weapon Maintenance | Open Land Navigation | Confined Space Stealth | Underground Navigation,Urban Observation and Tailing | Lockpicking and Trap Disarming,Fall of Myth Drannor | Elven Culture | Laws & Customs of Nations | Nobility & Heraldry,Architecture,Cormyrian | Thorass,Chondathan | Cormyrian | Thorass,1388,293.4,universal_standard,1,Modest,Sallet ou Armet (classique) | Suturing needle (curved),553.0,835,Belt (leather) + Belt pouch (large) | Map case + blank regional map | Lamp oil (flacon) x3 | Grappling hook | 10' pole | Crowbar (standard) | Bâton de marche / Walking Staff | Sallet ou Armet (classique) | Suturing needle (curved),Backpack (medium leather) | Tent 2-man leather | Sleeping furs (light) | Blanket (heavy) | Field rations (basic) x7 | Waterskin (1 gal) x2 | Canteen (1 pt) | Lantern (hooded) | Rope (standard 50') | Hammer + 10 pitons | Flint & steel | Tinderbox | Cloak (wool hooded) | Boots (normal leather) | Gloves (leather) | Hat (leather),5.28,NO,None,,-1,-2,5,-2,9,190.2,83.2,2,-1,-11,1,7,2,10,-8,-2,-11,Aucun,2026-05-28 13:35:34
CH-00483,Human,Turami,Chondath,Forest Village,Groupe4_Vilhon_Est,Wild Animal Handling | Coastal Survival | Dark Water Swimming | Littoral Foraging | River Crossing,Sleight of Hand & Cheating | Urban Observation and Tailing,Local Folklore & Legends | Elven Culture | Court Etiquette & Protocol | Magical Schools & Traditions,Masonry | Navigation (Land & Sea),Turami | Thorass,Infernal | Turami,1366,293.4,universal_standard,2,Comfortable,Voulge | Light Crossbow | Kettle hat | Quiver,1350.0,16,Belt (leather) + Belt pouch (large) | Map case + blank regional map | Lamp oil (flacon) x3 | Grappling hook | 10' pole | Crowbar (standard) | Bâton de marche / Walking Staff | Voulge | Light Crossbow | Quiver,Backpack (medium leather) | Tent 2-man leather | Sleeping furs (light) | Blanket (heavy) | Field rations (basic) x7 | Waterskin (1 gal) x2 | Canteen (1 pt) | Lantern (hooded) | Rope (standard 50') | Hammer + 10 pitons | Flint & steel | Tinderbox | Cloak (wool hooded) | Boots (normal leather) | Gloves (leather) | Hat (leather) | Kettle hat,26.33,NO,None,,9,3,1,-1,1,173.4,108.2,0,2,-3,-1,2,6,8,-8,-3,-4,Aucun,2026-05-28 13:35:34
CH-00484,Human,Tethyrian,Baldur's Gate,Fishing Village,Groupe1_Cote_des_Epees,Littoral Foraging | Coastal Survival | Advanced Tracking | Dark Water Swimming,,Local Folklore & Legends | Major Cities & Regions | Religious Cults & Orders | Elven Culture,Cartography,Chondathan,Chondathan | Illuskan,2591,293.4,universal_standard,2,Comfortable,Military Fork | Reinforced Gambeson | Kettle hat,1410.0,1181,Belt (leather) + Belt pouch (large) | Map case + blank regional map | Lamp oil (flacon) x3 | Grappling hook | 10' pole | Crowbar (standard) | Bâton de marche / Walking Staff | Military Fork | Reinforced Gambeson,Backpack (medium leather) | Tent 2-man leather | Sleeping furs (light) | Blanket (heavy) | Field rations (basic) x7 | Waterskin (1 gal) x2 | Canteen (1 pt) | Lantern (hooded) | Rope (standard 50') | Hammer + 10 pitons | Flint & steel | Tinderbox | Cloak (wool hooded) | Boots (normal leather) | Gloves (leather) | Hat (leather) | Kettle hat,-3.42,YES,Arcanique,Magicien,2,0,-7,-3,3,157.6,71.0,-2,6,-2,-5,-4,-2,-3,-1,1,-4,Aucun,2026-05-28 13:35:34
CH-00485,Elf,Wood Elf,Silver Marches (Luruar),Isolated Hamlet,Groupe7_Marches_Argent,Mountain Endurance | Technical Rock Climbing | Advanced Tracking,,"Cosmology (Weave, Shadow Weave) | Dwarven Culture | Major Religions & Deities | Political Currents & Rivalries",Architecture | Herbalism & Potion Brewing,Elfique,Elfique | Reghed,581,293.4,universal_standard,1,Modest,Garde-reins | Suturing needle (curved),353.0,228,Belt (leather) + Belt pouch (large) | Map case + blank regional map | Lamp oil (flacon) x3 | Grappling hook | 10' pole | Crowbar (standard) | Bâton de marche / Walking Staff | Garde-reins | Suturing needle (curved),Backpack (medium leather) | Tent 2-man leather | Sleeping furs (light) | Blanket (heavy) | Field rations (basic) x7 | Waterskin (1 gal) x2 | Canteen (1 pt) | Lantern (hooded) | Rope (standard 50') | Hammer + 10 pitons | Flint & steel | Tinderbox | Cloak (wool hooded) | Boots (normal leather) | Gloves (leather) | Hat (leather),17.88,NO,None,,4,2,2,2,0,190.2,83.2,2,7,0,-5,4,7,10,3,1,-2,Transe + Immunité sommeil + VN (N2),2026-05-28 13:35:34
CH-00486,Human,Gur,The Shaar,Remote Trading Post,Groupe3_Coeur_Continental,Plains Tracking | Wild Plant Foraging | Forced March Endurance | Advanced Tracking | Open Land Navigation,Streetwise (Urban Underworld) | Urban Stealth & Shadowing,"Magical Schools & Traditions | Festivals, Calendars & Traditions | Political Currents & Rivalries",Ceramics & Pottery,Shaaran,Rashemi | Shaaran,1059,293.4,universal_standard,1,Modest,Crossbow | Normal shield | Quiver,945.0,114,Belt (leather) + Belt pouch (large) | Map case + blank regional map | Lamp oil (flacon) x3 | Grappling hook | 10' pole | Crowbar (standard) | Bâton de marche / Walking Staff | Crossbow | Normal shield | Quiver,Backpack (medium leather) | Tent 2-man leather | Sleeping furs (light) | Blanket (heavy) | Field rations (basic) x7 | Waterskin (1 gal) x2 | Canteen (1 pt) | Lantern (hooded) | Rope (standard 50') | Hammer + 10 pitons | Flint & steel | Tinderbox | Cloak (wool hooded) | Boots (normal leather) | Gloves (leather) | Hat (leather),12.29,NO,None,,1,-1,6,0,6,175.4,83.2,1,-8,3,2,5,-1,6,0,-7,3,Aucun,2026-05-28 13:35:34
CH-00487,Half-elf,Moon Half-elf,Waterdeep,Metropolis,Groupe1_Cote_des_Epees,Littoral Foraging,Guild Knowledge & Politics | Temple Politics & Religious Intrigue | Urban Observation and Tailing | Criminal Organizations & Syndicates | Urban Stealth & Shadowing | Black Market Operations,Divine Myths & Legends | Guilds & Organizations | Weave Theory | Dragon Lore,Navigation (Land & Sea) | Architecture,Elfique | Druidic,Chondathan | Druidic | Elfique,4859,293.4,universal_standard,2,Comfortable,Reinforced Gambeson | Burgonet (Maximilian) | Voulge | Buckler,1900.0,2959,Belt (leather) + Belt pouch (large) | Map case + blank regional map | Lamp oil (flacon) x3 | Grappling hook | 10' pole | Crowbar (standard) | Bâton de marche / Walking Staff | Reinforced Gambeson | Burgonet (Maximilian) | Voulge | Buckler,Backpack (medium leather) | Tent 2-man leather | Sleeping furs (light) | Blanket (heavy) | Field rations (basic) x7 | Waterskin (1 gal) x2 | Canteen (1 pt) | Lantern (hooded) | Rope (standard 50') | Hammer + 10 pitons | Flint & steel | Tinderbox | Cloak (wool hooded) | Boots (normal leather) | Gloves (leather) | Hat (leather),-6.52,YES,Arcanique,Magicien,-4,-4,-2,-2,5,169.5,63.9,0,-2,0,-7,1,3,-1,3,-5,-3,Méditation + Immunité sommeil + VN (N1),2026-05-28 13:35:34
CH-00488,Human,Mulan,Thay,Fortified City,Groupe9_Thay,Marsh Disease Resistance | Snow and Ice Shelter Building | Marsh Movement,Poison Lore & Subtle Application | Streetwise (Urban Underworld),"Trade Routes & Commerce | Major Cities & Regions | Ancient Realms (Netheril, Imaskar...)",Cabinetmaking & Marquetry,Mulhorandi,Chessentan | Mulhorandi | Thayan,2012,293.4,universal_standard,2,Comfortable,"Courser | Rouncey | Waterskin (5 gal) | Lancet, bleeding",1079.0,933,"Belt (leather) + Belt pouch (large) | Map case + blank regional map | Lamp oil (flacon) x3 | Grappling hook | 10' pole | Crowbar (standard) | Bâton de marche / Walking Staff | Lancet, bleeding",Backpack (medium leather) | Tent 2-man leather | Sleeping furs (light) | Blanket (heavy) | Field rations (basic) x7 | Waterskin (1 gal) x2 | Canteen (1 pt) | Lantern (hooded) | Rope (standard 50') | Hammer + 10 pitons | Flint & steel | Tinderbox | Cloak (wool hooded) | Boots (normal leather) | Gloves (leather) | Hat (leather) | Courser | Rouncey | Waterskin (5 gal),-5.32,YES,Théurgique,Magie Blanche,-3,0,-3,-1,-3,152.4,54.6,-2,9,-3,2,-3,1,0,0,10,-3,Aucun,2026-05-28 13:35:34
CH-00489,Human,Turami,Turmish,Large Town,Groupe2_Sud_Marchand,Mountain Endurance | Technical Rock Climbing,Disguise & Impersonation | City Secrets & Hidden Routes | Lockpicking and Trap Disarming | Criminal Organizations & Syndicates,Trade Routes & Commerce | Genasi & Elemental Peoples,Preservation & Salting,None,Chessentan | Chondathan,1846,293.4,universal_standard,2,Comfortable,Military Fork | Falchion | Fishing net (large),1010.0,836,Belt (leather) + Belt pouch (large) | Map case + blank regional map | Lamp oil (flacon) x3 | Grappling hook | 10' pole | Crowbar (standard) | Bâton de marche / Walking Staff | Military Fork | Falchion,Backpack (medium leather) | Tent 2-man leather | Sleeping furs (light) | Blanket (heavy) | Field rations (basic) x7 | Waterskin (1 gal) x2 | Canteen (1 pt) | Lantern (hooded) | Rope (standard 50') | Hammer + 10 pitons | Flint & steel | Tinderbox | Cloak (wool hooded) | Boots (normal leather) | Gloves (leather) | Hat (leather) | Fishing net (large),-2.78,YES,Arcanique,Magicien,0,-2,1,-3,5,177.0,83.2,1,-5,-5,-1,3,5,0,-3,-7,-6,Aucun,2026-05-28 13:35:34
CH-00490,Human,Bedine,Anauroch,Caravan Oasis,Groupe3_Coeur_Continental,Technical Rock Climbing | Desert Water Mastery | Desert Thermal Endurance | Confined Space Stealth | Open Land Navigation | Forest Stealth,,History of the Realms | Major Cities & Regions | Trade Routes & Commerce | Orc & Goblinoid Culture,Brewing & Distilling | Engraving on Metal & Gems | Alchemy (Theory & Practice),Midani | Thorass,Infernal | Midani | Thorass,618,293.4,universal_standard,0,None,"Lancet, bleeding",2.0,616,"Belt (leather) + Belt pouch (large) | Map case + blank regional map | Lamp oil (flacon) x3 | Grappling hook | 10' pole | Crowbar (standard) | Bâton de marche / Walking Staff | Lancet, bleeding",Backpack (medium leather) | Tent 2-man leather | Sleeping furs (light) | Blanket (heavy) | Field rations (basic) x7 | Waterskin (1 gal) x2 | Canteen (1 pt) | Lantern (hooded) | Rope (standard 50') | Hammer + 10 pitons | Flint & steel | Tinderbox | Cloak (wool hooded) | Boots (normal leather) | Gloves (leather) | Hat (leather),-11.01,YES,Arcanique,Magicien,-5,-4,-4,-4,4,163.6,60.6,-1,-1,-4,-4,-1,2,2,-2,-2,-6,Aucun,2026-05-28 13:35:34
CH-00491,Human,Calishite,Calimshan,Metropolis,Groupe2_Sud_Marchand,Desert Water Mastery,Sleight of Hand & Cheating | Streetwise (Urban Underworld) | Criminal Organizations & Syndicates | Heraldry & Lineage Recognition | Sleight of Hand & Cheating | Temple Politics & Religious Intrigue,Cultural Interactions | Nobility & Heraldry | Legendary Artifacts & Relics | Local Folklore & Legends,Taxidermy | Navigation (Land & Sea),Halruaan | Thorass,Calishite | Chondathan | Halruaan,4163,293.4,universal_standard,2,Comfortable,Morning Star | Courser | Lockpicks (poor) | Plackart,1526.0,2637,Belt (leather) + Belt pouch (large) | Map case + blank regional map | Lamp oil (flacon) x3 | Grappling hook | 10' pole | Crowbar (standard) | Bâton de marche / Walking Staff | Morning Star | Lockpicks (poor) | Plackart,Backpack (medium leather) | Tent 2-man leather | Sleeping furs (light) | Blanket (heavy) | Field rations (basic) x7 | Waterskin (1 gal) x2 | Canteen (1 pt) | Lantern (hooded) | Rope (standard 50') | Hammer + 10 pitons | Flint & steel | Tinderbox | Cloak (wool hooded) | Boots (normal leather) | Gloves (leather) | Hat (leather) | Courser,3.64,NO,None,,0,0,2,1,11,175.5,74.8,1,-5,4,3,1,0,-6,-1,-3,5,Aucun,2026-05-28 13:35:34
CH-00492,Dwarf,Shield Dwarf,Ironmaster,Mountain Village,Groupe3_Coeur_Continental,Mountain Endurance | Marsh Movement | Underground Navigation | Open Land Navigation | Technical Rock Climbing | Snow and Ice Shelter Building,Urban Observation and Tailing | Urban Observation and Tailing,Secret Organizations | Major Cities & Regions,Cooking (Fine Cuisine) | Weaving & Spinning | Weapons & Armor Smithing,None,Illuskan | Nain | Undercommon,719,293.4,universal_standard,1,Modest,Morning Star,500.0,219,Belt (leather) + Belt pouch (large) | Map case + blank regional map | Lamp oil (flacon) x3 | Grappling hook | 10' pole | Crowbar (standard) | Bâton de marche / Walking Staff | Morning Star,Backpack (medium leather) | Tent 2-man leather | Sleeping furs (light) | Blanket (heavy) | Field rations (basic) x7 | Waterskin (1 gal) x2 | Canteen (1 pt) | Lantern (hooded) | Rope (standard 50') | Hammer + 10 pitons | Flint & steel | Tinderbox | Cloak (wool hooded) | Boots (normal leather) | Gloves (leather) | Hat (leather),-9.19,YES,Arcanique,Magicien,-2,-4,-4,-8,4,124.9,60.6,-6,-2,-1,-5,-2,1,2,-7,-4,-3,Vision dans le noir + Robustesse naine,2026-05-28 13:35:34
CH-00493,Human,Chultan,Chult,Forest Village,Groupe3_Coeur_Continental,Forest Stealth | Advanced Tracking | Wild Plant Foraging | Marsh Disease Resistance,Sleight of Hand & Cheating,Ruins & Major Archaeological Sites | Court Etiquette & Protocol | History of the Realms,Accounting & Estate Management | Herbalism & Potion Brewing | Cooking (Fine Cuisine),Chultan,Chultan | Tashalan,597,293.4,universal_standard,1,Modest,Arming Sword,450.0,147,Belt (leather) + Belt pouch (large) | Map case + blank regional map | Lamp oil (flacon) x3 | Grappling hook | 10' pole | Crowbar (standard) | Bâton de marche / Walking Staff | Arming Sword,Backpack (medium leather) | Tent 2-man leather | Sleeping furs (light) | Blanket (heavy) | Field rations (basic) x7 | Waterskin (1 gal) x2 | Canteen (1 pt) | Lantern (hooded) | Rope (standard 50') | Hammer + 10 pitons | Flint & steel | Tinderbox | Cloak (wool hooded) | Boots (normal leather) | Gloves (leather) | Hat (leather),-14.04,YES,Arcanique,Magicien,-6,-6,-6,-6,4,157.8,60.6,-2,-5,-6,-2,-4,-1,8,-4,-4,-7,Aucun,2026-05-28 13:35:34
CH-00494,Human,Calishite,Amn,Major Trade City,Groupe2_Sud_Marchand,Open Land Navigation,Criminal Organizations & Syndicates | Forgery of Documents & Seals | Fences and Buyers Network,Trade Routes & Commerce | Legendary Artifacts & Relics | Fall of Myth Drannor,Carpentry & Woodworking | Ceramics & Pottery,Sembian,Calishite | Chondathan | Sembian,3654,293.4,universal_standard,2,Comfortable,Falchion Calishite | Palfrey | Plackart | Courser,2110.0,1544,Belt (leather) + Belt pouch (large) | Map case + blank regional map | Lamp oil (flacon) x3 | Grappling hook | 10' pole | Crowbar (standard) | Bâton de marche / Walking Staff | Falchion Calishite | Plackart,Backpack (medium leather) | Tent 2-man leather | Sleeping furs (light) | Blanket (heavy) | Field rations (basic) x7 | Waterskin (1 gal) x2 | Canteen (1 pt) | Lantern (hooded) | Rope (standard 50') | Hammer + 10 pitons | Flint & steel | Tinderbox | Cloak (wool hooded) | Boots (normal leather) | Gloves (leather) | Hat (leather) | Palfrey | Courser,3.64,NO,None,,0,2,0,1,4,166.3,71.0,0,3,-2,9,-2,-2,3,3,7,1,Aucun,2026-05-28 13:35:34
CH-00495,Human,Chondathan,Chondath,Forest Village,Groupe4_Vilhon_Est,Littoral Foraging | Coastal Survival | Oceanic Navigation | Advanced Tracking | Plains Tracking,,Fey & Feywild Knowledge | History of the Realms | Laws & Customs of Nations,Masonry | Smithing & Metallurgy,Chondathan,Chondathan | Cormyrian | Illuskan,1074,293.4,universal_standard,1,Modest,Sallet ou Armet (classique),550.0,524,Belt (leather) + Belt pouch (large) | Map case + blank regional map | Lamp oil (flacon) x3 | Grappling hook | 10' pole | Crowbar (standard) | Bâton de marche / Walking Staff | Sallet ou Armet (classique),Backpack (medium leather) | Tent 2-man leather | Sleeping furs (light) | Blanket (heavy) | Field rations (basic) x7 | Waterskin (1 gal) x2 | Canteen (1 pt) | Lantern (hooded) | Rope (standard 50') | Hammer + 10 pitons | Flint & steel | Tinderbox | Cloak (wool hooded) | Boots (normal leather) | Gloves (leather) | Hat (leather),-10.41,YES,Théurgique,Magie Verte,-6,-4,-4,-2,6,168.0,60.6,0,-7,3,-3,-3,3,-4,-1,-6,2,Aucun,2026-05-28 13:35:34
CH-00496,Human,Tethyrian,The Dalelands,Forest Village,Groupe3_Coeur_Continental,Forest Stealth | Complex Terrain Navigation | Advanced Tracking | Wild Plant Foraging,,Major Religions & Deities | History of the Realms | Ruins & Major Archaeological Sites | Cultural Interactions,Architecture | Weapons & Armor Smithing | Masonry,Elfique | Thorass,Chondathan | Elfique | Tethyrian,974,293.4,universal_standard,1,Modest,Broadsword,825.0,149,Belt (leather) + Belt pouch (large) | Map case + blank regional map | Lamp oil (flacon) x3 | Grappling hook | 10' pole | Crowbar (standard) | Bâton de marche / Walking Staff | Broadsword,Backpack (medium leather) | Tent 2-man leather | Sleeping furs (light) | Blanket (heavy) | Field rations (basic) x7 | Waterskin (1 gal) x2 | Canteen (1 pt) | Lantern (hooded) | Rope (standard 50') | Hammer + 10 pitons | Flint & steel | Tinderbox | Cloak (wool hooded) | Boots (normal leather) | Gloves (leather) | Hat (leather),-1.25,NO,None,,3,0,-8,-2,16,180.0,92.4,1,1,-7,-2,-5,6,-10,4,-3,-8,Aucun,2026-05-28 13:35:34
CH-00497,Human,Tethyrian,Tethyr,Small Town,Groupe2_Sud_Marchand,Forest Stealth | Advanced Tracking,Streetwise (Urban Underworld) | Disguise & Impersonation | Sleight of Hand & Cheating | Streetwise (Urban Underworld),Local Folklore & Legends | Divine Myths & Legends | Major Cities & Regions,Carpentry & Woodworking | Accounting & Estate Management | Weaving & Spinning,Tethyrian,Halruaan | Tethyrian,1695,293.4,universal_standard,2,Comfortable,Sidesword | Ranseur | Waterskin (1 gal),1153.0,542,Belt (leather) + Belt pouch (large) | Map case + blank regional map | Lamp oil (flacon) x3 | Grappling hook | 10' pole | Crowbar (standard) | Bâton de marche / Walking Staff | Sidesword | Ranseur,Backpack (medium leather) | Tent 2-man leather | Sleeping furs (light) | Blanket (heavy) | Field rations (basic) x7 | Waterskin (1 gal) x2 | Canteen (1 pt) | Lantern (hooded) | Rope (standard 50') | Hammer + 10 pitons | Flint & steel | Tinderbox | Cloak (wool hooded) | Boots (normal leather) | Gloves (leather) | Hat (leather) | Waterskin (1 gal),-4.23,YES,Théurgique,Magie Blanche,-2,-3,2,-5,2,154.8,71.0,-2,-3,-6,1,3,-5,6,2,-2,-6,Aucun,2026-05-28 13:35:34
CH-00498,Human,Chondathan,Sembia,Smuggler's Port,Groupe2_Sud_Marchand,Wild Plant Foraging | Forest Stealth | Weather Reading | Open Land Navigation | Forced March Endurance | Plains Tracking,,Aberration Lore | Laws & Customs of Nations | History of Imaskar | History of the Realms,Dyeing & Textile Coloring | Leatherworking & Tanning | Bookbinding,Chondathan | Thorass,Chessentan | Chondathan | Cormyrian,3036,293.4,universal_standard,2,Comfortable,Voulge | Crossbow | Cuisses (renforcées) | Quiver,1880.0,1156,Belt (leather) + Belt pouch (large) | Map case + blank regional map | Lamp oil (flacon) x3 | Grappling hook | 10' pole | Crowbar (standard) | Bâton de marche / Walking Staff | Voulge | Crossbow | Cuisses (renforcées) | Quiver,Backpack (medium leather) | Tent 2-man leather | Sleeping furs (light) | Blanket (heavy) | Field rations (basic) x7 | Waterskin (1 gal) x2 | Canteen (1 pt) | Lantern (hooded) | Rope (standard 50') | Hammer + 10 pitons | Flint & steel | Tinderbox | Cloak (wool hooded) | Boots (normal leather) | Gloves (leather) | Hat (leather),-11.4,YES,Arcanique,Magicien,-5,-6,-3,-4,9,178.9,67.4,1,-11,2,-11,1,-2,3,-10,-15,-2,Aucun,2026-05-28 13:35:34
CH-00499,Human,Chondathan,Sword Coast,Major Port City,Groupe1_Cote_des_Epees,Open Land Navigation,Black Market Operations | Lockpicking and Trap Disarming | Black Market Operations | Fences and Buyers Network | Black Market Operations,Political Currents & Rivalries | History of Magic | History of the Realms | Local Folklore & Legends,Navigation (Land & Sea) | Masonry,Chondathan | Thorass,Chondathan | Thorass,2017,293.4,universal_standard,2,Comfortable,Rouncey | Sallet ou Armet (classique) | Tassets longs | Cutlass,1800.0,217,Belt (leather) + Belt pouch (large) | Map case + blank regional map | Lamp oil (flacon) x3 | Grappling hook | 10' pole | Crowbar (standard) | Bâton de marche / Walking Staff | Sallet ou Armet (classique) | Tassets longs | Cutlass,Backpack (medium leather) | Tent 2-man leather | Sleeping furs (light) | Blanket (heavy) | Field rations (basic) x7 | Waterskin (1 gal) x2 | Canteen (1 pt) | Lantern (hooded) | Rope (standard 50') | Hammer + 10 pitons | Flint & steel | Tinderbox | Cloak (wool hooded) | Boots (normal leather) | Gloves (leather) | Hat (leather) | Rouncey,11.29,NO,None,,-1,0,6,0,4,172.4,71.0,0,-2,0,7,4,-3,3,4,2,2,Aucun,2026-05-28 13:35:34
CH-00500,Gnome,Forest Gnome,Cormanthor,Forest Village,Groupe3_Coeur_Continental,Wild Plant Foraging | Complex Terrain Navigation | Primitive Fire Mastery | Advanced Tracking,Information Brokerage,History of the Realms | Major Cities & Regions | Religious Cults & Orders | History of Magic,Architecture,Sylvestre | Gnomish,Druidic | Elfique | Gnomish | Sylvestre,719,293.4,universal_standard,1,Modest,Longbow | Buckler | Quiver,560.0,159,Belt (leather) + Belt pouch (large) | Map case + blank regional map | Lamp oil (flacon) x3 | Grappling hook | 10' pole | Crowbar (standard) | Bâton de marche / Walking Staff | Longbow | Buckler | Quiver,Backpack (medium leather) | Tent 2-man leather | Sleeping furs (light) | Blanket (heavy) | Field rations (basic) x7 | Waterskin (1 gal) x2 | Canteen (1 pt) | Lantern (hooded) | Rope (standard 50') | Hammer + 10 pitons | Flint & steel | Tinderbox | Cloak (wool hooded) | Boots (normal leather) | Gloves (leather) | Hat (leather),-16.08,YES,Arcanique,Magicien,-18,-9,0,-11,-5,100.5,23.5,-11,8,-2,-3,2,2,5,0,15,-3,"Vision nocturne N1, Affinité nature",2026-05-28 13:35:34
CH-00501,Human,Illuskan,Neverwinter,Major Port City,Groupe1_Cote_des_Epees,Deep-Sea Fishing,Guild Knowledge & Politics | Urban Observation and Tailing | City Secrets & Hidden Routes | Forgery of Documents & Seals | Criminal Organizations & Syndicates | Noble Houses & Court Intrigue,Astronomy & Star Navigation | Political Currents & Rivalries | Major Religions & Deities | Trade Routes & Commerce,Cooking (Fine Cuisine) | Carpentry & Woodworking | Shipbuilding,Thorass | Reghed,Illuskan | Reghed | Thorass,1088,293.4,universal_standard,1,Modest,Sidesword | Gauntlets (renforcés),930.0,158,Belt (leather) + Belt pouch (large) | Map case + blank regional map | Lamp oil (flacon) x3 | Grappling hook | 10' pole | Crowbar (standard) | Bâton de marche / Walking Staff | Sidesword | Gauntlets (renforcés),Backpack (medium leather) | Tent 2-man leather | Sleeping furs (light) | Blanket (heavy) | Field rations (basic) x7 | Waterskin (1 gal) x2 | Canteen (1 pt) | Lantern (hooded) | Rope (standard 50') | Hammer + 10 pitons | Flint & steel | Tinderbox | Cloak (wool hooded) | Boots (normal leather) | Gloves (leather) | Hat (leather),-6.4,YES,Théurgique,Magie Verte,-2,-1,-3,-2,0,164.8,71.0,-1,-1,-4,4,-3,2,4,-1,1,-3,Aucun,2026-05-28 13:35:34
CH-00502,Human,Tethyrian,Amn,Large Town,Groupe2_Sud_Marchand,Advanced Tracking | Desert Thermal Endurance,City Secrets & Hidden Routes | Criminal Organizations & Syndicates | Noble Houses & Court Intrigue,"Cultural Interactions | History of the Realms | Cosmology (Weave, Shadow Weave)",Navigation (Land & Sea),Thorass,Chessentan | Chondathan | Elfique | Tethyrian,2561,293.4,universal_standard,2,Comfortable,Arming Doublet | Kettle hat,1705.0,856,Belt (leather) + Belt pouch (large) | Map case + blank regional map | Lamp oil (flacon) x3 | Grappling hook | 10' pole | Crowbar (standard) | Bâton de marche / Walking Staff | Arming Doublet,Backpack (medium leather) | Tent 2-man leather | Sleeping furs (light) | Blanket (heavy) | Field rations (basic) x7 | Waterskin (1 gal) x2 | Canteen (1 pt) | Lantern (hooded) | Rope (standard 50') | Hammer + 10 pitons | Flint & steel | Tinderbox | Cloak (wool hooded) | Boots (normal leather) | Gloves (leather) | Hat (leather) | Kettle hat,9.94,NO,None,,2,2,0,3,5,172.5,67.4,0,6,7,-3,0,1,-4,2,3,6,Aucun,2026-05-28 13:35:34
CH-00503,Human,Mulan,Old Empires,Fortified City,Groupe12_Old_Empires,Marsh Movement,Urban Observation and Tailing | Disguise & Impersonation | Streetwise (Urban Underworld),"Religious Cults & Orders | Ancient Realms (Netheril, Imaskar...)",Dyeing & Textile Coloring,Mulhorandi,Mulhorandi,1164,293.4,universal_standard,2,Comfortable,Broadsword | Buckler,1045.0,119,Belt (leather) + Belt pouch (large) | Map case + blank regional map | Lamp oil (flacon) x3 | Grappling hook | 10' pole | Crowbar (standard) | Bâton de marche / Walking Staff | Broadsword | Buckler,Backpack (medium leather) | Tent 2-man leather | Sleeping furs (light) | Blanket (heavy) | Field rations (basic) x7 | Waterskin (1 gal) x2 | Canteen (1 pt) | Lantern (hooded) | Rope (standard 50') | Hammer + 10 pitons | Flint & steel | Tinderbox | Cloak (wool hooded) | Boots (normal leather) | Gloves (leather) | Hat (leather),5.8,NO,None,,4,1,-3,0,13,184.9,92.4,2,1,-5,-2,-1,4,-6,3,-3,-6,Aucun,2026-05-28 13:35:34
CH-00504,Human,Tethyrian,Tethyr,Mountain Village,Groupe2_Sud_Marchand,Forest Stealth | Desert Water Mastery | Open Land Navigation | Advanced Tracking | Weather Reading | Wild Plant Foraging,Disguise & Impersonation | Disguise & Impersonation,"Major Religions & Deities | Local Folklore & Legends | Festivals, Calendars & Traditions | Cultural Interactions",Jewelry & Goldsmithing | Heraldry & Lineage | Carpentry & Woodworking,Lantanna | Chondathan,Chondathan | Lantanna | Tethyrian | Thorass,1525,293.4,universal_standard,2,Comfortable,Falchion | Rapier | Buckler,1470.0,55,Belt (leather) + Belt pouch (large) | Map case + blank regional map | Lamp oil (flacon) x3 | Grappling hook | 10' pole | Crowbar (standard) | Bâton de marche / Walking Staff | Falchion | Rapier | Buckler,Backpack (medium leather) | Tent 2-man leather | Sleeping furs (light) | Blanket (heavy) | Field rations (basic) x7 | Waterskin (1 gal) x2 | Canteen (1 pt) | Lantern (hooded) | Rope (standard 50') | Hammer + 10 pitons | Flint & steel | Tinderbox | Cloak (wool hooded) | Boots (normal leather) | Gloves (leather) | Hat (leather),6.74,NO,None,,5,1,-3,-2,14,161.6,92.4,-1,-8,6,-1,-3,-6,-6,-3,-10,5,Aucun,2026-05-28 13:35:34
CH-00505,Human,Damaran,The Cold Lands,Logging Camp,Groupe3_Coeur_Continental,Arctic Hunting | Snow and Ice Shelter Building | Open Land Navigation | Extreme Cold Resistance | Mountain Endurance | Technical Rock Climbing,Disguise & Impersonation,Spellplague & Its Aftermath | Geography of Faerûn | Trade Routes & Commerce,Taxidermy | Locksmithing & Mechanisms | Smithing & Metallurgy,Illuskan,Damaran | Illuskan | Nar | Sossrim,504,293.4,universal_standard,0,None,Buckler,220.0,284,Belt (leather) + Belt pouch (large) | Map case + blank regional map | Lamp oil (flacon) x3 | Grappling hook | 10' pole | Crowbar (standard) | Bâton de marche / Walking Staff | Buckler,Backpack (medium leather) | Tent 2-man leather | Sleeping furs (light) | Blanket (heavy) | Field rations (basic) x7 | Waterskin (1 gal) x2 | Canteen (1 pt) | Lantern (hooded) | Rope (standard 50') | Hammer + 10 pitons | Flint & steel | Tinderbox | Cloak (wool hooded) | Boots (normal leather) | Gloves (leather) | Hat (leather),7.67,NO,None,,3,3,-8,2,6,165.0,63.9,-1,13,6,-7,-6,4,-7,8,7,3,Aucun,2026-05-28 13:35:34
CH-00506,Human,Illuskan,Luskan,Major Port City,Groupe1_Cote_des_Epees,,Lockpicking and Trap Disarming | Urban Observation and Tailing | City Secrets & Hidden Routes | Urban Observation and Tailing,History of the Realms | Major Religions & Deities | Local Folklore & Legends | Divine Myths & Legends,Dyeing & Textile Coloring | Smithing & Metallurgy,Reghed | Thorass,Illuskan | Reghed,1430,293.4,universal_standard,1,Modest,Cuisses (renforcées) | Plackart,740.0,690,Belt (leather) + Belt pouch (large) | Map case + blank regional map | Lamp oil (flacon) x3 | Grappling hook | 10' pole | Crowbar (standard) | Bâton de marche / Walking Staff | Cuisses (renforcées) | Plackart,Backpack (medium leather) | Tent 2-man leather | Sleeping furs (light) | Blanket (heavy) | Field rations (basic) x7 | Waterskin (1 gal) x2 | Canteen (1 pt) | Lantern (hooded) | Rope (standard 50') | Hammer + 10 pitons | Flint & steel | Tinderbox | Cloak (wool hooded) | Boots (normal leather) | Gloves (leather) | Hat (leather),-11.4,YES,Sauvage,Magie Rouge,-5,-4,-6,-3,2,171.0,67.4,0,-8,-2,1,-5,2,9,-6,-6,-2,Aucun,2026-05-28 13:35:34
CH-00507,Human,Damaran,The Cold Lands,Mountain Village,Groupe3_Coeur_Continental,Extreme Cold Resistance | Mountain Endurance | Arctic Hunting | Technical Rock Climbing,Sleight of Hand & Cheating | Temple Politics & Religious Intrigue,Fall of Myth Drannor | Orc & Goblinoid Culture | Local Folklore & Legends,Bookbinding,Illuskan,Damaran | Illuskan | Sossrim | Uluik,544,293.4,universal_standard,0,None,"Lancet, bleeding",2.0,542,"Belt (leather) + Belt pouch (large) | Map case + blank regional map | Lamp oil (flacon) x3 | Grappling hook | 10' pole | Crowbar (standard) | Bâton de marche / Walking Staff | Lancet, bleeding",Backpack (medium leather) | Tent 2-man leather | Sleeping furs (light) | Blanket (heavy) | Field rations (basic) x7 | Waterskin (1 gal) x2 | Canteen (1 pt) | Lantern (hooded) | Rope (standard 50') | Hammer + 10 pitons | Flint & steel | Tinderbox | Cloak (wool hooded) | Boots (normal leather) | Gloves (leather) | Hat (leather),3.64,NO,None,,2,1,0,0,6,173.9,74.8,0,5,1,-5,2,10,5,-3,0,-1,Aucun,2026-05-28 13:35:34
CH-00508,Dwarf,Gold Dwarf,Great Rift,Dwarven Fortress,Groupe6_Bloc_Nain,Complex Terrain Navigation | Underground Navigation,Urban Stealth & Shadowing | Criminal Organizations & Syndicates | Criminal Organizations & Syndicates | Guild Knowledge & Politics | Streetwise (Urban Underworld),"Guilds & Organizations | Major Cities & Regions | Major Religions & Deities | Cosmology (Weave, Shadow Weave)",High Court Intrigue & Politics | Bone & Ivory Carving,Nain,Chondathan | Nain,832,293.4,universal_standard,1,Modest,Main-gauche | Buckler,700.0,132,Belt (leather) + Belt pouch (large) | Map case + blank regional map | Lamp oil (flacon) x3 | Grappling hook | 10' pole | Crowbar (standard) | Bâton de marche / Walking Staff | Main-gauche | Buckler,Backpack (medium leather) | Tent 2-man leather | Sleeping furs (light) | Blanket (heavy) | Field rations (basic) x7 | Waterskin (1 gal) x2 | Canteen (1 pt) | Lantern (hooded) | Rope (standard 50') | Hammer + 10 pitons | Flint & steel | Tinderbox | Cloak (wool hooded) | Boots (normal leather) | Gloves (leather) | Hat (leather),-6.09,YES,Théurgique,Magie Verte,-3,-4,1,-8,-1,120.5,57.5,-7,-7,2,1,1,4,6,3,-4,2,Vision dans le noir + Robustesse naine,2026-05-28 13:35:34
CH-00509,Human,Chondathan,Chondath,Rural Village,Groupe4_Vilhon_Est,Dark Water Swimming | River Crossing | Coastal Survival | Littoral Foraging | Advanced Tracking,,"Major Cities & Regions | Ancient Realms (Netheril, Imaskar...) | Local Folklore & Legends",Dyeing & Textile Coloring | Rare Dye Making | Cooking (Fine Cuisine),Chondathan,Chondathan | Illuskan,1290,293.4,universal_standard,2,Comfortable,Rouncey | Cloak (wool) | Longsword,1109.0,181,Belt (leather) + Belt pouch (large) | Map case + blank regional map | Lamp oil (flacon) x3 | Grappling hook | 10' pole | Crowbar (standard) | Bâton de marche / Walking Staff | Longsword,Backpack (medium leather) | Tent 2-man leather | Sleeping furs (light) | Blanket (heavy) | Field rations (basic) x7 | Waterskin (1 gal) x2 | Canteen (1 pt) | Lantern (hooded) | Rope (standard 50') | Hammer + 10 pitons | Flint & steel | Tinderbox | Cloak (wool hooded) | Boots (normal leather) | Gloves (leather) | Hat (leather) | Rouncey | Cloak (wool),-2.62,YES,Sauvage,Magie Rouge,0,-1,-2,0,3,190.2,78.9,2,-2,0,-5,0,-6,3,-6,-6,-2,Aucun,2026-05-28 13:35:34
CH-00510,Human,Chondathan,The Dalelands,Logging Camp,Groupe3_Coeur_Continental,Plains Tracking | Open Land Navigation | Complex Terrain Navigation | Advanced Tracking | Wild Plant Foraging,Black Market Operations | Guild Knowledge & Politics,History of the Realms | Guilds & Organizations | Secret Organizations | Dwarven Culture,Leatherworking & Tanning | Preservation & Salting | Herbalism & Potion Brewing,Chondathan | Thorass,Chondathan | Turmish,904,293.4,universal_standard,0,None,Metal file (small),8.0,896,Belt (leather) + Belt pouch (large) | Map case + blank regional map | Lamp oil (flacon) x3 | Grappling hook | 10' pole | Crowbar (standard) | Bâton de marche / Walking Staff | Metal file (small),Backpack (medium leather) | Tent 2-man leather | Sleeping furs (light) | Blanket (heavy) | Field rations (basic) x7 | Waterskin (1 gal) x2 | Canteen (1 pt) | Lantern (hooded) | Rope (standard 50') | Hammer + 10 pitons | Flint & steel | Tinderbox | Cloak (wool hooded) | Boots (normal leather) | Gloves (leather) | Hat (leather),-1.62,NO,None,,0,0,-2,0,11,188.5,83.2,2,-2,-4,4,-2,7,-1,0,-1,-3,Aucun,2026-05-28 13:35:34
CH-00511,Dwarf,Shield Dwarf,Citadel Adbar,Underdark City,Groupe6_Bloc_Nain,Complex Terrain Navigation | Underground Navigation,Heraldry & Lineage Recognition | Streetwise (Urban Underworld) | Criminal Organizations & Syndicates | Noble Houses & Court Intrigue | Black Market Operations,"Major Cities & Regions | Laws & Customs of Nations | Spellplague & Its Aftermath | Festivals, Calendars & Traditions",Leatherworking & Tanning | Mosaic & Fresco Art | Herbalism & Potion Brewing,Nain | Géant,Géant | Nain,1070,293.4,universal_standard,1,Modest,"Fishing net (large) | Lucerne Hammer | Lancet, bleeding",702.0,368,"Belt (leather) + Belt pouch (large) | Map case + blank regional map | Lamp oil (flacon) x3 | Grappling hook | 10' pole | Crowbar (standard) | Bâton de marche / Walking Staff | Lancet, bleeding",Backpack (medium leather) | Tent 2-man leather | Sleeping furs (light) | Blanket (heavy) | Field rations (basic) x7 | Waterskin (1 gal) x2 | Canteen (1 pt) | Lantern (hooded) | Rope (standard 50') | Hammer + 10 pitons | Flint & steel | Tinderbox | Cloak (wool hooded) | Boots (normal leather) | Gloves (leather) | Hat (leather) | Fishing net (large) | Lucerne Hammer,-3.13,YES,Arcanique,Magicien,-2,-1,1,-6,-5,126.1,57.5,-6,1,-2,6,0,-3,9,-2,6,0,Vision dans le noir + Robustesse naine,2026-05-28 13:35:34
CH-00512,Human,Rashemi,Aglarond,Logging Camp,Groupe4_Vilhon_Est,Marsh Movement | Shelter Construction | Desert Water Mastery | Wild Plant Foraging | Advanced Tracking | Forest Stealth,,Halfling Culture | Cultural Interactions | Orc & Goblinoid Culture | Astronomy & Star Navigation,Leatherworking & Tanning | Weaving & Spinning,Rashemi,Aglarondan | Rashemi,880,293.4,universal_standard,1,Modest,"Rouncey | Lancet, bleeding",452.0,428,"Belt (leather) + Belt pouch (large) | Map case + blank regional map | Lamp oil (flacon) x3 | Grappling hook | 10' pole | Crowbar (standard) | Bâton de marche / Walking Staff | Lancet, bleeding",Backpack (medium leather) | Tent 2-man leather | Sleeping furs (light) | Blanket (heavy) | Field rations (basic) x7 | Waterskin (1 gal) x2 | Canteen (1 pt) | Lantern (hooded) | Rope (standard 50') | Hammer + 10 pitons | Flint & steel | Tinderbox | Cloak (wool hooded) | Boots (normal leather) | Gloves (leather) | Hat (leather) | Rouncey,0.02,NO,None,,-1,0,2,-2,9,162.0,67.4,-1,6,-6,1,3,1,-1,4,5,-6,Aucun,2026-05-28 13:35:34
CH-00513,Human,Tethyrian,Amn,Major Trade City,Groupe2_Sud_Marchand,,Heraldry & Lineage Recognition | Fences and Buyers Network | High Society Manipulation | Sleight of Hand & Cheating,"Guilds & Organizations | Festivals, Calendars & Traditions | Religious Cults & Orders | Major Religions & Deities",Leatherworking & Tanning | Animal Husbandry & Training,Tethyrian | Thorass,Chondathan | Elfique | Tethyrian,3684,293.4,universal_standard,3,Wealthy,Close Helmet (Maximilian) | Mace | Rouncey | Tassets longs | Buckler,2505.0,1179,Belt (leather) + Belt pouch (large) | Map case + blank regional map | Lamp oil (flacon) x3 | Grappling hook | 10' pole | Crowbar (standard) | Bâton de marche / Walking Staff | Close Helmet (Maximilian) | Mace | Tassets longs | Buckler,Backpack (medium leather) | Tent 2-man leather | Sleeping furs (light) | Blanket (heavy) | Field rations (basic) x7 | Waterskin (1 gal) x2 | Canteen (1 pt) | Lantern (hooded) | Rope (standard 50') | Hammer + 10 pitons | Flint & steel | Tinderbox | Cloak (wool hooded) | Boots (normal leather) | Gloves (leather) | Hat (leather) | Rouncey,-4.64,YES,Arcanique,Magicien,0,-1,-4,-1,1,170.8,74.8,0,0,-1,-3,-2,5,3,4,-3,-2,Aucun,2026-05-28 13:35:34
CH-00514,Human,Sossrim,The Cold Lands,Isolated Hamlet,Groupe3_Coeur_Continental,Extreme Cold Resistance | Arctic Hunting | Field Weapon Maintenance | Mountain Endurance | Technical Rock Climbing | Snow and Ice Shelter Building,,"Halfling Culture | Festivals, Calendars & Traditions | Religious Cults & Orders | Nobility & Heraldry",Heraldry & Lineage | Architecture,Uluik | Illuskan,Illuskan | Sossrim | Uluik,358,293.4,universal_standard,0,None,"Lancet, bleeding",2.0,356,"Belt (leather) + Belt pouch (large) | Map case + blank regional map | Lamp oil (flacon) x3 | Grappling hook | 10' pole | Crowbar (standard) | Bâton de marche / Walking Staff | Lancet, bleeding",Backpack (medium leather) | Tent 2-man leather | Sleeping furs (light) | Blanket (heavy) | Field rations (basic) x7 | Waterskin (1 gal) x2 | Canteen (1 pt) | Lantern (hooded) | Rope (standard 50') | Hammer + 10 pitons | Flint & steel | Tinderbox | Cloak (wool hooded) | Boots (normal leather) | Gloves (leather) | Hat (leather),-8.2,YES,Sauvage,Magie Noire,-9,-5,2,-5,-2,149.7,51.8,-3,-8,-2,8,0,5,7,3,1,0,Aucun,2026-05-28 13:35:34
CH-00515,Human,Chondathan,Western Heartlands,Isolated Farmstead,Groupe3_Coeur_Continental,Plains Tracking | Technical Rock Climbing | Underground Navigation | Weather Reading | Advanced Tracking | Open Land Navigation,,Elven Culture | Dwarven Culture | Major Religions & Deities | Weave Theory,Glassworking | Perfumery & Cosmetics,Chessentan | Chondathan,Chessentan | Chondathan | Turmish,1210,293.4,universal_standard,2,Comfortable,Cranial drill | Bill | Bevor,996.0,214,Belt (leather) + Belt pouch (large) | Map case + blank regional map | Lamp oil (flacon) x3 | Grappling hook | 10' pole | Crowbar (standard) | Bâton de marche / Walking Staff | Cranial drill | Bill | Bevor,Backpack (medium leather) | Tent 2-man leather | Sleeping furs (light) | Blanket (heavy) | Field rations (basic) x7 | Waterskin (1 gal) x2 | Canteen (1 pt) | Lantern (hooded) | Rope (standard 50') | Hammer + 10 pitons | Flint & steel | Tinderbox | Cloak (wool hooded) | Boots (normal leather) | Gloves (leather) | Hat (leather),14.66,NO,None,,3,3,-2,4,3,183.5,78.9,2,3,4,1,-3,-6,4,5,2,4,Aucun,2026-05-28 13:35:34
CH-00516,Human,Mulan,Thay,Metropolis,Groupe9_Thay,Wild Plant Foraging,Urban Stealth & Shadowing | City Secrets & Hidden Routes | Criminal Organizations & Syndicates | Disguise & Impersonation | Urban Observation and Tailing,Major Cities & Regions | Weave Theory | Religious Cults & Orders | Guilds & Organizations,Ritual Object Crafting | Accounting & Estate Management | Cabinetmaking & Marquetry,Thayan,Mulhorandi | Thayan,2613,293.4,universal_standard,2,Comfortable,Arming Doublet | Burgonet (Maximilian),1500.0,1113,Belt (leather) + Belt pouch (large) | Map case + blank regional map | Lamp oil (flacon) x3 | Grappling hook | 10' pole | Crowbar (standard) | Bâton de marche / Walking Staff | Arming Doublet | Burgonet (Maximilian),Backpack (medium leather) | Tent 2-man leather | Sleeping furs (light) | Blanket (heavy) | Field rations (basic) x7 | Waterskin (1 gal) x2 | Canteen (1 pt) | Lantern (hooded) | Rope (standard 50') | Hammer + 10 pitons | Flint & steel | Tinderbox | Cloak (wool hooded) | Boots (normal leather) | Gloves (leather) | Hat (leather),-5.78,YES,Théurgique,Magie Blanche,-2,-1,-3,-1,2,171.0,67.4,0,1,-3,3,-3,3,-5,0,3,-2,Aucun,2026-05-28 13:35:34
CH-00517,Half-orc,Half-Orc,Hordelands (The Endless Wastes),Nomad Camp,Groupe3_Coeur_Continental,Plains Tracking | Hermetic Medicine | Mountain Endurance | Weather Reading,Fences and Buyers Network,Major Religions & Deities | Gnomish Culture,Bookbinding | Weapons & Armor Smithing,None,Kara-Turan | Orc | Tuigan,463,293.4,universal_standard,0,None,"Lancet, bleeding",2.0,461,"Belt (leather) + Belt pouch (large) | Map case + blank regional map | Lamp oil (flacon) x3 | Grappling hook | 10' pole | Crowbar (standard) | Bâton de marche / Walking Staff | Lancet, bleeding",Backpack (medium leather) | Tent 2-man leather | Sleeping furs (light) | Blanket (heavy) | Field rations (basic) x7 | Waterskin (1 gal) x2 | Canteen (1 pt) | Lantern (hooded) | Rope (standard 50') | Hammer + 10 pitons | Flint & steel | Tinderbox | Cloak (wool hooded) | Boots (normal leather) | Gloves (leather) | Hat (leather),-10.61,YES,Théurgique,Magie Verte,-1,-5,-10,-6,9,166.1,83.2,0,-8,-7,-8,-5,2,6,-10,-13,-10,Force brutale + Vision dans le noir N1,2026-05-28 13:35:34
CH-00518,Dwarf,Gold Dwarf,Great Rift,Mountain Village,Groupe6_Bloc_Nain,Underground Navigation | Technical Rock Climbing | Mountain Endurance | Complex Terrain Navigation | Trapping and Snaring | Advanced Tracking,Temple Politics & Religious Intrigue,Aberration Lore | Trade Routes & Commerce | Nobility & Heraldry | Astronomy & Star Navigation,Weapons & Armor Smithing,Chondathan | Thorass,Chondathan | Géant | Nain,682,293.4,universal_standard,1,Modest,Burgonet (Maximilian),550.0,132,Belt (leather) + Belt pouch (large) | Map case + blank regional map | Lamp oil (flacon) x3 | Grappling hook | 10' pole | Crowbar (standard) | Bâton de marche / Walking Staff | Burgonet (Maximilian),Backpack (medium leather) | Tent 2-man leather | Sleeping furs (light) | Blanket (heavy) | Field rations (basic) x7 | Waterskin (1 gal) x2 | Canteen (1 pt) | Lantern (hooded) | Rope (standard 50') | Hammer + 10 pitons | Flint & steel | Tinderbox | Cloak (wool hooded) | Boots (normal leather) | Gloves (leather) | Hat (leather),2.76,NO,None,,3,1,-1,-7,0,117.2,67.4,-8,3,-2,6,-2,3,14,-3,6,0,Vision dans le noir + Robustesse naine,2026-05-28 13:35:34
CH-00519,Human,Chondathan,The Dalelands,Rural Village,Groupe3_Coeur_Continental,Open Land Navigation | Wild Plant Foraging | Plains Tracking,,Local Folklore & Legends | Religious Cults & Orders | Trade Routes & Commerce | Fall of Myth Drannor,Dyeing & Textile Coloring,Cormyrian | Chondathan,Chondathan | Cormyrian,966,293.4,universal_standard,1,Modest,Light Crossbow | Quiver,590.0,376,Belt (leather) + Belt pouch (large) | Map case + blank regional map | Lamp oil (flacon) x3 | Grappling hook | 10' pole | Crowbar (standard) | Bâton de marche / Walking Staff | Light Crossbow | Quiver,Backpack (medium leather) | Tent 2-man leather | Sleeping furs (light) | Blanket (heavy) | Field rations (basic) x7 | Waterskin (1 gal) x2 | Canteen (1 pt) | Lantern (hooded) | Rope (standard 50') | Hammer + 10 pitons | Flint & steel | Tinderbox | Cloak (wool hooded) | Boots (normal leather) | Gloves (leather) | Hat (leather),6.14,NO,None,,3,2,-3,1,8,169.2,78.9,0,1,4,-1,-3,0,0,0,-1,3,Aucun,2026-05-28 13:35:34
CH-00520,Human,Illuskan,Sword Coast,Major Port City,Groupe1_Cote_des_Epees,Oceanic Navigation | Storm and Seasickness Mastery,Streetwise (Urban Underworld) | Fences and Buyers Network | Black Market Operations | Lockpicking and Trap Disarming,"Cosmology (Weave, Shadow Weave) | History of Magic | Fey & Feywild Knowledge | Trade Routes & Commerce",Ceramics & Pottery,Illuskan,Chondathan | Elfique | Illuskan | Sossrim,1779,293.4,universal_standard,2,Comfortable,Composite Crossbow | Plackart | Rouncey | Quiver,1640.0,139,Belt (leather) + Belt pouch (large) | Map case + blank regional map | Lamp oil (flacon) x3 | Grappling hook | 10' pole | Crowbar (standard) | Bâton de marche / Walking Staff | Composite Crossbow | Plackart | Quiver,Backpack (medium leather) | Tent 2-man leather | Sleeping furs (light) | Blanket (heavy) | Field rations (basic) x7 | Waterskin (1 gal) x2 | Canteen (1 pt) | Lantern (hooded) | Rope (standard 50') | Hammer + 10 pitons | Flint & steel | Tinderbox | Cloak (wool hooded) | Boots (normal leather) | Gloves (leather) | Hat (leather) | Rouncey,-10.41,YES,Arcanique,Magicien,-6,-4,-4,-2,5,166.5,60.6,0,-7,-1,2,-4,1,-5,-4,-3,-1,Aucun,2026-05-28 13:35:34
CH-00521,Human,Chondathan,Western Heartlands,Small Town,Groupe3_Coeur_Continental,Advanced Tracking | Open Land Navigation | Marsh Disease Resistance,Black Market Operations | City Secrets & Hidden Routes | Criminal Organizations & Syndicates,Fall of Myth Drannor | Major Cities & Regions | Political Currents & Rivalries | Trade Routes & Commerce,Clockmaking & Complex Mechanisms,Illuskan | Thorass,Chondathan | Illuskan,1105,293.4,universal_standard,1,Modest,Simple Breastplate | Kettle hat,780.0,325,Belt (leather) + Belt pouch (large) | Map case + blank regional map | Lamp oil (flacon) x3 | Grappling hook | 10' pole | Crowbar (standard) | Bâton de marche / Walking Staff | Simple Breastplate,Backpack (medium leather) | Tent 2-man leather | Sleeping furs (light) | Blanket (heavy) | Field rations (basic) x7 | Waterskin (1 gal) x2 | Canteen (1 pt) | Lantern (hooded) | Rope (standard 50') | Hammer + 10 pitons | Flint & steel | Tinderbox | Cloak (wool hooded) | Boots (normal leather) | Gloves (leather) | Hat (leather) | Kettle hat,2.04,NO,None,,0,-1,3,-2,13,173.8,83.2,0,-8,-1,6,2,1,-4,-2,-5,1,Aucun,2026-05-28 13:35:34
CH-00522,Half-elf,Wild Half-elf,High Forest,Logging Camp,Groupe3_Coeur_Continental,River Crossing | Wild Plant Foraging | Advanced Tracking | Marsh Movement | Hermetic Medicine,,"Ancient Realms (Netheril, Imaskar...) | Spellplague & Its Aftermath | Divine Myths & Legends | Trade Routes & Commerce",Herbalism & Potion Brewing,Chondathan | Druidic,Chondathan | Druidic | Elfique,764,293.4,universal_standard,0,None,"Lancet, bleeding",2.0,762,"Belt (leather) + Belt pouch (large) | Map case + blank regional map | Lamp oil (flacon) x3 | Grappling hook | 10' pole | Crowbar (standard) | Bâton de marche / Walking Staff | Lancet, bleeding",Backpack (medium leather) | Tent 2-man leather | Sleeping furs (light) | Blanket (heavy) | Field rations (basic) x7 | Waterskin (1 gal) x2 | Canteen (1 pt) | Lantern (hooded) | Rope (standard 50') | Hammer + 10 pitons | Flint & steel | Tinderbox | Cloak (wool hooded) | Boots (normal leather) | Gloves (leather) | Hat (leather),-10.15,YES,Théurgique,Magie Blanche,-6,-6,-2,-6,2,156.4,60.6,-2,-6,-5,-3,0,6,9,0,-6,-6,Méditation + Immunité sommeil + VN (N1),2026-05-28 13:35:34
CH-00523,Dwarf,Urdunnir,Underdark,Logging Camp,Groupe14_Underdark,Hermetic Medicine | Technical Rock Climbing | Mountain Endurance,Criminal Organizations & Syndicates,Orc & Goblinoid Culture | Local Folklore & Legends,Cartography | Architecture,None,Nain,710,293.4,universal_standard,1,Modest,Pike | Leather chanfron | Buckler,680.0,30,Belt (leather) + Belt pouch (large) | Map case + blank regional map | Lamp oil (flacon) x3 | Grappling hook | 10' pole | Crowbar (standard) | Bâton de marche / Walking Staff | Pike | Leather chanfron | Buckler,Backpack (medium leather) | Tent 2-man leather | Sleeping furs (light) | Blanket (heavy) | Field rations (basic) x7 | Waterskin (1 gal) x2 | Canteen (1 pt) | Lantern (hooded) | Rope (standard 50') | Hammer + 10 pitons | Flint & steel | Tinderbox | Cloak (wool hooded) | Boots (normal leather) | Gloves (leather) | Hat (leather),12.2,NO,None,,6,1,0,-5,5,130.3,83.2,-5,-2,1,2,0,5,4,2,-2,1,Marche à travers la pierre,2026-05-28 13:35:34
CH-00524,Dwarf,Gold Dwarf,Great Rift,Mountain Village,Groupe6_Bloc_Nain,Technical Rock Climbing | Mountain Endurance | Complex Terrain Navigation | Shelter Construction | Wild Plant Foraging | Underground Navigation,,History of the Realms | Gnomish Culture | Ruins & Major Archaeological Sites,Weaving & Spinning | Lens Making & Optics,Nain,Géant | Nain,617,293.4,universal_standard,1,Modest,"Rouncey | Lancet, bleeding",452.0,165,"Belt (leather) + Belt pouch (large) | Map case + blank regional map | Lamp oil (flacon) x3 | Grappling hook | 10' pole | Crowbar (standard) | Bâton de marche / Walking Staff | Lancet, bleeding",Backpack (medium leather) | Tent 2-man leather | Sleeping furs (light) | Blanket (heavy) | Field rations (basic) x7 | Waterskin (1 gal) x2 | Canteen (1 pt) | Lantern (hooded) | Rope (standard 50') | Hammer + 10 pitons | Flint & steel | Tinderbox | Cloak (wool hooded) | Boots (normal leather) | Gloves (leather) | Hat (leather) | Rouncey,-8.62,YES,Théurgique,Magie Verte,-2,-2,-5,-8,-1,119.4,57.5,-7,2,-6,5,-5,5,2,-4,6,-5,Vision dans le noir + Robustesse naine,2026-05-28 13:35:34
CH-00525,Human,Chondathan,Western Heartlands,Rural Village,Groupe3_Coeur_Continental,Plains Tracking | Advanced Tracking | Open Land Navigation,,Aberration Lore | Divine Myths & Legends | Secret Organizations | Major Religions & Deities,Weapons & Armor Smithing | Poison Lore & Application,Chondathan,Chessentan | Chondathan,911,293.4,universal_standard,1,Modest,Rouncey | Gorget (élevé),825.0,86,Belt (leather) + Belt pouch (large) | Map case + blank regional map | Lamp oil (flacon) x3 | Grappling hook | 10' pole | Crowbar (standard) | Bâton de marche / Walking Staff | Gorget (élevé),Backpack (medium leather) | Tent 2-man leather | Sleeping furs (light) | Blanket (heavy) | Field rations (basic) x7 | Waterskin (1 gal) x2 | Canteen (1 pt) | Lantern (hooded) | Rope (standard 50') | Hammer + 10 pitons | Flint & steel | Tinderbox | Cloak (wool hooded) | Boots (normal leather) | Gloves (leather) | Hat (leather) | Rouncey,-11.31,YES,Arcanique,Magicien,-5,-5,-2,-6,5,159.2,60.6,-1,2,-10,-6,2,7,2,-2,-1,-12,Aucun,2026-05-28 13:35:34
CH-00526,Half-elf,Wild Half-elf,Silver Marches (Luruar),Forest Village,Groupe7_Marches_Argent,Advanced Tracking | Technical Rock Climbing | Wild Plant Foraging | Complex Terrain Navigation | Mountain Endurance,,Astronomy & Star Navigation | Fall of Myth Drannor | Divine Myths & Legends | Cultural Interactions,Cartography | Fireworks Making | Cabinetmaking & Marquetry,Sylvestre | Thorass,Elfique | Illuskan | Reghed | Sylvestre,578,293.4,universal_standard,1,Modest,Short bow | Tassets longs | Quiver,580.0,-2,Belt (leather) + Belt pouch (large) | Map case + blank regional map | Lamp oil (flacon) x3 | Grappling hook | 10' pole | Crowbar (standard) | Bâton de marche / Walking Staff | Short bow | Tassets longs | Quiver,Backpack (medium leather) | Tent 2-man leather | Sleeping furs (light) | Blanket (heavy) | Field rations (basic) x7 | Waterskin (1 gal) x2 | Canteen (1 pt) | Lantern (hooded) | Rope (standard 50') | Hammer + 10 pitons | Flint & steel | Tinderbox | Cloak (wool hooded) | Boots (normal leather) | Gloves (leather) | Hat (leather),5.66,NO,None,,-1,0,3,0,5,165.0,63.9,-1,1,4,2,2,6,-2,4,3,4,Méditation + Immunité sommeil + VN (N1),2026-05-28 13:35:34
CH-00527,Human,Chondathan,The Dalelands,Forest Village,Groupe3_Coeur_Continental,Open Land Navigation | Forest Stealth | Advanced Tracking | Wild Plant Foraging | Plains Tracking,,Geography of Faerûn | Major Religions & Deities | Spellplague & Its Aftermath | Political Currents & Rivalries,Cartography | Embroidery & Fine Sewing,Chondathan,Chondathan | Druidic | Elfique,1056,293.4,universal_standard,1,Modest,Kettle hat | Arming Sword | Buckler,950.0,106,Belt (leather) + Belt pouch (large) | Map case + blank regional map | Lamp oil (flacon) x3 | Grappling hook | 10' pole | Crowbar (standard) | Bâton de marche / Walking Staff | Arming Sword | Buckler,Backpack (medium leather) | Tent 2-man leather | Sleeping furs (light) | Blanket (heavy) | Field rations (basic) x7 | Waterskin (1 gal) x2 | Canteen (1 pt) | Lantern (hooded) | Rope (standard 50') | Hammer + 10 pitons | Flint & steel | Tinderbox | Cloak (wool hooded) | Boots (normal leather) | Gloves (leather) | Hat (leather) | Kettle hat,-1.0,NO,None,,0,-1,1,-1,13,175.4,83.2,1,-6,-3,3,1,-4,0,-3,-5,-2,Aucun,2026-05-28 13:35:34
CH-00528,Half-elf,Sea Half-elf,The Whalebones,Fishing Village,Groupe3_Coeur_Continental,Coastal Survival | Oceanic Navigation | Technical Rock Climbing | Dark Water Swimming | Underground Navigation,,Secret Organizations | Ruins & Major Archaeological Sites | Dwarven Culture,Shipbuilding | Masonry | Smithing & Metallurgy,Elfique,Aquan | Elfique | Illuskan,457,293.4,universal_standard,0,None,"Lancet, bleeding",2.0,455,"Belt (leather) + Belt pouch (large) | Map case + blank regional map | Lamp oil (flacon) x3 | Grappling hook | 10' pole | Crowbar (standard) | Bâton de marche / Walking Staff | Lancet, bleeding",Backpack (medium leather) | Tent 2-man leather | Sleeping furs (light) | Blanket (heavy) | Field rations (basic) x7 | Waterskin (1 gal) x2 | Canteen (1 pt) | Lantern (hooded) | Rope (standard 50') | Hammer + 10 pitons | Flint & steel | Tinderbox | Cloak (wool hooded) | Boots (normal leather) | Gloves (leather) | Hat (leather),-1.82,NO,None,,-3,-1,-3,1,10,177.3,63.9,1,-3,5,0,-4,0,-1,7,-2,5,Respiration aquatique,2026-05-28 13:35:34
CH-00529,Human,Vaasan,The Cold Lands,Mountain Village,Groupe3_Coeur_Continental,Extreme Cold Resistance | Snow and Ice Shelter Building | Arctic Hunting | Forced March Endurance | Mountain Endurance | Technical Rock Climbing,Streetwise (Urban Underworld),Major Cities & Regions | Aberration Lore | Major Religions & Deities,Navigation (Land & Sea),Géant,Géant | Illuskan | Sossrim,415,293.4,universal_standard,0,None,Backpack (medium leather) | Buckler,224.0,191,Belt (leather) + Belt pouch (large) | Map case + blank regional map | Lamp oil (flacon) x3 | Grappling hook | 10' pole | Crowbar (standard) | Bâton de marche / Walking Staff | Buckler,Backpack (medium leather) | Tent 2-man leather | Sleeping furs (light) | Blanket (heavy) | Field rations (basic) x7 | Waterskin (1 gal) x2 | Canteen (1 pt) | Lantern (hooded) | Rope (standard 50') | Hammer + 10 pitons | Flint & steel | Tinderbox | Cloak (wool hooded) | Boots (normal leather) | Gloves (leather) | Hat (leather) | Backpack (medium leather),-3.07,YES,Théurgique,Magie Blanche,2,-1,-5,-2,3,169.2,83.2,0,-4,0,-2,-4,7,-2,1,-6,-1,Aucun,2026-05-28 13:35:34
CH-00530,Human,Reghedman,Le Nord (The North),Farming Hamlet,Groupe5_Nord_Sauvage,Extreme Cold Resistance | Subterranean Hazard Resistance | Arctic Hunting,,Major Religions & Deities | Geography of Faerûn | Elven Culture | Genasi & Elemental Peoples,Animal Husbandry & Training,Illuskan | Géant,Géant | Illuskan,609,293.4,universal_standard,1,Modest,"Waterskin (1 gal) | Rouncey | Lancet, bleeding",455.0,154,"Belt (leather) + Belt pouch (large) | Map case + blank regional map | Lamp oil (flacon) x3 | Grappling hook | 10' pole | Crowbar (standard) | Bâton de marche / Walking Staff | Lancet, bleeding",Backpack (medium leather) | Tent 2-man leather | Sleeping furs (light) | Blanket (heavy) | Field rations (basic) x7 | Waterskin (1 gal) x2 | Canteen (1 pt) | Lantern (hooded) | Rope (standard 50') | Hammer + 10 pitons | Flint & steel | Tinderbox | Cloak (wool hooded) | Boots (normal leather) | Gloves (leather) | Hat (leather) | Waterskin (1 gal) | Rouncey,-12.63,YES,Arcanique,Magicien,-3,-5,-8,-5,9,160.4,74.8,-1,-13,-1,0,-7,3,-5,-4,-11,-1,Aucun,2026-05-28 13:35:34
CH-00531,Human,Calishite,Calimshan,Major Port City,Groupe2_Sud_Marchand,Plains Tracking,City Secrets & Hidden Routes | Urban Stealth & Shadowing | Urban Observation and Tailing | City Secrets & Hidden Routes | City Secrets & Hidden Routes,Major Religions & Deities | Nobility & Heraldry | Genasi & Elemental Peoples | Political Currents & Rivalries,Accounting & Estate Management | Poison Lore & Application | Dyeing & Textile Coloring,Calishite | Thorass,Calishite | Tashalan,4120,293.4,universal_standard,3,Wealthy,Destrier (quality) | Kettle hat | Lucerne Hammer,3900.0,220,Belt (leather) + Belt pouch (large) | Map case + blank regional map | Lamp oil (flacon) x3 | Grappling hook | 10' pole | Crowbar (standard) | Bâton de marche / Walking Staff | Destrier (quality),Backpack (medium leather) | Tent 2-man leather | Sleeping furs (light) | Blanket (heavy) | Field rations (basic) x7 | Waterskin (1 gal) x2 | Canteen (1 pt) | Lantern (hooded) | Rope (standard 50') | Hammer + 10 pitons | Flint & steel | Tinderbox | Cloak (wool hooded) | Boots (normal leather) | Gloves (leather) | Hat (leather) | Kettle hat | Lucerne Hammer,38.06,NO,None,,7,5,1,6,-1,196.8,97.4,3,2,6,4,-1,2,-4,5,1,7,Aucun,2026-05-28 13:35:34
CH-00532,Human,Mulan,Mulhorand,Nomad Camp,Groupe8_Mulhorand,Open Land Navigation | Marsh Movement | Advanced Tracking | Desert Water Mastery | Weather Reading,,Halfling Culture | Divine Myths & Legends | Guilds & Organizations | Legendary Artifacts & Relics,Papermaking & Ink Making | Leatherworking & Tanning,Thayan,Mulhorandi | Thayan,977,293.4,universal_standard,1,Modest,Voulge,720.0,257,Belt (leather) + Belt pouch (large) | Map case + blank regional map | Lamp oil (flacon) x3 | Grappling hook | 10' pole | Crowbar (standard) | Bâton de marche / Walking Staff | Voulge,Backpack (medium leather) | Tent 2-man leather | Sleeping furs (light) | Blanket (heavy) | Field rations (basic) x7 | Waterskin (1 gal) x2 | Canteen (1 pt) | Lantern (hooded) | Rope (standard 50') | Hammer + 10 pitons | Flint & steel | Tinderbox | Cloak (wool hooded) | Boots (normal leather) | Gloves (leather) | Hat (leather),2.66,NO,None,,-1,0,3,-1,10,163.4,71.0,-1,0,-2,5,2,-3,-4,2,3,-1,Aucun,2026-05-28 13:35:34
CH-00533,Human,Illuskan,Luskan,Fishing Village,Groupe1_Cote_des_Epees,Oceanic Navigation | Marsh Disease Resistance | Deep-Sea Fishing | Storm and Seasickness Mastery,Urban Stealth & Shadowing | Guild Knowledge & Politics,Major Cities & Regions | Spellplague & Its Aftermath | Divine Myths & Legends,Preservation & Salting | Dyeing & Textile Coloring,Chondathan,Chondathan | Illuskan,839,293.4,universal_standard,0,None,Mail coif,220.0,619,Belt (leather) + Belt pouch (large) | Map case + blank regional map | Lamp oil (flacon) x3 | Grappling hook | 10' pole | Crowbar (standard) | Bâton de marche / Walking Staff | Mail coif,Backpack (medium leather) | Tent 2-man leather | Sleeping furs (light) | Blanket (heavy) | Field rations (basic) x7 | Waterskin (1 gal) x2 | Canteen (1 pt) | Lantern (hooded) | Rope (standard 50') | Hammer + 10 pitons | Flint & steel | Tinderbox | Cloak (wool hooded) | Boots (normal leather) | Gloves (leather) | Hat (leather),0.64,NO,None,,-1,0,2,-1,7,172.4,71.0,0,3,-7,4,3,6,5,-2,4,-6,Aucun,2026-05-28 13:35:34
CH-00534,Human,Tethyrian,Tethyr,Isolated Farmstead,Groupe2_Sud_Marchand,Advanced Tracking | Open Land Navigation | Weather Reading | Desert Water Mastery,,Legendary Artifacts & Relics | Ruins & Major Archaeological Sites | Halfling Culture | Elven Culture,Animal Husbandry & Training | Leatherworking & Tanning | Locksmithing & Mechanisms,Cormyrian | Thorass,Cormyrian | Tethyrian,1804,293.4,universal_standard,1,Modest,Backpack (large leather) | Sallet ou Armet (classique),557.0,1247,Belt (leather) + Belt pouch (large) | Map case + blank regional map | Lamp oil (flacon) x3 | Grappling hook | 10' pole | Crowbar (standard) | Bâton de marche / Walking Staff | Sallet ou Armet (classique),Backpack (medium leather) | Tent 2-man leather | Sleeping furs (light) | Blanket (heavy) | Field rations (basic) x7 | Waterskin (1 gal) x2 | Canteen (1 pt) | Lantern (hooded) | Rope (standard 50') | Hammer + 10 pitons | Flint & steel | Tinderbox | Cloak (wool hooded) | Boots (normal leather) | Gloves (leather) | Hat (leather) | Backpack (large leather),0.36,NO,None,,1,1,-4,1,10,165.0,63.9,-1,3,9,-5,-4,-4,-5,2,0,7,Aucun,2026-05-28 13:35:34
CH-00535,Human,Chondathan,Sword Coast,Major Port City,Groupe1_Cote_des_Epees,Plains Tracking | Open Land Navigation,Sleight of Hand & Cheating | Sleight of Hand & Cheating | Disguise & Impersonation | Black Market Operations,"Festivals, Calendars & Traditions | Major Cities & Regions | Trade Routes & Commerce | Geography of Faerûn",Smithing & Metallurgy | Shipbuilding | Candle & Soap Making,Chondathan,Chondathan | Elfique | Turmish,1998,293.4,universal_standard,2,Comfortable,Plackart | Maul | Tassets longs | Buckler,1390.0,608,Belt (leather) + Belt pouch (large) | Map case + blank regional map | Lamp oil (flacon) x3 | Grappling hook | 10' pole | Crowbar (standard) | Bâton de marche / Walking Staff | Plackart | Maul | Tassets longs | Buckler,Backpack (medium leather) | Tent 2-man leather | Sleeping furs (light) | Blanket (heavy) | Field rations (basic) x7 | Waterskin (1 gal) x2 | Canteen (1 pt) | Lantern (hooded) | Rope (standard 50') | Hammer + 10 pitons | Flint & steel | Tinderbox | Cloak (wool hooded) | Boots (normal leather) | Gloves (leather) | Hat (leather),-9.99,YES,Arcanique,Magicien,-6,-3,-3,-3,-2,149.8,49.1,-3,3,3,-5,-1,3,5,3,2,1,Aucun,2026-05-28 13:35:34
CH-00536,Human,Calishite,Calimshan,Major Trade City,Groupe2_Sud_Marchand,,Streetwise (Urban Underworld) | Black Market Operations | Urban Observation and Tailing | Fences and Buyers Network | Forgery of Documents & Seals,"Major Cities & Regions | Laws & Customs of Nations | Festivals, Calendars & Traditions | Trade Routes & Commerce",Dyeing & Textile Coloring | Clockmaking & Complex Mechanisms,Thorass,Calishite | Chondathan | Infernal,3877,293.4,universal_standard,3,Wealthy,Besagews (paire) | Bevor | Cranequin Crossbow | Buckler | Quiver,2840.0,1037,Belt (leather) + Belt pouch (large) | Map case + blank regional map | Lamp oil (flacon) x3 | Grappling hook | 10' pole | Crowbar (standard) | Bâton de marche / Walking Staff | Besagews (paire) | Bevor | Cranequin Crossbow | Buckler | Quiver,Backpack (medium leather) | Tent 2-man leather | Sleeping furs (light) | Blanket (heavy) | Field rations (basic) x7 | Waterskin (1 gal) x2 | Canteen (1 pt) | Lantern (hooded) | Rope (standard 50') | Hammer + 10 pitons | Flint & steel | Tinderbox | Cloak (wool hooded) | Boots (normal leather) | Gloves (leather) | Hat (leather),-2.78,YES,Théurgique,Magie Blanche,-3,-2,1,0,1,177.2,71.0,1,-7,0,4,0,2,2,10,-4,1,Aucun,2026-05-28 13:35:34
CH-00537,Human,Damaran,Damara,Mountain Village,Groupe5_Nord_Sauvage,Technical Rock Climbing | Primitive Fire Mastery | Hermetic Medicine | Complex Terrain Navigation | Mountain Endurance | Extreme Cold Resistance,Fences and Buyers Network | Temple Politics & Religious Intrigue,"Nobility & Heraldry | Cosmology (Weave, Shadow Weave)",Glassworking | Locksmithing & Mechanisms,None,Chondathan | Illuskan | Vaasan,910,293.4,universal_standard,1,Modest,"Courser | Lancet, bleeding",622.0,288,"Belt (leather) + Belt pouch (large) | Map case + blank regional map | Lamp oil (flacon) x3 | Grappling hook | 10' pole | Crowbar (standard) | Bâton de marche / Walking Staff | Lancet, bleeding",Backpack (medium leather) | Tent 2-man leather | Sleeping furs (light) | Blanket (heavy) | Field rations (basic) x7 | Waterskin (1 gal) x2 | Canteen (1 pt) | Lantern (hooded) | Rope (standard 50') | Hammer + 10 pitons | Flint & steel | Tinderbox | Cloak (wool hooded) | Boots (normal leather) | Gloves (leather) | Hat (leather) | Courser,4.12,NO,None,,2,1,-3,2,10,186.8,83.2,2,-1,3,0,-3,2,-4,7,-3,3,Aucun,2026-05-28 13:35:34
CH-00538,Human,Chondathan,Sword Coast,Major Port City,Groupe1_Cote_des_Epees,,Lockpicking and Trap Disarming | Information Brokerage | High Society Manipulation | Criminal Organizations & Syndicates | Urban Stealth & Shadowing,Magical Schools & Traditions | Laws & Customs of Nations | Major Cities & Regions | Major Religions & Deities,Smithing & Metallurgy | Magical Goldsmithing (Theoretical) | Cartography,Elfique | Chondathan,Chondathan | Elfique,2059,293.4,universal_standard,1,Modest,Gorget (élevé) | Longbow | Buckler | Quiver,810.0,1249,Belt (leather) + Belt pouch (large) | Map case + blank regional map | Lamp oil (flacon) x3 | Grappling hook | 10' pole | Crowbar (standard) | Bâton de marche / Walking Staff | Gorget (élevé) | Longbow | Buckler | Quiver,Backpack (medium leather) | Tent 2-man leather | Sleeping furs (light) | Blanket (heavy) | Field rations (basic) x7 | Waterskin (1 gal) x2 | Canteen (1 pt) | Lantern (hooded) | Rope (standard 50') | Hammer + 10 pitons | Flint & steel | Tinderbox | Cloak (wool hooded) | Boots (normal leather) | Gloves (leather) | Hat (leather),33.43,NO,None,,6,4,3,5,-2,183.4,83.2,2,8,4,-1,3,1,0,11,4,3,Aucun,2026-05-28 13:35:34
CH-00539,Gnome,Rock Gnome,Silver Marches (Luruar),Forest Village,Groupe7_Marches_Argent,Mountain Endurance | Advanced Tracking | Wild Plant Foraging,,History of the Realms | Political Currents & Rivalries | Elven Culture | Court Etiquette & Protocol,Fireworks Making | Taxidermy,Gnomish | Thorass,Gnomish | Reghed,688,293.4,universal_standard,1,Modest,Lance | Leather chanfron | Buckler,600.0,88,Belt (leather) + Belt pouch (large) | Map case + blank regional map | Lamp oil (flacon) x3 | Grappling hook | 10' pole | Crowbar (standard) | Bâton de marche / Walking Staff | Lance | Leather chanfron | Buckler,Backpack (medium leather) | Tent 2-man leather | Sleeping furs (light) | Blanket (heavy) | Field rations (basic) x7 | Waterskin (1 gal) x2 | Canteen (1 pt) | Lantern (hooded) | Rope (standard 50') | Hammer + 10 pitons | Flint & steel | Tinderbox | Cloak (wool hooded) | Boots (normal leather) | Gloves (leather) | Hat (leather),-11.43,YES,Sauvage,Magie Verte,-10,-4,-4,-4,-7,121.0,33.9,-7,7,3,2,-5,-1,7,4,13,3,Vision nocturne N1,2026-05-28 13:35:34
CH-00540,Human,Calishite,Calimshan,Large Town,Groupe2_Sud_Marchand,Plains Tracking | Desert Water Mastery | Desert Thermal Endurance | Open Land Navigation,Temple Politics & Religious Intrigue | Streetwise (Urban Underworld) | Black Market Operations,Major Cities & Regions | Divine Myths & Legends | History of the Realms,Engraving on Metal & Gems | Accounting & Estate Management,Chondathan,Chondathan | Halruaan | Mulhorandi,2347,293.4,universal_standard,2,Comfortable,"Camel, riding | Courser | Lancet, bleeding",2122.0,225,"Belt (leather) + Belt pouch (large) | Map case + blank regional map | Lamp oil (flacon) x3 | Grappling hook | 10' pole | Crowbar (standard) | Bâton de marche / Walking Staff | Lancet, bleeding","Backpack (medium leather) | Tent 2-man leather | Sleeping furs (light) | Blanket (heavy) | Field rations (basic) x7 | Waterskin (1 gal) x2 | Canteen (1 pt) | Lantern (hooded) | Rope (standard 50') | Hammer + 10 pitons | Flint & steel | Tinderbox | Cloak (wool hooded) | Boots (normal leather) | Gloves (leather) | Hat (leather) | Camel, riding | Courser",13.87,NO,None,,-6,-1,8,0,3,162.2,57.5,-1,-4,2,11,4,0,-2,7,5,5,Aucun,2026-05-28 13:35:34
CH-00541,Human,Tethyrian,Amn,Large Town,Groupe2_Sud_Marchand,Wild Plant Foraging,Urban Observation and Tailing | Fences and Buyers Network | Streetwise (Urban Underworld),Political Currents & Rivalries | Geography of Faerûn | History of Magic,Masonry,Sembian,Chondathan | Sembian | Tethyrian,2671,293.4,universal_standard,2,Comfortable,Shamshir | Plackart,980.0,1691,Belt (leather) + Belt pouch (large) | Map case + blank regional map | Lamp oil (flacon) x3 | Grappling hook | 10' pole | Crowbar (standard) | Bâton de marche / Walking Staff | Shamshir | Plackart,Backpack (medium leather) | Tent 2-man leather | Sleeping furs (light) | Blanket (heavy) | Field rations (basic) x7 | Waterskin (1 gal) x2 | Canteen (1 pt) | Lantern (hooded) | Rope (standard 50') | Hammer + 10 pitons | Flint & steel | Tinderbox | Cloak (wool hooded) | Boots (normal leather) | Gloves (leather) | Hat (leather),-2.62,YES,Sauvage,Magie Blanche,0,0,-2,-1,-2,165.0,67.4,-1,7,-3,-1,-1,0,3,11,5,-4,Aucun,2026-05-28 13:35:34
CH-00542,Human,Chondathan,Chondath,Fishing Village,Groupe4_Vilhon_Est,Plains Tracking | Coastal Survival | Oceanic Navigation | Littoral Foraging | Advanced Tracking,,"Major Religions & Deities | Geography of Faerûn | Ancient Realms (Netheril, Imaskar...) | Major Cities & Regions",Cartography,Chondathan | Illuskan,Chondathan | Cormyrian | Illuskan,1163,293.4,universal_standard,2,Comfortable,Close Helmet (Maximilian),975.0,188,Belt (leather) + Belt pouch (large) | Map case + blank regional map | Lamp oil (flacon) x3 | Grappling hook | 10' pole | Crowbar (standard) | Bâton de marche / Walking Staff | Close Helmet (Maximilian),Backpack (medium leather) | Tent 2-man leather | Sleeping furs (light) | Blanket (heavy) | Field rations (basic) x7 | Waterskin (1 gal) x2 | Canteen (1 pt) | Lantern (hooded) | Rope (standard 50') | Hammer + 10 pitons | Flint & steel | Tinderbox | Cloak (wool hooded) | Boots (normal leather) | Gloves (leather) | Hat (leather),1.02,NO,None,,-2,0,0,2,5,159.3,57.5,-1,2,6,3,-2,2,-1,2,5,7,Aucun,2026-05-28 13:35:34
CH-00543,Human,Chondathan,The Dalelands,Rural Village,Groupe3_Coeur_Continental,Forest Stealth | Open Land Navigation | Advanced Tracking | Wild Plant Foraging | Plains Tracking,Sleight of Hand & Cheating,Lost Kingdoms & Cities | Trade Routes & Commerce | Dragon Lore,Perfumery & Cosmetics | Ritual Object Crafting,Elfique,Chondathan | Elfique | Illuskan,944,293.4,universal_standard,1,Modest,Cuisses (renforcées),680.0,264,Belt (leather) + Belt pouch (large) | Map case + blank regional map | Lamp oil (flacon) x3 | Grappling hook | 10' pole | Crowbar (standard) | Bâton de marche / Walking Staff | Cuisses (renforcées),Backpack (medium leather) | Tent 2-man leather | Sleeping furs (light) | Blanket (heavy) | Field rations (basic) x7 | Waterskin (1 gal) x2 | Canteen (1 pt) | Lantern (hooded) | Rope (standard 50') | Hammer + 10 pitons | Flint & steel | Tinderbox | Cloak (wool hooded) | Boots (normal leather) | Gloves (leather) | Hat (leather),30.66,NO,None,,5,4,5,3,0,173.8,83.2,0,3,4,7,2,-4,-4,8,5,6,Aucun,2026-05-28 13:35:34
CH-00544,Human,Calishite,Calimshan,Large Town,Groupe2_Sud_Marchand,Wild Plant Foraging | Plains Tracking | Desert Water Mastery | Open Land Navigation,Criminal Organizations & Syndicates | Disguise & Impersonation | Disguise & Impersonation | Criminal Organizations & Syndicates,Religious Cults & Orders | Major Cities & Regions | Political Currents & Rivalries,Smithing & Metallurgy | Rare Dye Making | Jewelry & Goldsmithing,Chondathan,Chondathan | Infernal | Mulhorandi,2875,293.4,universal_standard,3,Wealthy,"Light Crossbow | Garde-reins | Camel, riding | Tassets | Quiver",2690.0,185,Belt (leather) + Belt pouch (large) | Map case + blank regional map | Lamp oil (flacon) x3 | Grappling hook | 10' pole | Crowbar (standard) | Bâton de marche / Walking Staff | Light Crossbow | Garde-reins | Tassets | Quiver,"Backpack (medium leather) | Tent 2-man leather | Sleeping furs (light) | Blanket (heavy) | Field rations (basic) x7 | Waterskin (1 gal) x2 | Canteen (1 pt) | Lantern (hooded) | Rope (standard 50') | Hammer + 10 pitons | Flint & steel | Tinderbox | Cloak (wool hooded) | Boots (normal leather) | Gloves (leather) | Hat (leather) | Camel, riding",-3.64,YES,Théurgique,Magie Blanche,-4,-1,1,-1,-1,160.7,60.6,-1,1,-4,7,0,-3,-1,-3,6,-2,Aucun,2026-05-28 13:35:34
CH-00545,Human,Imaskari,Mulhorand,Metropolis,Groupe8_Mulhorand,Weather Reading | Underground Navigation | Advanced Tracking,Black Market Operations | Streetwise (Urban Underworld) | Sleight of Hand & Cheating | Urban Stealth & Shadowing | Streetwise (Urban Underworld) | Forgery of Documents & Seals,Major Religions & Deities | Nobility & Heraldry | Fey & Feywild Knowledge,Alchemy (Theory & Practice),Draconique,Draconique | Imaskari,2569,293.4,universal_standard,2,Comfortable,Close Helmet (Maximilian) | Fauld,1780.0,789,Belt (leather) + Belt pouch (large) | Map case + blank regional map | Lamp oil (flacon) x3 | Grappling hook | 10' pole | Crowbar (standard) | Bâton de marche / Walking Staff | Close Helmet (Maximilian) | Fauld,Backpack (medium leather) | Tent 2-man leather | Sleeping furs (light) | Blanket (heavy) | Field rations (basic) x7 | Waterskin (1 gal) x2 | Canteen (1 pt) | Lantern (hooded) | Rope (standard 50') | Hammer + 10 pitons | Flint & steel | Tinderbox | Cloak (wool hooded) | Boots (normal leather) | Gloves (leather) | Hat (leather),-1.0,NO,None,,-1,-1,1,0,11,174.0,71.0,0,-4,4,0,1,13,-4,4,-4,4,Aucun,2026-05-28 13:35:34
CH-00546,Human,Reghedman,Icewind Dale,Farming Hamlet,Groupe5_Nord_Sauvage,Extreme Cold Resistance | Snow and Ice Shelter Building | Total Darkness Navigation | Signaling and Rescue | Dark Water Swimming | Desert Water Mastery,Urban Stealth & Shadowing | Poison Lore & Subtle Application,Dwarven Culture | Major Religions & Deities | Local Folklore & Legends | Divine Myths & Legends,Weapons & Armor Smithing | Stoneworking,Uthgardt | Illuskan,Illuskan | Reghed | Uthgardt,353,293.4,universal_standard,0,None,"Lancet, bleeding",2.0,351,"Belt (leather) + Belt pouch (large) | Map case + blank regional map | Lamp oil (flacon) x3 | Grappling hook | 10' pole | Crowbar (standard) | Bâton de marche / Walking Staff | Lancet, bleeding",Backpack (medium leather) | Tent 2-man leather | Sleeping furs (light) | Blanket (heavy) | Field rations (basic) x7 | Waterskin (1 gal) x2 | Canteen (1 pt) | Lantern (hooded) | Rope (standard 50') | Hammer + 10 pitons | Flint & steel | Tinderbox | Cloak (wool hooded) | Boots (normal leather) | Gloves (leather) | Hat (leather),3.87,NO,None,,4,1,-5,-1,9,173.8,83.2,0,6,-3,-4,-3,4,1,-3,0,-5,Aucun,2026-05-28 13:35:34
CH-00547,Dwarf,Shield Dwarf,Citadel Adbar,Dwarven Fortress,Groupe6_Bloc_Nain,Technical Rock Climbing,Urban Stealth & Shadowing | City Secrets & Hidden Routes | Urban Observation and Tailing | Forgery of Documents & Seals | Streetwise (Urban Underworld) | City Secrets & Hidden Routes,Local Folklore & Legends | Geography of Faerûn | Cultural Interactions,Brewing & Distilling,Undercommon,Nain | Undercommon,1184,293.4,universal_standard,1,Modest,Longsword,650.0,534,Belt (leather) + Belt pouch (large) | Map case + blank regional map | Lamp oil (flacon) x3 | Grappling hook | 10' pole | Crowbar (standard) | Bâton de marche / Walking Staff | Longsword,Backpack (medium leather) | Tent 2-man leather | Sleeping furs (light) | Blanket (heavy) | Field rations (basic) x7 | Waterskin (1 gal) x2 | Canteen (1 pt) | Lantern (hooded) | Rope (standard 50') | Hammer + 10 pitons | Flint & steel | Tinderbox | Cloak (wool hooded) | Boots (normal leather) | Gloves (leather) | Hat (leather),20.63,NO,None,,6,4,1,-2,-3,141.3,83.2,-4,4,-1,10,-2,1,7,2,7,2,Vision dans le noir + Robustesse naine,2026-05-28 13:35:34
CH-00548,Human,Calishite,Tethyr,Rural Village,Groupe2_Sud_Marchand,Desert Thermal Endurance | Desert Water Mastery | Open Land Navigation | Wild Plant Foraging | Plains Tracking,Urban Observation and Tailing,Political Currents & Rivalries | History of the Realms | Local Folklore & Legends | History of Magic,Stoneworking,Lantanna | Thorass,Calishite | Chondathan | Lantanna | Thorass,1550,293.4,universal_standard,2,Comfortable,Simple Breastplate | Poleaxe,1200.0,350,Belt (leather) + Belt pouch (large) | Map case + blank regional map | Lamp oil (flacon) x3 | Grappling hook | 10' pole | Crowbar (standard) | Bâton de marche / Walking Staff | Simple Breastplate | Poleaxe,Backpack (medium leather) | Tent 2-man leather | Sleeping furs (light) | Blanket (heavy) | Field rations (basic) x7 | Waterskin (1 gal) x2 | Canteen (1 pt) | Lantern (hooded) | Rope (standard 50') | Hammer + 10 pitons | Flint & steel | Tinderbox | Cloak (wool hooded) | Boots (normal leather) | Gloves (leather) | Hat (leather),18.92,NO,None,,4,3,3,2,3,189.9,97.4,2,-5,2,6,1,2,4,0,-4,4,Aucun,2026-05-28 13:35:34
CH-00549,Human,Chondathan,Vilhon Reach,Remote Trading Post,Groupe4_Vilhon_Est,Weather Reading | Plains Tracking | Advanced Tracking,,Orc & Goblinoid Culture | Religious Cults & Orders | Guilds & Organizations | Weave Theory,Leatherworking & Tanning | Alchemy (Theory & Practice) | Cabinetmaking & Marquetry,Cormyrian | Chondathan,Chondathan | Cormyrian,1496,293.4,universal_standard,2,Comfortable,Heater shield | Maille collerette ou manches | Rouncey | Gorget (élevé),1225.0,271,Belt (leather) + Belt pouch (large) | Map case + blank regional map | Lamp oil (flacon) x3 | Grappling hook | 10' pole | Crowbar (standard) | Bâton de marche / Walking Staff | Heater shield | Maille collerette ou manches | Gorget (élevé),Backpack (medium leather) | Tent 2-man leather | Sleeping furs (light) | Blanket (heavy) | Field rations (basic) x7 | Waterskin (1 gal) x2 | Canteen (1 pt) | Lantern (hooded) | Rope (standard 50') | Hammer + 10 pitons | Flint & steel | Tinderbox | Cloak (wool hooded) | Boots (normal leather) | Gloves (leather) | Hat (leather) | Rouncey,7.92,NO,None,,0,2,2,2,6,171.0,67.4,0,3,5,2,1,2,-5,1,4,5,Aucun,2026-05-28 13:35:34
CH-00550,Dwarf,Gray Dwarf,Underdark,Underdark City,Groupe14_Underdark,Hermetic Medicine | Underground Navigation,Black Market Operations | Temple Politics & Religious Intrigue | Black Market Operations,Laws & Customs of Nations | History of the Realms | Guilds & Organizations | Secret Organizations,Stoneworking | Poison Lore & Application | Smithing & Metallurgy,Undercommon,Draconique | Nain | Undercommon,932,293.4,universal_standard,1,Modest,Pike | Lockpicks (average),410.0,522,Belt (leather) + Belt pouch (large) | Map case + blank regional map | Lamp oil (flacon) x3 | Grappling hook | 10' pole | Crowbar (standard) | Bâton de marche / Walking Staff | Pike | Lockpicks (average),Backpack (medium leather) | Tent 2-man leather | Sleeping furs (light) | Blanket (heavy) | Field rations (basic) x7 | Waterskin (1 gal) x2 | Canteen (1 pt) | Lantern (hooded) | Rope (standard 50') | Hammer + 10 pitons | Flint & steel | Tinderbox | Cloak (wool hooded) | Boots (normal leather) | Gloves (leather) | Hat (leather),-4.29,YES,Théurgique,Magie Verte,-3,-2,1,-6,-4,125.0,54.6,-6,4,-5,4,1,0,5,-6,8,-4,Invisibilité + Agrandissement,2026-05-28 13:35:34
CH-00551,Human,Mulan,Unther,Small Town,Groupe12_Old_Empires,Marsh Movement | Underground Navigation,Criminal Organizations & Syndicates | Streetwise (Urban Underworld) | Smuggling Networks | Streetwise (Urban Underworld),Local Folklore & Legends | Political Currents & Rivalries,Navigation (Land & Sea) | Locksmithing & Mechanisms,Untheric,Mulhorandi | Untheric,1286,293.4,universal_standard,2,Comfortable,Leather barding | Light Crossbow | Quiver,1215.0,71,Belt (leather) + Belt pouch (large) | Map case + blank regional map | Lamp oil (flacon) x3 | Grappling hook | 10' pole | Crowbar (standard) | Bâton de marche / Walking Staff | Leather barding | Light Crossbow | Quiver,Backpack (medium leather) | Tent 2-man leather | Sleeping furs (light) | Blanket (heavy) | Field rations (basic) x7 | Waterskin (1 gal) x2 | Canteen (1 pt) | Lantern (hooded) | Rope (standard 50') | Hammer + 10 pitons | Flint & steel | Tinderbox | Cloak (wool hooded) | Boots (normal leather) | Gloves (leather) | Hat (leather),-6.94,YES,Arcanique,Magicien,-1,-2,-3,-3,5,169.4,71.0,0,5,-8,-6,1,1,-3,-2,0,-10,Aucun,2026-05-28 13:35:34
CH-00552,Half-elf,Moon Half-elf,Baldur's Gate,Major Port City,Groupe1_Cote_des_Epees,,Urban Observation and Tailing | Lockpicking and Trap Disarming | Guild Knowledge & Politics | Noble Houses & Court Intrigue | Black Market Operations | Streetwise (Urban Underworld),Court Etiquette & Protocol | Geography of Faerûn | Local Folklore & Legends | Major Religions & Deities,Embroidery & Fine Sewing | Accounting & Estate Management | Ceramics & Pottery,Chondathan | Thorass,Chondathan | Elfique,4769,293.4,universal_standard,3,Wealthy,Destrier (quality) | Waterskin (1 gal) | Courser | Coat (leather) | Heavy Crossbow | Quiver,4631.0,138,Belt (leather) + Belt pouch (large) | Map case + blank regional map | Lamp oil (flacon) x3 | Grappling hook | 10' pole | Crowbar (standard) | Bâton de marche / Walking Staff | Destrier (quality) | Heavy Crossbow | Quiver,Backpack (medium leather) | Tent 2-man leather | Sleeping furs (light) | Blanket (heavy) | Field rations (basic) x7 | Waterskin (1 gal) x2 | Canteen (1 pt) | Lantern (hooded) | Rope (standard 50') | Hammer + 10 pitons | Flint & steel | Tinderbox | Cloak (wool hooded) | Boots (normal leather) | Gloves (leather) | Hat (leather) | Waterskin (1 gal) | Courser | Coat (leather),-8.63,YES,Théurgique,Magie Verte,-5,-4,-7,-1,3,171.2,57.5,0,-1,3,-8,-4,-4,4,-8,-4,0,Méditation + Immunité sommeil + VN (N1),2026-05-28 13:35:34
CH-00553,Human,Rashemi,Aglarond,Logging Camp,Groupe4_Vilhon_Est,Shelter Construction | Marsh Movement | Forest Stealth | Wild Plant Foraging,,"Cosmology (Weave, Shadow Weave) | Elven Culture | Laws & Customs of Nations",Animal Husbandry & Training | Preservation & Salting,Aglarondan,Aglarondan | Rashemi,801,293.4,universal_standard,0,None,"Waterskin (5 gal) | Lancet, bleeding",9.0,792,"Belt (leather) + Belt pouch (large) | Map case + blank regional map | Lamp oil (flacon) x3 | Grappling hook | 10' pole | Crowbar (standard) | Bâton de marche / Walking Staff | Lancet, bleeding",Backpack (medium leather) | Tent 2-man leather | Sleeping furs (light) | Blanket (heavy) | Field rations (basic) x7 | Waterskin (1 gal) x2 | Canteen (1 pt) | Lantern (hooded) | Rope (standard 50') | Hammer + 10 pitons | Flint & steel | Tinderbox | Cloak (wool hooded) | Boots (normal leather) | Gloves (leather) | Hat (leather) | Waterskin (5 gal),32.3,NO,None,,8,4,0,4,6,193.3,102.7,3,-1,7,-4,0,-5,-5,5,-7,5,Aucun,2026-05-28 13:35:34
CH-00554,Human,Chondathan,Sword Coast,Smuggler's Port,Groupe1_Cote_des_Epees,Marsh Disease Resistance | Wetland Tracking | Advanced Tracking | Open Land Navigation,,Trade Routes & Commerce | History of the Realms,Bookbinding | Smithing & Metallurgy,Chessentan,Chessentan | Chondathan,1517,293.4,universal_standard,2,Comfortable,Padded Jack | Sallet ou Armet (classique),1400.0,117,Belt (leather) + Belt pouch (large) | Map case + blank regional map | Lamp oil (flacon) x3 | Grappling hook | 10' pole | Crowbar (standard) | Bâton de marche / Walking Staff | Padded Jack | Sallet ou Armet (classique),Backpack (medium leather) | Tent 2-man leather | Sleeping furs (light) | Blanket (heavy) | Field rations (basic) x7 | Waterskin (1 gal) x2 | Canteen (1 pt) | Lantern (hooded) | Rope (standard 50') | Hammer + 10 pitons | Flint & steel | Tinderbox | Cloak (wool hooded) | Boots (normal leather) | Gloves (leather) | Hat (leather),21.48,NO,None,,5,3,3,2,5,186.5,97.4,2,1,-3,6,2,5,-4,4,1,-1,Aucun,2026-05-28 13:35:34
CH-00555,Human,Chultan,Chult,Remote Trading Post,Groupe3_Coeur_Continental,Wild Plant Foraging | Advanced Tracking | Marsh Disease Resistance | Arctic Hunting | Forest Stealth,Smuggling Networks,"History of Imaskar | Ancient Realms (Netheril, Imaskar...)",Herbalism & Potion Brewing,None,Chultan,842,293.4,universal_standard,1,Modest,Tassets | Parma,655.0,187,Belt (leather) + Belt pouch (large) | Map case + blank regional map | Lamp oil (flacon) x3 | Grappling hook | 10' pole | Crowbar (standard) | Bâton de marche / Walking Staff | Tassets | Parma,Backpack (medium leather) | Tent 2-man leather | Sleeping furs (light) | Blanket (heavy) | Field rations (basic) x7 | Waterskin (1 gal) x2 | Canteen (1 pt) | Lantern (hooded) | Rope (standard 50') | Hammer + 10 pitons | Flint & steel | Tinderbox | Cloak (wool hooded) | Boots (normal leather) | Gloves (leather) | Hat (leather),-2.62,YES,Théurgique,Magie Blanche,0,-1,-2,0,1,178.6,74.8,1,-3,3,-5,0,-3,6,-8,-6,1,Aucun,2026-05-28 13:35:34
CH-00556,Human,Chondathan,Vilhon Reach,Major Port City,Groupe4_Vilhon_Est,Plains Tracking | Wetland Tracking | Open Land Navigation,Guild Knowledge & Politics | Criminal Organizations & Syndicates | Fences and Buyers Network | Fences and Buyers Network,"Trade Routes & Commerce | Nobility & Heraldry | Major Cities & Regions | Cosmology (Weave, Shadow Weave)",Smithing & Metallurgy,Chondathan | Thorass,Chondathan | Cormyrian | Illuskan,2545,293.4,universal_standard,2,Comfortable,Brigandine | Fauld,1770.0,775,Belt (leather) + Belt pouch (large) | Map case + blank regional map | Lamp oil (flacon) x3 | Grappling hook | 10' pole | Crowbar (standard) | Bâton de marche / Walking Staff | Brigandine | Fauld,Backpack (medium leather) | Tent 2-man leather | Sleeping furs (light) | Blanket (heavy) | Field rations (basic) x7 | Waterskin (1 gal) x2 | Canteen (1 pt) | Lantern (hooded) | Rope (standard 50') | Hammer + 10 pitons | Flint & steel | Tinderbox | Cloak (wool hooded) | Boots (normal leather) | Gloves (leather) | Hat (leather),6.28,NO,None,,1,2,0,2,7,167.8,71.0,0,3,2,3,-1,2,-4,1,4,3,Aucun,2026-05-28 13:35:34
CH-00557,Dwarf,Gold Dwarf,Great Rift,Dwarven Fortress,Groupe6_Bloc_Nain,,Black Market Operations | Information Brokerage | Urban Stealth & Shadowing | Urban Observation and Tailing | Streetwise (Urban Underworld) | Disguise & Impersonation,Major Religions & Deities | Trade Routes & Commerce | Fey & Feywild Knowledge | History of Imaskar,Preservation & Salting | Weapons & Armor Smithing | Brewing & Distilling,Nain,Infernal | Nain,815,293.4,universal_standard,1,Modest,Ranseur | Waterskin (5 gal) | Buckler,727.0,88,Belt (leather) + Belt pouch (large) | Map case + blank regional map | Lamp oil (flacon) x3 | Grappling hook | 10' pole | Crowbar (standard) | Bâton de marche / Walking Staff | Ranseur | Buckler,Backpack (medium leather) | Tent 2-man leather | Sleeping furs (light) | Blanket (heavy) | Field rations (basic) x7 | Waterskin (1 gal) x2 | Canteen (1 pt) | Lantern (hooded) | Rope (standard 50') | Hammer + 10 pitons | Flint & steel | Tinderbox | Cloak (wool hooded) | Boots (normal leather) | Gloves (leather) | Hat (leather) | Waterskin (5 gal),4.67,NO,None,,4,0,0,-8,9,123.6,71.0,-7,5,-3,-4,2,0,1,3,1,-5,Vision dans le noir + Robustesse naine,2026-05-28 13:35:34
CH-00558,Human,Ffolk,Moonshae Isles,Lake Village,Groupe11_Moonshae,Coastal Survival | Storm and Seasickness Mastery | Oceanic Navigation | River Crossing,Lockpicking and Trap Disarming | City Secrets & Hidden Routes,Elven Culture | Local Folklore & Legends,Jewelry & Goldsmithing | Beekeeping,None,Chondathan | Ffolk | Illuskan | Moonshae,625,293.4,universal_standard,0,None,"Lancet, bleeding",2.0,623,"Belt (leather) + Belt pouch (large) | Map case + blank regional map | Lamp oil (flacon) x3 | Grappling hook | 10' pole | Crowbar (standard) | Bâton de marche / Walking Staff | Lancet, bleeding",Backpack (medium leather) | Tent 2-man leather | Sleeping furs (light) | Blanket (heavy) | Field rations (basic) x7 | Waterskin (1 gal) x2 | Canteen (1 pt) | Lantern (hooded) | Rope (standard 50') | Hammer + 10 pitons | Flint & steel | Tinderbox | Cloak (wool hooded) | Boots (normal leather) | Gloves (leather) | Hat (leather),26.55,NO,None,,4,3,6,2,2,166.2,78.9,0,0,6,4,4,-3,-2,7,1,7,Aucun,2026-05-28 13:35:34
CH-00559,Half-elf,Sun Half-elf,Evermeet,Elven Enclave,Groupe13_Evermeet,Mountain Endurance,Guild Knowledge & Politics | Criminal Organizations & Syndicates | Black Market Operations | Guild Knowledge & Politics | Fences and Buyers Network,"Guilds & Organizations | Astronomy & Star Navigation | Legendary Artifacts & Relics | Festivals, Calendars & Traditions",Navigation (Land & Sea) | Musical Instrument Making | Glassworking,Chondathan | Thorass,Chondathan | Elven High Speech,2322,293.4,universal_standard,2,Comfortable,Rouncey | Padded Jack | Maul | Mail voiders (paire) | Buckler,2170.0,152,Belt (leather) + Belt pouch (large) | Map case + blank regional map | Lamp oil (flacon) x3 | Grappling hook | 10' pole | Crowbar (standard) | Bâton de marche / Walking Staff | Padded Jack | Maul | Mail voiders (paire) | Buckler,Backpack (medium leather) | Tent 2-man leather | Sleeping furs (light) | Blanket (heavy) | Field rations (basic) x7 | Waterskin (1 gal) x2 | Canteen (1 pt) | Lantern (hooded) | Rope (standard 50') | Hammer + 10 pitons | Flint & steel | Tinderbox | Cloak (wool hooded) | Boots (normal leather) | Gloves (leather) | Hat (leather) | Rouncey,-0.62,NO,None,,-2,-1,1,-1,10,168.0,67.4,0,1,-1,-2,2,1,0,6,0,-2,Méditation + Immunité sommeil + VN (N1),2026-05-28 13:35:34
CH-00560,Half-elf,Sun Half-elf,Sembia,Small Town,Groupe2_Sud_Marchand,Forest Stealth,Urban Stealth & Shadowing | Streetwise (Urban Underworld),History of the Realms | Local Folklore & Legends | Major Cities & Regions,Stoneworking,Chondathan,Chondathan,2544,293.4,universal_standard,2,Comfortable,Padded Jack | Buckler,1070.0,1474,Belt (leather) + Belt pouch (large) | Map case + blank regional map | Lamp oil (flacon) x3 | Grappling hook | 10' pole | Crowbar (standard) | Bâton de marche / Walking Staff | Padded Jack | Buckler,Backpack (medium leather) | Tent 2-man leather | Sleeping furs (light) | Blanket (heavy) | Field rations (basic) x7 | Waterskin (1 gal) x2 | Canteen (1 pt) | Lantern (hooded) | Rope (standard 50') | Hammer + 10 pitons | Flint & steel | Tinderbox | Cloak (wool hooded) | Boots (normal leather) | Gloves (leather) | Hat (leather),3.02,NO,None,,-1,1,-2,2,2,169.5,67.4,0,-1,6,2,-3,5,12,3,0,6,Méditation + Immunité sommeil + VN (N1),2026-05-28 13:35:34
CH-00561,Human,Rashemi,Rashemen,Mountain Village,Groupe10_Rashemen,Wild Plant Foraging | Advanced Tracking | Rope Making and Knot Mastery | Marsh Movement | Forest Stealth | Complex Terrain Navigation,,Secret Organizations | History of the Realms | Geography of Faerûn | Legendary Artifacts & Relics,Cooking (Fine Cuisine),Infernal | Thorass,Infernal | Rashemi,904,293.4,universal_standard,1,Modest,Plackart,800.0,104,Belt (leather) + Belt pouch (large) | Map case + blank regional map | Lamp oil (flacon) x3 | Grappling hook | 10' pole | Crowbar (standard) | Bâton de marche / Walking Staff | Plackart,Backpack (medium leather) | Tent 2-man leather | Sleeping furs (light) | Blanket (heavy) | Field rations (basic) x7 | Waterskin (1 gal) x2 | Canteen (1 pt) | Lantern (hooded) | Rope (standard 50') | Hammer + 10 pitons | Flint & steel | Tinderbox | Cloak (wool hooded) | Boots (normal leather) | Gloves (leather) | Hat (leather),27.55,NO,None,,7,4,-2,4,5,195.1,97.4,3,6,-1,1,-2,0,-7,3,2,-1,Aucun,2026-05-28 13:35:34
CH-00562,Human,Damaran,Damara,Small Town,Groupe5_Nord_Sauvage,Technical Rock Climbing | Mountain Endurance | Complex Terrain Navigation,Smuggling Networks | Guild Knowledge & Politics,"Ancient Realms (Netheril, Imaskar...) | Major Cities & Regions | Religious Cults & Orders",Smithing & Metallurgy | Weapons & Armor Smithing | Carpentry & Woodworking,Nar,Damaran | Nar,888,293.4,universal_standard,1,Modest,Maille collerette ou manches | Buckler,860.0,28,Belt (leather) + Belt pouch (large) | Map case + blank regional map | Lamp oil (flacon) x3 | Grappling hook | 10' pole | Crowbar (standard) | Bâton de marche / Walking Staff | Maille collerette ou manches | Buckler,Backpack (medium leather) | Tent 2-man leather | Sleeping furs (light) | Blanket (heavy) | Field rations (basic) x7 | Waterskin (1 gal) x2 | Canteen (1 pt) | Lantern (hooded) | Rope (standard 50') | Hammer + 10 pitons | Flint & steel | Tinderbox | Cloak (wool hooded) | Boots (normal leather) | Gloves (leather) | Hat (leather),0.0,NO,None,,-1,0,1,0,8,177.0,74.8,1,-2,-4,7,0,3,3,-1,2,-2,Aucun,2026-05-28 13:35:34
CH-00563,Human,Damaran,Vaasa,Small Town,Groupe5_Nord_Sauvage,Wild Plant Foraging | Technical Rock Climbing | Complex Terrain Navigation,Criminal Organizations & Syndicates | City Secrets & Hidden Routes,Orc & Goblinoid Culture | Dragon Lore,Masonry | Locksmithing & Mechanisms | Weaving & Spinning,None,Chondathan | Reghed,690,293.4,universal_standard,1,Modest,"Palfrey | Lancet, bleeding",572.0,118,"Belt (leather) + Belt pouch (large) | Map case + blank regional map | Lamp oil (flacon) x3 | Grappling hook | 10' pole | Crowbar (standard) | Bâton de marche / Walking Staff | Lancet, bleeding",Backpack (medium leather) | Tent 2-man leather | Sleeping furs (light) | Blanket (heavy) | Field rations (basic) x7 | Waterskin (1 gal) x2 | Canteen (1 pt) | Lantern (hooded) | Rope (standard 50') | Hammer + 10 pitons | Flint & steel | Tinderbox | Cloak (wool hooded) | Boots (normal leather) | Gloves (leather) | Hat (leather) | Palfrey,12.56,NO,None,,5,3,-2,0,9,167.6,87.7,0,6,-6,3,-1,-3,-7,-3,4,-5,Aucun,2026-05-28 13:35:34
CH-00564,Human,Chondathan,Western Heartlands,Large Town,Groupe3_Coeur_Continental,Plains Tracking | Open Land Navigation,Disguise & Impersonation | Smuggling Networks | Urban Stealth & Shadowing,Ruins & Major Archaeological Sites | Religious Cults & Orders,Masonry,Chessentan,Chessentan | Chondathan | Thorass,1580,293.4,universal_standard,2,Comfortable,Morning Star | Longbow | Buckler | Quiver,1060.0,520,Belt (leather) + Belt pouch (large) | Map case + blank regional map | Lamp oil (flacon) x3 | Grappling hook | 10' pole | Crowbar (standard) | Bâton de marche / Walking Staff | Morning Star | Longbow | Buckler | Quiver,Backpack (medium leather) | Tent 2-man leather | Sleeping furs (light) | Blanket (heavy) | Field rations (basic) x7 | Waterskin (1 gal) x2 | Canteen (1 pt) | Lantern (hooded) | Rope (standard 50') | Hammer + 10 pitons | Flint & steel | Tinderbox | Cloak (wool hooded) | Boots (normal leather) | Gloves (leather) | Hat (leather),-6.91,YES,Sauvage,Magie Verte,0,-1,-8,-2,4,165.0,67.4,-1,6,-1,-8,-5,5,-6,-9,0,-4,Aucun,2026-05-28 13:35:34
CH-00565,Human,Tethyrian,Tethyr,Small Town,Groupe2_Sud_Marchand,Wild Plant Foraging,Urban Stealth & Shadowing | Information Brokerage | Smuggling Networks,History of the Realms | Weave Theory | Major Religions & Deities | Nobility & Heraldry,Cooking (Fine Cuisine) | Weaving & Spinning,Thorass | Chondathan,Chondathan | Tethyrian | Thorass,1780,293.4,universal_standard,2,Comfortable,Kettle hat | Sidesword | Ranseur,1430.0,350,Belt (leather) + Belt pouch (large) | Map case + blank regional map | Lamp oil (flacon) x3 | Grappling hook | 10' pole | Crowbar (standard) | Bâton de marche / Walking Staff | Sidesword | Ranseur,Backpack (medium leather) | Tent 2-man leather | Sleeping furs (light) | Blanket (heavy) | Field rations (basic) x7 | Waterskin (1 gal) x2 | Canteen (1 pt) | Lantern (hooded) | Rope (standard 50') | Hammer + 10 pitons | Flint & steel | Tinderbox | Cloak (wool hooded) | Boots (normal leather) | Gloves (leather) | Hat (leather) | Kettle hat,21.05,NO,None,,7,4,-3,1,5,198.4,108.2,3,6,-10,4,-2,6,-2,4,3,-9,Aucun,2026-05-28 13:35:34
CH-00566,Human,Chondathan,Vilhon Reach,Fishing Village,Groupe4_Vilhon_Est,Advanced Tracking | Plains Tracking | Open Land Navigation | Storm and Seasickness Mastery,Streetwise (Urban Underworld),"Cosmology (Weave, Shadow Weave) | Laws & Customs of Nations | Divine Myths & Legends | Aberration Lore",Navigation (Land & Sea) | Cabinetmaking & Marquetry,Thorass | Chondathan,Chondathan | Illuskan | Thorass,1392,293.4,universal_standard,1,Modest,Tassets | Mail coif | Buckler,690.0,702,Belt (leather) + Belt pouch (large) | Map case + blank regional map | Lamp oil (flacon) x3 | Grappling hook | 10' pole | Crowbar (standard) | Bâton de marche / Walking Staff | Tassets | Mail coif | Buckler,Backpack (medium leather) | Tent 2-man leather | Sleeping furs (light) | Blanket (heavy) | Field rations (basic) x7 | Waterskin (1 gal) x2 | Canteen (1 pt) | Lantern (hooded) | Rope (standard 50') | Hammer + 10 pitons | Flint & steel | Tinderbox | Cloak (wool hooded) | Boots (normal leather) | Gloves (leather) | Hat (leather),33.1,NO,None,,6,6,-1,5,-1,190.1,87.7,2,7,4,4,-3,-1,-3,8,6,5,Aucun,2026-05-28 13:35:34
CH-00567,Human,Calishite,Calimshan,Major Port City,Groupe2_Sud_Marchand,Open Land Navigation,Sleight of Hand & Cheating | Black Market Operations | High Society Manipulation | Smuggling Networks | Information Brokerage,"Nobility & Heraldry | Halfling Culture | Ancient Realms (Netheril, Imaskar...)",Carpentry & Woodworking | Ritual Object Crafting,Lantanna,Calishite | Chondathan | Lantanna,4067,293.4,universal_standard,3,Wealthy,Cloak (soie légère) | Rouncey | Surgical knife | Glaive | Pavillion | Tent 2-man leather,2700.0,1367,Belt (leather) + Belt pouch (large) | Map case + blank regional map | Lamp oil (flacon) x3 | Grappling hook | 10' pole | Crowbar (standard) | Bâton de marche / Walking Staff | Surgical knife | Glaive | Pavillion,Backpack (medium leather) | Tent 2-man leather | Sleeping furs (light) | Blanket (heavy) | Field rations (basic) x7 | Waterskin (1 gal) x2 | Canteen (1 pt) | Lantern (hooded) | Rope (standard 50') | Hammer + 10 pitons | Flint & steel | Tinderbox | Cloak (wool hooded) | Boots (normal leather) | Gloves (leather) | Hat (leather) | Cloak (soie légère) | Rouncey | Tent 2-man leather,-4.64,YES,Arcanique,Magicien,-4,-1,0,-1,-5,149.7,54.6,-3,1,2,7,-2,1,2,9,7,4,Aucun,2026-05-28 13:35:34
CH-00568,Dwarf,Gold Dwarf,Great Rift,Dwarven Fortress,Groupe6_Bloc_Nain,Mountain Endurance | Advanced Tracking | Underground Navigation,Black Market Operations | Urban Observation and Tailing | Fences and Buyers Network | Urban Observation and Tailing,Spellplague & Its Aftermath | Legendary Artifacts & Relics | Magical Schools & Traditions | Nobility & Heraldry,Navigation (Land & Sea) | Cartography | Beekeeping,Nain,Nain | Undercommon,895,293.4,universal_standard,1,Modest,"Palfrey | Lancet, bleeding",572.0,323,"Belt (leather) + Belt pouch (large) | Map case + blank regional map | Lamp oil (flacon) x3 | Grappling hook | 10' pole | Crowbar (standard) | Bâton de marche / Walking Staff | Lancet, bleeding",Backpack (medium leather) | Tent 2-man leather | Sleeping furs (light) | Blanket (heavy) | Field rations (basic) x7 | Waterskin (1 gal) x2 | Canteen (1 pt) | Lantern (hooded) | Rope (standard 50') | Hammer + 10 pitons | Flint & steel | Tinderbox | Cloak (wool hooded) | Boots (normal leather) | Gloves (leather) | Hat (leather) | Palfrey,23.93,NO,None,,7,3,3,-4,0,136.2,87.7,-5,1,0,8,1,1,1,9,3,2,Vision dans le noir + Robustesse naine,2026-05-28 13:35:34
CH-00569,Human,Tethyrian,Sword Coast,Lake Village,Groupe1_Cote_des_Epees,Signaling and Rescue | Forest Stealth | Field Weapon Maintenance | Wild Plant Foraging | Arctic Hunting,,"Festivals, Calendars & Traditions | Major Cities & Regions | History of the Realms",Alchemy (Theory & Practice) | Accounting & Estate Management | Cooking (Fine Cuisine),Sembian,Chondathan | Sembian | Tethyrian,1107,293.4,universal_standard,0,None,Buckler,220.0,887,Belt (leather) + Belt pouch (large) | Map case + blank regional map | Lamp oil (flacon) x3 | Grappling hook | 10' pole | Crowbar (standard) | Bâton de marche / Walking Staff | Buckler,Backpack (medium leather) | Tent 2-man leather | Sleeping furs (light) | Blanket (heavy) | Field rations (basic) x7 | Waterskin (1 gal) x2 | Canteen (1 pt) | Lantern (hooded) | Rope (standard 50') | Hammer + 10 pitons | Flint & steel | Tinderbox | Cloak (wool hooded) | Boots (normal leather) | Gloves (leather) | Hat (leather),-1.0,NO,None,,1,-1,-1,0,13,185.1,83.2,2,-2,-1,-4,1,0,1,1,-6,-3,Aucun,2026-05-28 13:35:34
CH-00570,Human,Raumviran,Rashemen,Rural Village,Groupe10_Rashemen,Forest Stealth | Hermetic Medicine | Advanced Tracking | Wild Plant Foraging,,History of the Realms | Fey & Feywild Knowledge | Secret Organizations | Geography of Faerûn,Animal Husbandry & Training | Smithing & Metallurgy | Shipbuilding,Raumviran,Rashemi | Raumviran,783,293.4,universal_standard,1,Modest,"War Hammer | Lancet, bleeding",402.0,381,"Belt (leather) + Belt pouch (large) | Map case + blank regional map | Lamp oil (flacon) x3 | Grappling hook | 10' pole | Crowbar (standard) | Bâton de marche / Walking Staff | Lancet, bleeding",Backpack (medium leather) | Tent 2-man leather | Sleeping furs (light) | Blanket (heavy) | Field rations (basic) x7 | Waterskin (1 gal) x2 | Canteen (1 pt) | Lantern (hooded) | Rope (standard 50') | Hammer + 10 pitons | Flint & steel | Tinderbox | Cloak (wool hooded) | Boots (normal leather) | Gloves (leather) | Hat (leather) | War Hammer,14.33,NO,None,,3,-1,6,-2,12,176.7,97.4,1,-8,-3,1,7,1,-2,-3,-9,-3,Aucun,2026-05-28 13:35:34
CH-00571,Human,Imaskari,Mulhorand,Caravan Oasis,Groupe8_Mulhorand,Underground Navigation | Open Land Navigation | Advanced Tracking | Desert Water Mastery | Desert Thermal Endurance | Technical Rock Climbing,High Society Manipulation | Sleight of Hand & Cheating,Weave Theory | Major Religions & Deities | Political Currents & Rivalries | Guilds & Organizations,Leatherworking & Tanning | Smithing & Metallurgy | Architecture,Mulhorandi | Draconique,Chondathan | Draconique | Infernal | Mulhorandi,1127,293.4,universal_standard,1,Modest,"Palfrey | Lancet, bleeding",572.0,555,"Belt (leather) + Belt pouch (large) | Map case + blank regional map | Lamp oil (flacon) x3 | Grappling hook | 10' pole | Crowbar (standard) | Bâton de marche / Walking Staff | Lancet, bleeding",Backpack (medium leather) | Tent 2-man leather | Sleeping furs (light) | Blanket (heavy) | Field rations (basic) x7 | Waterskin (1 gal) x2 | Canteen (1 pt) | Lantern (hooded) | Rope (standard 50') | Hammer + 10 pitons | Flint & steel | Tinderbox | Cloak (wool hooded) | Boots (normal leather) | Gloves (leather) | Hat (leather) | Palfrey,-9.03,YES,Théurgique,Magie Blanche,-2,-3,-5,-3,7,166.3,71.0,0,1,-7,-4,-2,-5,-3,6,-2,-9,Aucun,2026-05-28 13:35:34
CH-00572,Human,Chondathan,Chondath,Large Town,Groupe4_Vilhon_Est,Dark Water Swimming | Plains Tracking | Coastal Survival,Disguise & Impersonation | Black Market Operations | Lockpicking and Trap Disarming | Black Market Operations,Cultural Interactions | Halfling Culture,Masonry | Architecture | Embroidery & Fine Sewing,Chondathan,Chondathan | Infernal,1828,293.4,universal_standard,2,Comfortable,Tassets longs | Estoc,1180.0,648,Belt (leather) + Belt pouch (large) | Map case + blank regional map | Lamp oil (flacon) x3 | Grappling hook | 10' pole | Crowbar (standard) | Bâton de marche / Walking Staff | Tassets longs | Estoc,Backpack (medium leather) | Tent 2-man leather | Sleeping furs (light) | Blanket (heavy) | Field rations (basic) x7 | Waterskin (1 gal) x2 | Canteen (1 pt) | Lantern (hooded) | Rope (standard 50') | Hammer + 10 pitons | Flint & steel | Tinderbox | Cloak (wool hooded) | Boots (normal leather) | Gloves (leather) | Hat (leather),5.88,NO,None,,-4,-1,5,0,5,162.1,60.6,-1,1,-1,7,3,0,-1,-4,6,1,Aucun,2026-05-28 13:35:34
CH-00573,Half-elf,Wood Half-elf,Waterdeep,Major Port City,Groupe1_Cote_des_Epees,,Smuggling Networks | Forgery of Documents & Seals | Lockpicking and Trap Disarming | Noble Houses & Court Intrigue | Urban Observation and Tailing | Streetwise (Urban Underworld),"Religious Cults & Orders | History of the Realms | Cosmology (Weave, Shadow Weave) | Elven Culture",Clockmaking & Complex Mechanisms,Thorass | Chondathan,Chondathan | Elfique | Illuskan | Thorass,5339,293.4,universal_standard,2,Comfortable,Lantern (hooded) | Rouncey | Sabatons (larges) | Palfrey | Main-gauche,1575.0,3764,Belt (leather) + Belt pouch (large) | Map case + blank regional map | Lamp oil (flacon) x3 | Grappling hook | 10' pole | Crowbar (standard) | Bâton de marche / Walking Staff | Sabatons (larges) | Main-gauche,Backpack (medium leather) | Tent 2-man leather | Sleeping furs (light) | Blanket (heavy) | Field rations (basic) x7 | Waterskin (1 gal) x2 | Canteen (1 pt) | Lantern (hooded) | Rope (standard 50') | Hammer + 10 pitons | Flint & steel | Tinderbox | Cloak (wool hooded) | Boots (normal leather) | Gloves (leather) | Hat (leather) | Lantern (hooded) | Rouncey | Palfrey,5.64,NO,None,,1,1,-1,2,6,173.9,74.8,0,-4,8,3,-3,3,-1,0,-2,9,Méditation + Immunité sommeil + VN (N1),2026-05-28 13:35:34
CH-00574,Human,Illuskan,Luskan,Large Town,Groupe1_Cote_des_Epees,Deep-Sea Fishing,Guild Knowledge & Politics | Disguise & Impersonation | Urban Stealth & Shadowing,"History of the Realms | Geography of Faerûn | Local Folklore & Legends | Festivals, Calendars & Traditions",Dyeing & Textile Coloring | Weapons & Armor Smithing | Sail & Rope Making,Illuskan,Chondathan | Illuskan,1205,293.4,universal_standard,1,Modest,Cutlass,480.0,725,Belt (leather) + Belt pouch (large) | Map case + blank regional map | Lamp oil (flacon) x3 | Grappling hook | 10' pole | Crowbar (standard) | Bâton de marche / Walking Staff | Cutlass,Backpack (medium leather) | Tent 2-man leather | Sleeping furs (light) | Blanket (heavy) | Field rations (basic) x7 | Waterskin (1 gal) x2 | Canteen (1 pt) | Lantern (hooded) | Rope (standard 50') | Hammer + 10 pitons | Flint & steel | Tinderbox | Cloak (wool hooded) | Boots (normal leather) | Gloves (leather) | Hat (leather),-1.6,NO,None,,-2,-2,2,-1,9,167.8,71.0,0,-5,2,-1,2,6,7,-6,-5,1,Aucun,2026-05-28 13:35:34
CH-00575,Human,Tethyrian,Sword Coast,Major Port City,Groupe1_Cote_des_Epees,Forest Stealth | Wild Plant Foraging | Advanced Tracking,Forgery of Documents & Seals | Fences and Buyers Network | Fences and Buyers Network | Sleight of Hand & Cheating | Sleight of Hand & Cheating | Poison Lore & Subtle Application,Fall of Myth Drannor | Halfling Culture | Divine Myths & Legends | Major Religions & Deities,Locksmithing & Mechanisms | Leatherworking & Tanning,Cormyrian | Thorass,Cormyrian | Illuskan | Tethyrian,2554,293.4,universal_standard,3,Wealthy,Tent 8-man leather | Sallet ou Armet (classique) | Rouncey | Garde-reins | Maille collerette ou manches,2420.0,134,Belt (leather) + Belt pouch (large) | Map case + blank regional map | Lamp oil (flacon) x3 | Grappling hook | 10' pole | Crowbar (standard) | Bâton de marche / Walking Staff | Sallet ou Armet (classique) | Garde-reins | Maille collerette ou manches,Backpack (medium leather) | Tent 2-man leather | Sleeping furs (light) | Blanket (heavy) | Field rations (basic) x7 | Waterskin (1 gal) x2 | Canteen (1 pt) | Lantern (hooded) | Rope (standard 50') | Hammer + 10 pitons | Flint & steel | Tinderbox | Cloak (wool hooded) | Boots (normal leather) | Gloves (leather) | Hat (leather) | Tent 8-man leather | Rouncey,10.08,NO,None,,4,2,-3,2,8,188.3,92.4,2,-2,3,2,-4,2,-2,-1,-3,3,Aucun,2026-05-28 13:35:34
CH-00576,Human,Tethyrian,Amn,Major Trade City,Groupe2_Sud_Marchand,Desert Thermal Endurance,Guild Knowledge & Politics | Urban Observation and Tailing | High Society Manipulation | Criminal Organizations & Syndicates,Nobility & Heraldry | Court Etiquette & Protocol | Trade Routes & Commerce | Legendary Artifacts & Relics,Embroidery & Fine Sewing | Accounting & Estate Management | Leatherworking & Tanning,Chessentan | Chondathan,Chessentan | Chondathan | Illuskan,3074,293.4,universal_standard,1,Modest,Maille collerette ou manches | Lance,800.0,2274,Belt (leather) + Belt pouch (large) | Map case + blank regional map | Lamp oil (flacon) x3 | Grappling hook | 10' pole | Crowbar (standard) | Bâton de marche / Walking Staff | Maille collerette ou manches | Lance,Backpack (medium leather) | Tent 2-man leather | Sleeping furs (light) | Blanket (heavy) | Field rations (basic) x7 | Waterskin (1 gal) x2 | Canteen (1 pt) | Lantern (hooded) | Rope (standard 50') | Hammer + 10 pitons | Flint & steel | Tinderbox | Cloak (wool hooded) | Boots (normal leather) | Gloves (leather) | Hat (leather),-6.48,YES,Théurgique,Magie Blanche,-3,-3,0,-3,1,163.6,60.6,-1,1,0,-8,3,-2,8,-2,-3,-3,Aucun,2026-05-28 13:35:34
CH-00577,Human,Tethyrian,Sword Coast,Major Port City,Groupe1_Cote_des_Epees,Wild Plant Foraging | Forest Stealth | Deep-Sea Fishing,Disguise & Impersonation | Streetwise (Urban Underworld) | Streetwise (Urban Underworld) | Streetwise (Urban Underworld) | Lockpicking and Trap Disarming,Political Currents & Rivalries | Major Religions & Deities | Laws & Customs of Nations,Cooking (Fine Cuisine) | Masonry,Chondathan,Chondathan | Sembian | Tethyrian,2577,293.4,universal_standard,1,Modest,Backpack (large leather) | Close Helmet (Maximilian),657.0,1920,Belt (leather) + Belt pouch (large) | Map case + blank regional map | Lamp oil (flacon) x3 | Grappling hook | 10' pole | Crowbar (standard) | Bâton de marche / Walking Staff | Close Helmet (Maximilian),Backpack (medium leather) | Tent 2-man leather | Sleeping furs (light) | Blanket (heavy) | Field rations (basic) x7 | Waterskin (1 gal) x2 | Canteen (1 pt) | Lantern (hooded) | Rope (standard 50') | Hammer + 10 pitons | Flint & steel | Tinderbox | Cloak (wool hooded) | Boots (normal leather) | Gloves (leather) | Hat (leather) | Backpack (large leather),-2.69,YES,Sauvage,Magie Verte,-5,-4,3,-2,3,177.3,67.4,1,-4,-6,1,4,-4,3,4,-3,-6,Aucun,2026-05-28 13:35:34
CH-00578,Human,Turami,Turmish,Rural Village,Groupe2_Sud_Marchand,Dark Water Swimming | Mountain Endurance | Advanced Tracking | Technical Rock Climbing,,"Ancient Realms (Netheril, Imaskar...) | Gnomish Culture | Local Folklore & Legends | Festivals, Calendars & Traditions",Cartography | Masonry | Navigation (Land & Sea),Chondathan | Turami,Chondathan | Turami,1195,293.4,universal_standard,1,Modest,Skeleton key | Sallet ou Armet (classique),625.0,570,Belt (leather) + Belt pouch (large) | Map case + blank regional map | Lamp oil (flacon) x3 | Grappling hook | 10' pole | Crowbar (standard) | Bâton de marche / Walking Staff | Skeleton key | Sallet ou Armet (classique),Backpack (medium leather) | Tent 2-man leather | Sleeping furs (light) | Blanket (heavy) | Field rations (basic) x7 | Waterskin (1 gal) x2 | Canteen (1 pt) | Lantern (hooded) | Rope (standard 50') | Hammer + 10 pitons | Flint & steel | Tinderbox | Cloak (wool hooded) | Boots (normal leather) | Gloves (leather) | Hat (leather),-9.6,YES,Sauvage,Magie Verte,-3,-3,-4,-4,4,166.2,74.8,0,-6,-6,2,-3,-3,8,-6,-5,-6,Aucun,2026-05-28 13:35:34
CH-00579,Human,Durpari,Mulhorand,Caravan Oasis,Groupe8_Mulhorand,Dark Water Swimming | Weather Reading | Oceanic Navigation | Desert Thermal Endurance,Urban Stealth & Shadowing,Court Etiquette & Protocol | Elven Culture | Major Religions & Deities | Nobility & Heraldry,Perfumery & Cosmetics | Sail & Rope Making | Architecture,Chessentan | Durpari,Chessentan | Durpari | Infernal,960,293.4,universal_standard,1,Modest,Palfrey | Buckler,790.0,170,Belt (leather) + Belt pouch (large) | Map case + blank regional map | Lamp oil (flacon) x3 | Grappling hook | 10' pole | Crowbar (standard) | Bâton de marche / Walking Staff | Buckler,Backpack (medium leather) | Tent 2-man leather | Sleeping furs (light) | Blanket (heavy) | Field rations (basic) x7 | Waterskin (1 gal) x2 | Canteen (1 pt) | Lantern (hooded) | Rope (standard 50') | Hammer + 10 pitons | Flint & steel | Tinderbox | Cloak (wool hooded) | Boots (normal leather) | Gloves (leather) | Hat (leather) | Palfrey,-3.24,YES,Arcanique,Magicien,-2,-1,-2,1,1,168.0,63.9,0,-3,6,1,-3,6,-5,2,-1,6,Aucun,2026-05-28 13:35:34
CH-00580,Human,Tethyrian,Western Heartlands,Isolated Farmstead,Groupe3_Coeur_Continental,Wild Plant Foraging | Deep-Sea Fishing | Advanced Tracking | Desert Water Mastery | Plains Tracking | Forest Stealth,,Divine Myths & Legends | Geography of Faerûn,Cooking (Fine Cuisine) | Herbalism & Potion Brewing | Locksmithing & Mechanisms,Tethyrian,Chondathan | Elfique | Tethyrian,1236,293.4,universal_standard,2,Comfortable,Gloves (leather) | Courser | Longbow | Quiver,962.0,274,Belt (leather) + Belt pouch (large) | Map case + blank regional map | Lamp oil (flacon) x3 | Grappling hook | 10' pole | Crowbar (standard) | Bâton de marche / Walking Staff | Longbow | Quiver,Backpack (medium leather) | Tent 2-man leather | Sleeping furs (light) | Blanket (heavy) | Field rations (basic) x7 | Waterskin (1 gal) x2 | Canteen (1 pt) | Lantern (hooded) | Rope (standard 50') | Hammer + 10 pitons | Flint & steel | Tinderbox | Cloak (wool hooded) | Boots (normal leather) | Gloves (leather) | Hat (leather) | Gloves (leather) | Courser,-14.86,YES,Sauvage,Magie Noire,-9,-8,-2,-8,10,156.6,54.6,-2,-3,-11,-5,2,-3,-3,3,-3,-13,Aucun,2026-05-28 13:35:34
CH-00581,Human,Mulan,Old Empires,Small Town,Groupe12_Old_Empires,Extreme Cold Resistance | Marsh Movement,Information Brokerage | City Secrets & Hidden Routes,Fall of Myth Drannor | Court Etiquette & Protocol | Major Cities & Regions,Leatherworking & Tanning | Accounting & Estate Management | Carpentry & Woodworking,Mulhorandi,Infernal | Mulhorandi,1281,293.4,universal_standard,2,Comfortable,Rouncey | Cloak (hooded wool) | Scimitar | Buckler,1162.0,119,Belt (leather) + Belt pouch (large) | Map case + blank regional map | Lamp oil (flacon) x3 | Grappling hook | 10' pole | Crowbar (standard) | Bâton de marche / Walking Staff | Scimitar | Buckler,Backpack (medium leather) | Tent 2-man leather | Sleeping furs (light) | Blanket (heavy) | Field rations (basic) x7 | Waterskin (1 gal) x2 | Canteen (1 pt) | Lantern (hooded) | Rope (standard 50') | Hammer + 10 pitons | Flint & steel | Tinderbox | Cloak (wool hooded) | Boots (normal leather) | Gloves (leather) | Hat (leather) | Rouncey | Cloak (hooded wool),-4.8,YES,Théurgique,Magie Blanche,-3,-4,2,-4,6,169.2,78.9,0,-14,-1,1,2,-2,2,1,-12,-1,Aucun,2026-05-28 13:35:34
CH-00582,Human,Calishite,Calimshan,Metropolis,Groupe2_Sud_Marchand,,Heraldry & Lineage Recognition | Fences and Buyers Network | City Secrets & Hidden Routes | High Society Manipulation,Elven Culture | Trade Routes & Commerce | Geography of Faerûn | Nobility & Heraldry,Calligraphy & Illumination | Leatherworking & Tanning,Chondathan | Mulhorandi,Chondathan | Lantanna | Mulhorandi,3569,293.4,universal_standard,2,Comfortable,Fauld | Bâton / Staff | Composite Crossbow | Quiver,1140.0,2429,Belt (leather) + Belt pouch (large) | Map case + blank regional map | Lamp oil (flacon) x3 | Grappling hook | 10' pole | Crowbar (standard) | Bâton de marche / Walking Staff | Fauld | Bâton / Staff | Composite Crossbow | Quiver,Backpack (medium leather) | Tent 2-man leather | Sleeping furs (light) | Blanket (heavy) | Field rations (basic) x7 | Waterskin (1 gal) x2 | Canteen (1 pt) | Lantern (hooded) | Rope (standard 50') | Hammer + 10 pitons | Flint & steel | Tinderbox | Cloak (wool hooded) | Boots (normal leather) | Gloves (leather) | Hat (leather),-1.76,NO,None,,-4,-2,3,-3,11,163.5,63.9,-1,1,-6,3,4,6,-5,6,3,-5,Aucun,2026-05-28 13:35:34
CH-00583,Human,Damaran,Impiltur,Smuggler's Port,Groupe3_Coeur_Continental,Complex Terrain Navigation | Storm and Seasickness Mastery | Technical Rock Climbing,Heraldry & Lineage Recognition,Gnomish Culture | Trade Routes & Commerce | Dwarven Culture | History of the Realms,Ritual Object Crafting,Chondathan | Thorass,Chondathan | Damaran | Impilturan,1825,293.4,universal_standard,2,Comfortable,Halberd | Gorget (élevé) | Mail coif | Buckler,1465.0,360,Belt (leather) + Belt pouch (large) | Map case + blank regional map | Lamp oil (flacon) x3 | Grappling hook | 10' pole | Crowbar (standard) | Bâton de marche / Walking Staff | Halberd | Gorget (élevé) | Mail coif | Buckler,Backpack (medium leather) | Tent 2-man leather | Sleeping furs (light) | Blanket (heavy) | Field rations (basic) x7 | Waterskin (1 gal) x2 | Canteen (1 pt) | Lantern (hooded) | Rope (standard 50') | Hammer + 10 pitons | Flint & steel | Tinderbox | Cloak (wool hooded) | Boots (normal leather) | Gloves (leather) | Hat (leather),31.94,NO,None,,6,5,-3,6,-1,197.0,87.7,3,5,7,-1,-4,5,0,0,1,6,Aucun,2026-05-28 13:35:34
CH-00584,Human,Calishite,Calimshan,Major Trade City,Groupe2_Sud_Marchand,,Urban Stealth & Shadowing | Noble Houses & Court Intrigue | Noble Houses & Court Intrigue | Streetwise (Urban Underworld) | Disguise & Impersonation,Guilds & Organizations | Genasi & Elemental Peoples | Major Cities & Regions | Divine Myths & Legends,Masonry | Rare Dye Making | Jewelry & Goldsmithing,Calishite | Thorass,Calishite | Chondathan,4374,293.4,universal_standard,3,Wealthy,Close Helmet (Maximilian) | Burgonet (Maximilian) | Sallet ou Armet (classique) | Leather crinet | Metal file (small) | Palfrey | Buckler,3198.0,1176,Belt (leather) + Belt pouch (large) | Map case + blank regional map | Lamp oil (flacon) x3 | Grappling hook | 10' pole | Crowbar (standard) | Bâton de marche / Walking Staff | Close Helmet (Maximilian) | Burgonet (Maximilian) | Sallet ou Armet (classique) | Leather crinet | Metal file (small) | Buckler,Backpack (medium leather) | Tent 2-man leather | Sleeping furs (light) | Blanket (heavy) | Field rations (basic) x7 | Waterskin (1 gal) x2 | Canteen (1 pt) | Lantern (hooded) | Rope (standard 50') | Hammer + 10 pitons | Flint & steel | Tinderbox | Cloak (wool hooded) | Boots (normal leather) | Gloves (leather) | Hat (leather) | Palfrey,-8.89,YES,Arcanique,Magicien,-3,-1,-5,-4,0,142.9,60.6,-4,1,-4,6,-6,0,1,4,5,-2,Aucun,2026-05-28 13:35:34
CH-00585,Human,Tethyrian,Tethyr,Small Town,Groupe2_Sud_Marchand,Forest Stealth | Desert Water Mastery | Plains Tracking | Wild Plant Foraging,High Society Manipulation | Streetwise (Urban Underworld) | Heraldry & Lineage Recognition,Religious Cults & Orders | Aberration Lore | Nobility & Heraldry | History of the Realms,Rare Dye Making | Herbalism & Potion Brewing,Tethyrian | Halruaan,Chondathan | Halruaan | Tethyrian,1664,293.4,universal_standard,2,Comfortable,Close Helmet (Maximilian) | Falchion,1425.0,239,Belt (leather) + Belt pouch (large) | Map case + blank regional map | Lamp oil (flacon) x3 | Grappling hook | 10' pole | Crowbar (standard) | Bâton de marche / Walking Staff | Close Helmet (Maximilian) | Falchion,Backpack (medium leather) | Tent 2-man leather | Sleeping furs (light) | Blanket (heavy) | Field rations (basic) x7 | Waterskin (1 gal) x2 | Canteen (1 pt) | Lantern (hooded) | Rope (standard 50') | Hammer + 10 pitons | Flint & steel | Tinderbox | Cloak (wool hooded) | Boots (normal leather) | Gloves (leather) | Hat (leather),-3.29,YES,Arcanique,Magicien,0,0,-8,1,-2,166.5,63.9,0,7,1,-3,-7,-1,0,1,4,0,Aucun,2026-05-28 13:35:34
CH-00586,Human,Calishite,Calimshan,Metropolis,Groupe2_Sud_Marchand,,Disguise & Impersonation | Streetwise (Urban Underworld) | Criminal Organizations & Syndicates | City Secrets & Hidden Routes,Magical Schools & Traditions | Trade Routes & Commerce | Nobility & Heraldry | Court Etiquette & Protocol,Poison Lore & Application | Herbalism & Potion Brewing | Glassworking,Chondathan | Thorass,Calishite | Chondathan,3619,293.4,universal_standard,3,Wealthy,Rouncey | Lamp oil | Jack of Plates | Mail coif,2546.0,1073,Belt (leather) + Belt pouch (large) | Map case + blank regional map | Lamp oil (flacon) x3 | Grappling hook | 10' pole | Crowbar (standard) | Bâton de marche / Walking Staff | Lamp oil | Jack of Plates | Mail coif,Backpack (medium leather) | Tent 2-man leather | Sleeping furs (light) | Blanket (heavy) | Field rations (basic) x7 | Waterskin (1 gal) x2 | Canteen (1 pt) | Lantern (hooded) | Rope (standard 50') | Hammer + 10 pitons | Flint & steel | Tinderbox | Cloak (wool hooded) | Boots (normal leather) | Gloves (leather) | Hat (leather) | Rouncey,-2.24,YES,Sauvage,Magie Bleue,-2,0,-2,1,-4,159.2,63.9,-1,-4,8,2,-4,9,3,5,-2,8,Aucun,2026-05-28 13:35:34
CH-00587,Human,Chultan,Tashalar,Frontier Colony,Groupe3_Coeur_Continental,Technical Rock Climbing | Advanced Tracking | Littoral Foraging | Marsh Disease Resistance | Wild Plant Foraging | Coastal Survival,Urban Observation and Tailing,Religious Cults & Orders | Geography of Faerûn | History of Netheril | Orc & Goblinoid Culture,Masonry | Cabinetmaking & Marquetry | Ceramics & Pottery,Tashalan | Chultan,Chultan | Shaaran | Tashalan,877,293.4,universal_standard,1,Modest,Bâton / Staff | Lance | Buckler,570.0,307,Belt (leather) + Belt pouch (large) | Map case + blank regional map | Lamp oil (flacon) x3 | Grappling hook | 10' pole | Crowbar (standard) | Bâton de marche / Walking Staff | Bâton / Staff | Lance | Buckler,Backpack (medium leather) | Tent 2-man leather | Sleeping furs (light) | Blanket (heavy) | Field rations (basic) x7 | Waterskin (1 gal) x2 | Canteen (1 pt) | Lantern (hooded) | Rope (standard 50') | Hammer + 10 pitons | Flint & steel | Tinderbox | Cloak (wool hooded) | Boots (normal leather) | Gloves (leather) | Hat (leather),-6.32,YES,Théurgique,Magie Blanche,-1,-1,-3,-3,4,163.5,67.4,-1,5,-7,-2,0,-2,-4,-2,3,-8,Aucun,2026-05-28 13:35:34
CH-00588,Human,Tethyrian,Baldur's Gate,Fishing Village,Groupe1_Cote_des_Epees,Forest Stealth | Littoral Foraging | Dark Water Swimming | Oceanic Navigation | Wild Plant Foraging | Storm and Seasickness Mastery,,Major Cities & Regions | Laws & Customs of Nations | Divine Myths & Legends,Magical Goldsmithing (Theoretical) | Heraldry & Lineage,Tethyrian,Chondathan | Sembian | Tethyrian,1814,293.4,universal_standard,2,Comfortable,Destrier | Plate chanfron,1390.0,424,Belt (leather) + Belt pouch (large) | Map case + blank regional map | Lamp oil (flacon) x3 | Grappling hook | 10' pole | Crowbar (standard) | Bâton de marche / Walking Staff | Destrier | Plate chanfron,Backpack (medium leather) | Tent 2-man leather | Sleeping furs (light) | Blanket (heavy) | Field rations (basic) x7 | Waterskin (1 gal) x2 | Canteen (1 pt) | Lantern (hooded) | Rope (standard 50') | Hammer + 10 pitons | Flint & steel | Tinderbox | Cloak (wool hooded) | Boots (normal leather) | Gloves (leather) | Hat (leather),-4.78,YES,Sauvage,Magie Rouge,-2,-1,-3,0,0,174.1,63.9,0,1,2,-1,-3,-2,2,0,1,1,Aucun,2026-05-28 13:35:34
CH-00589,Half-elf,Wood Half-elf,Cormyr,Fortified City,Groupe3_Coeur_Continental,Forest Stealth,Urban Observation and Tailing | City Secrets & Hidden Routes | Guild Knowledge & Politics | Disguise & Impersonation,Court Etiquette & Protocol | History of Magic,Leatherworking & Tanning | Accounting & Estate Management | Stone & Wood Carving,None,Chondathan | Cormyrian,2681,293.4,universal_standard,2,Comfortable,Brigandine | Kettle hat,1730.0,951,Belt (leather) + Belt pouch (large) | Map case + blank regional map | Lamp oil (flacon) x3 | Grappling hook | 10' pole | Crowbar (standard) | Bâton de marche / Walking Staff | Brigandine,Backpack (medium leather) | Tent 2-man leather | Sleeping furs (light) | Blanket (heavy) | Field rations (basic) x7 | Waterskin (1 gal) x2 | Canteen (1 pt) | Lantern (hooded) | Rope (standard 50') | Hammer + 10 pitons | Flint & steel | Tinderbox | Cloak (wool hooded) | Boots (normal leather) | Gloves (leather) | Hat (leather) | Kettle hat,2.0,NO,None,,1,0,-1,0,8,173.9,74.8,0,-1,2,0,-1,-5,4,4,-2,2,Méditation + Immunité sommeil + VN (N1),2026-05-28 13:35:34
CH-00590,Human,Raumviran,Impiltur,Smuggler's Port,Groupe3_Coeur_Continental,Coastal Survival | Deep-Sea Fishing | Littoral Foraging | Oceanic Navigation | Extreme Cold Resistance,Sleight of Hand & Cheating | Forgery of Documents & Seals,"Halfling Culture | Nobility & Heraldry | Festivals, Calendars & Traditions",Architecture | Glassworking | Smithing & Metallurgy,Raumviran,Raumviran | Shou | Thorass,1918,293.4,universal_standard,2,Comfortable,War Hammer (Renaissance) | Courser | Buckler,1880.0,38,Belt (leather) + Belt pouch (large) | Map case + blank regional map | Lamp oil (flacon) x3 | Grappling hook | 10' pole | Crowbar (standard) | Bâton de marche / Walking Staff | Buckler,Backpack (medium leather) | Tent 2-man leather | Sleeping furs (light) | Blanket (heavy) | Field rations (basic) x7 | Waterskin (1 gal) x2 | Canteen (1 pt) | Lantern (hooded) | Rope (standard 50') | Hammer + 10 pitons | Flint & steel | Tinderbox | Cloak (wool hooded) | Boots (normal leather) | Gloves (leather) | Hat (leather) | War Hammer (Renaissance) | Courser,8.98,NO,None,,4,2,-2,1,8,164.7,74.8,-1,8,3,-5,0,6,-6,1,2,1,Aucun,2026-05-28 13:35:34
CH-00591,Half-elf,Sea Half-elf,The Whalebones,Lake Village,Groupe3_Coeur_Continental,Confined Space Stealth | Field Weapon Maintenance | Advanced Tracking | Dark Water Swimming | Coastal Survival | Oceanic Navigation,Urban Stealth & Shadowing,History of the Realms | Court Etiquette & Protocol | Astronomy & Star Navigation | Divine Myths & Legends,Leatherworking & Tanning,Géant | Reghed,Chondathan | Géant | Illuskan | Reghed,398,293.4,universal_standard,0,None,"Lancet, bleeding",2.0,396,"Belt (leather) + Belt pouch (large) | Map case + blank regional map | Lamp oil (flacon) x3 | Grappling hook | 10' pole | Crowbar (standard) | Bâton de marche / Walking Staff | Lancet, bleeding",Backpack (medium leather) | Tent 2-man leather | Sleeping furs (light) | Blanket (heavy) | Field rations (basic) x7 | Waterskin (1 gal) x2 | Canteen (1 pt) | Lantern (hooded) | Rope (standard 50') | Hammer + 10 pitons | Flint & steel | Tinderbox | Cloak (wool hooded) | Boots (normal leather) | Gloves (leather) | Hat (leather),3.52,NO,None,,3,0,-4,-1,11,175.3,87.7,1,2,-8,1,-2,7,-3,6,0,-8,Respiration aquatique,2026-05-28 13:35:34
CH-00592,Human,Illuskan,Luskan,Major Port City,Groupe1_Cote_des_Epees,,Disguise & Impersonation | Black Market Operations | Urban Stealth & Shadowing | Guild Knowledge & Politics | Criminal Organizations & Syndicates,Laws & Customs of Nations | History of Magic | Astronomy & Star Navigation | Genasi & Elemental Peoples,Shipbuilding | Navigation (Land & Sea),Reghed | Thorass,Illuskan | Reghed,1595,293.4,universal_standard,1,Modest,Arming Sword | Morning Star,950.0,645,Belt (leather) + Belt pouch (large) | Map case + blank regional map | Lamp oil (flacon) x3 | Grappling hook | 10' pole | Crowbar (standard) | Bâton de marche / Walking Staff | Arming Sword | Morning Star,Backpack (medium leather) | Tent 2-man leather | Sleeping furs (light) | Blanket (heavy) | Field rations (basic) x7 | Waterskin (1 gal) x2 | Canteen (1 pt) | Lantern (hooded) | Rope (standard 50') | Hammer + 10 pitons | Flint & steel | Tinderbox | Cloak (wool hooded) | Boots (normal leather) | Gloves (leather) | Hat (leather),-6.33,YES,Théurgique,Magie Verte,0,-2,-5,-2,6,181.9,78.9,1,-5,2,-9,-2,2,1,0,-11,-1,Aucun,2026-05-28 13:35:34
CH-00593,Human,Calishite,Calimshan,Major Trade City,Groupe2_Sud_Marchand,Desert Water Mastery | Desert Thermal Endurance,Streetwise (Urban Underworld) | Criminal Organizations & Syndicates | Urban Observation and Tailing | Smuggling Networks | High Society Manipulation,"Major Cities & Regions | Guilds & Organizations | Ancient Realms (Netheril, Imaskar...)",Stone & Wood Carving,Mulhorandi,Chondathan | Mulhorandi | Thorass,3484,293.4,universal_standard,3,Wealthy,Gourdin / Cudgel | Destrier | Burgonet (Maximilian) | War Hammer | Crowbar (heavy),2593.0,891,Belt (leather) + Belt pouch (large) | Map case + blank regional map | Lamp oil (flacon) x3 | Grappling hook | 10' pole | Crowbar (standard) | Bâton de marche / Walking Staff | Gourdin / Cudgel | Destrier | Burgonet (Maximilian) | Crowbar (heavy),Backpack (medium leather) | Tent 2-man leather | Sleeping furs (light) | Blanket (heavy) | Field rations (basic) x7 | Waterskin (1 gal) x2 | Canteen (1 pt) | Lantern (hooded) | Rope (standard 50') | Hammer + 10 pitons | Flint & steel | Tinderbox | Cloak (wool hooded) | Boots (normal leather) | Gloves (leather) | Hat (leather) | War Hammer,16.56,NO,None,,4,2,4,0,3,163.2,78.9,-1,2,5,-3,4,6,2,9,-2,4,Aucun,2026-05-28 13:35:34
CH-00594,Human,Calishite,Calimshan,Metropolis,Groupe2_Sud_Marchand,Open Land Navigation,Streetwise (Urban Underworld) | Streetwise (Urban Underworld) | Smuggling Networks | Black Market Operations | Criminal Organizations & Syndicates,Fey & Feywild Knowledge | Geography of Faerûn | Spellplague & Its Aftermath,Leatherworking & Tanning | Magical Goldsmithing (Theoretical),Chondathan,Chondathan | Mulhorandi | Tashalan,3683,293.4,universal_standard,3,Wealthy,Rouncey | Light Crossbow | Sidesword | Tassets longs | Cutlass | Compass | Quiver,2665.0,1018,Belt (leather) + Belt pouch (large) | Map case + blank regional map | Lamp oil (flacon) x3 | Grappling hook | 10' pole | Crowbar (standard) | Bâton de marche / Walking Staff | Light Crossbow | Sidesword | Tassets longs | Cutlass | Compass | Quiver,Backpack (medium leather) | Tent 2-man leather | Sleeping furs (light) | Blanket (heavy) | Field rations (basic) x7 | Waterskin (1 gal) x2 | Canteen (1 pt) | Lantern (hooded) | Rope (standard 50') | Hammer + 10 pitons | Flint & steel | Tinderbox | Cloak (wool hooded) | Boots (normal leather) | Gloves (leather) | Hat (leather) | Rouncey,22.14,NO,None,,3,4,1,5,1,191.8,87.7,2,-4,7,9,-3,3,-1,5,0,10,Aucun,2026-05-28 13:35:34
CH-00595,Human,Tethyrian,Tethyr,Large Town,Groupe2_Sud_Marchand,Forest Stealth,Streetwise (Urban Underworld) | Urban Observation and Tailing | Urban Observation and Tailing | City Secrets & Hidden Routes,Dwarven Culture | History of Imaskar | Ruins & Major Archaeological Sites,Heraldry & Lineage,Thorass,Chondathan | Cormyrian | Elfique | Tethyrian,2051,293.4,universal_standard,1,Modest,"Fish trap | Hook, steel",528.0,1523,"Belt (leather) + Belt pouch (large) | Map case + blank regional map | Lamp oil (flacon) x3 | Grappling hook | 10' pole | Crowbar (standard) | Bâton de marche / Walking Staff | Hook, steel",Backpack (medium leather) | Tent 2-man leather | Sleeping furs (light) | Blanket (heavy) | Field rations (basic) x7 | Waterskin (1 gal) x2 | Canteen (1 pt) | Lantern (hooded) | Rope (standard 50') | Hammer + 10 pitons | Flint & steel | Tinderbox | Cloak (wool hooded) | Boots (normal leather) | Gloves (leather) | Hat (leather) | Fish trap,1.0,NO,None,,1,0,0,0,9,175.4,78.9,1,-2,2,-4,1,2,5,2,-5,0,Aucun,2026-05-28 13:35:34
CH-00596,Human,Tethyrian,Tethyr,Rural Village,Groupe2_Sud_Marchand,Plains Tracking | Wild Plant Foraging | Advanced Tracking | Forest Stealth,,Cultural Interactions | History of the Realms | Nobility & Heraldry | Dwarven Culture,Calligraphy & Illumination,Halruaan | Chondathan,Chondathan | Halruaan,1753,293.4,universal_standard,2,Comfortable,Close Helmet (Maximilian) | Courser,1595.0,158,Belt (leather) + Belt pouch (large) | Map case + blank regional map | Lamp oil (flacon) x3 | Grappling hook | 10' pole | Crowbar (standard) | Bâton de marche / Walking Staff | Close Helmet (Maximilian),Backpack (medium leather) | Tent 2-man leather | Sleeping furs (light) | Blanket (heavy) | Field rations (basic) x7 | Waterskin (1 gal) x2 | Canteen (1 pt) | Lantern (hooded) | Rope (standard 50') | Hammer + 10 pitons | Flint & steel | Tinderbox | Cloak (wool hooded) | Boots (normal leather) | Gloves (leather) | Hat (leather) | Courser,-2.64,YES,Théurgique,Magie Blanche,1,0,-4,-1,1,163.4,71.0,-1,4,1,-4,-2,1,-3,4,0,-1,Aucun,2026-05-28 13:35:34
CH-00597,Halfling,Lightfoot Halfling,Luiren,Farming Hamlet,Groupe3_Coeur_Continental,Complex Terrain Navigation | Forest Stealth | Wild Plant Foraging,,Major Religions & Deities | Divine Myths & Legends | Laws & Customs of Nations | Genasi & Elemental Peoples,Cartography,Chondathan,Chondathan | Gnomish,1027,293.4,universal_standard,1,Modest,Voulge | Kettle hat,760.0,267,Belt (leather) + Belt pouch (large) | Map case + blank regional map | Lamp oil (flacon) x3 | Grappling hook | 10' pole | Crowbar (standard) | Bâton de marche / Walking Staff | Voulge,Backpack (medium leather) | Tent 2-man leather | Sleeping furs (light) | Blanket (heavy) | Field rations (basic) x7 | Waterskin (1 gal) x2 | Canteen (1 pt) | Lantern (hooded) | Rope (standard 50') | Hammer + 10 pitons | Flint & steel | Tinderbox | Cloak (wool hooded) | Boots (normal leather) | Gloves (leather) | Hat (leather) | Kettle hat,-9.49,YES,Sauvage,Magie Bleue,-16,-8,3,-7,-4,117.0,26.1,-8,8,1,-4,5,6,0,2,13,-1,Furtivité,2026-05-28 13:35:34
CH-00598,Halfling,Ghostwise Halfling,Wealdath,Forest Village,Groupe3_Coeur_Continental,Complex Terrain Navigation | Open Land Navigation | Forest Stealth | Plains Tracking,Noble Houses & Court Intrigue,"Festivals, Calendars & Traditions | Major Cities & Regions",Animal Husbandry & Training | Masonry | Weapons & Armor Smithing,None,Chondathan | Elfique | Elven High Speech | Uthgardt,644,293.4,universal_standard,0,None,"Pegleg, wooden | Buckler",228.0,416,"Belt (leather) + Belt pouch (large) | Map case + blank regional map | Lamp oil (flacon) x3 | Grappling hook | 10' pole | Crowbar (standard) | Bâton de marche / Walking Staff | Pegleg, wooden | Buckler",Backpack (medium leather) | Tent 2-man leather | Sleeping furs (light) | Blanket (heavy) | Field rations (basic) x7 | Waterskin (1 gal) x2 | Canteen (1 pt) | Lantern (hooded) | Rope (standard 50') | Hammer + 10 pitons | Flint & steel | Tinderbox | Cloak (wool hooded) | Boots (normal leather) | Gloves (leather) | Hat (leather),-10.47,YES,Arcanique,Magicien,-18,-5,0,-2,-8,128.0,24.7,-6,9,3,7,-2,-3,-1,6,21,5,Télépathie,2026-05-28 13:35:34
CH-00599,Dwarf,Gold Dwarf,Great Rift,Mining Camp,Groupe6_Bloc_Nain,Underground Navigation | Technical Rock Climbing | Complex Terrain Navigation,,Orc & Goblinoid Culture | History of Imaskar | Cultural Interactions | Fey & Feywild Knowledge,Embroidery & Fine Sewing,Nain,Nain,718,293.4,universal_standard,0,None,Cloak (wool) | Target shield,44.0,674,Belt (leather) + Belt pouch (large) | Map case + blank regional map | Lamp oil (flacon) x3 | Grappling hook | 10' pole | Crowbar (standard) | Bâton de marche / Walking Staff | Target shield,Backpack (medium leather) | Tent 2-man leather | Sleeping furs (light) | Blanket (heavy) | Field rations (basic) x7 | Waterskin (1 gal) x2 | Canteen (1 pt) | Lantern (hooded) | Rope (standard 50') | Hammer + 10 pitons | Flint & steel | Tinderbox | Cloak (wool hooded) | Boots (normal leather) | Gloves (leather) | Hat (leather) | Cloak (wool),25.9,NO,None,,7,2,5,-6,3,129.1,83.2,-6,4,0,-3,6,8,-1,0,-1,-1,Vision dans le noir + Robustesse naine,2026-05-28 13:35:34
CH-00600,Human,Chondathan,Western Heartlands,Small Town,Groupe3_Coeur_Continental,Plains Tracking | Advanced Tracking,Streetwise (Urban Underworld) | Urban Observation and Tailing | Urban Observation and Tailing,Court Etiquette & Protocol | Major Cities & Regions | Divine Myths & Legends,Weaving & Spinning | Embroidery & Fine Sewing | Cartography,Turmish,Chondathan | Turmish,1217,293.4,universal_standard,2,Comfortable,Bill | Plackart,1170.0,47,Belt (leather) + Belt pouch (large) | Map case + blank regional map | Lamp oil (flacon) x3 | Grappling hook | 10' pole | Crowbar (standard) | Bâton de marche / Walking Staff | Bill | Plackart,Backpack (medium leather) | Tent 2-man leather | Sleeping furs (light) | Blanket (heavy) | Field rations (basic) x7 | Waterskin (1 gal) x2 | Canteen (1 pt) | Lantern (hooded) | Rope (standard 50') | Hammer + 10 pitons | Flint & steel | Tinderbox | Cloak (wool hooded) | Boots (normal leather) | Gloves (leather) | Hat (leather),3.12,NO,None,,2,0,-3,2,14,202.2,97.4,4,-11,5,-2,-3,6,-4,4,-13,4,Aucun,2026-05-28 13:35:34
